t_idx,DateTime,HourOfDay,DayOfWeek,IsWeekend
0,2004-03-10 18:00,18,4,0
1,2004-03-10 19:00,19,4,0
2,2004-03-10 20:00,20,4,0
3,2004-03-10 21:00,21,4,0
4,2004-03-10 22:00,22,4,0
5,2004-03-10 23:00,23,4,0
6,2004-03-11 00:00,0,5,0
7,2004-03-11 01:00,1,5,0
8,2004-03-11 02:00,2,5,0
9,2004-03-11 03:00,3,5,0
10,2004-03-11 04:00,4,5,0
11,2004-03-11 05:00,5,5,0
12,2004-03-11 06:00,6,5,0
13,2004-03-11 07:00,7,5,0
14,2004-03-11 08:00,8,5,0
15,2004-03-11 09:00,9,5,0
16,2004-03-11 10:00,10,5,0
17,2004-03-11 11:00,11,5,0
18,2004-03-11 12:00,12,5,0
19,2004-03-11 13:00,13,5,0
20,2004-03-11 14:00,14,5,0
21,2004-03-11 15:00,15,5,0
22,2004-03-11 16:00,16,5,0
23,2004-03-11 17:00,17,5,0
24,2004-03-11 18:00,18,5,0
25,2004-03-11 19:00,19,5,0
26,2004-03-11 20:00,20,5,0
27,2004-03-11 21:00,21,5,0
28,2004-03-11 22:00,22,5,0
29,2004-03-11 23:00,23,5,0
30,2004-03-12 00:00,0,6,0
31,2004-03-12 01:00,1,6,0
32,2004-03-12 02:00,2,6,0
33,2004-03-12 03:00,3,6,0
34,2004-03-12 04:00,4,6,0
35,2004-03-12 05:00,5,6,0
36,2004-03-12 06:00,6,6,0
37,2004-03-12 07:00,7,6,0
38,2004-03-12 08:00,8,6,0
39,2004-03-12 09:00,9,6,0
40,2004-03-12 10:00,10,6,0
41,2004-03-12 11:00,11,6,0
42,2004-03-12 12:00,12,6,0
43,2004-03-12 13:00,13,6,0
44,2004-03-12 14:00,14,6,0
45,2004-03-12 15:00,15,6,0
46,2004-03-12 16:00,16,6,0
47,2004-03-12 17:00,17,6,0
48,2004-03-12 18:00,18,6,0
49,2004-03-12 19:00,19,6,0
50,2004-03-12 20:00,20,6,0
51,2004-03-12 21:00,21,6,0
52,2004-03-12 22:00,22,6,0
53,2004-03-12 23:00,23,6,0
54,2004-03-13 00:00,0,7,1
55,2004-03-13 01:00,1,7,1
56,2004-03-13 02:00,2,7,1
57,2004-03-13 03:00,3,7,1
58,2004-03-13 04:00,4,7,1
59,2004-03-13 05:00,5,7,1
60,2004-03-13 06:00,6,7,1
61,2004-03-13 07:00,7,7,1
62,2004-03-13 08:00,8,7,1
63,2004-03-13 09:00,9,7,1
64,2004-03-13 10:00,10,7,1
65,2004-03-13 11:00,11,7,1
66,2004-03-13 12:00,12,7,1
67,2004-03-13 13:00,13,7,1
68,2004-03-13 14:00,14,7,1
69,2004-03-13 15:00,15,7,1
70,2004-03-13 16:00,16,7,1
71,2004-03-13 17:00,17,7,1
72,2004-03-13 18:00,18,7,1
73,2004-03-13 19:00,19,7,1
74,2004-03-13 20:00,20,7,1
75,2004-03-13 21:00,21,7,1
76,2004-03-13 22:00,22,7,1
77,2004-03-13 23:00,23,7,1
78,2004-03-14 00:00,0,1,1
79,2004-03-14 01:00,1,1,1
80,2004-03-14 02:00,2,1,1
81,2004-03-14 03:00,3,1,1
82,2004-03-14 04:00,4,1,1
83,2004-03-14 05:00,5,1,1
84,2004-03-14 06:00,6,1,1
85,2004-03-14 07:00,7,1,1
86,2004-03-14 08:00,8,1,1
87,2004-03-14 09:00,9,1,1
88,2004-03-14 10:00,10,1,1
89,2004-03-14 11:00,11,1,1
90,2004-03-14 12:00,12,1,1
91,2004-03-14 13:00,13,1,1
92,2004-03-14 14:00,14,1,1
93,2004-03-14 15:00,15,1,1
94,2004-03-14 16:00,16,1,1
95,2004-03-14 17:00,17,1,1
96,2004-03-14 18:00,18,1,1
97,2004-03-14 19:00,19,1,1
98,2004-03-14 20:00,20,1,1
99,2004-03-14 21:00,21,1,1
100,2004-03-14 22:00,22,1,1
101,2004-03-14 23:00,23,1,1
102,2004-03-15 00:00,0,2,0
103,2004-03-15 01:00,1,2,0
104,2004-03-15 02:00,2,2,0
105,2004-03-15 03:00,3,2,0
106,2004-03-15 04:00,4,2,0
107,2004-03-15 05:00,5,2,0
108,2004-03-15 06:00,6,2,0
109,2004-03-15 07:00,7,2,0
110,2004-03-15 08:00,8,2,0
111,2004-03-15 09:00,9,2,0
112,2004-03-15 10:00,10,2,0
113,2004-03-15 11:00,11,2,0
114,2004-03-15 12:00,12,2,0
115,2004-03-15 13:00,13,2,0
116,2004-03-15 14:00,14,2,0
117,2004-03-15 15:00,15,2,0
118,2004-03-15 16:00,16,2,0
119,2004-03-15 17:00,17,2,0
120,2004-03-15 18:00,18,2,0
121,2004-03-15 19:00,19,2,0
122,2004-03-15 20:00,20,2,0
123,2004-03-15 21:00,21,2,0
124,2004-03-15 22:00,22,2,0
125,2004-03-15 23:00,23,2,0
126,2004-03-16 00:00,0,3,0
127,2004-03-16 01:00,1,3,0
128,2004-03-16 02:00,2,3,0
129,2004-03-16 03:00,3,3,0
130,2004-03-16 04:00,4,3,0
131,2004-03-16 05:00,5,3,0
132,2004-03-16 06:00,6,3,0
133,2004-03-16 07:00,7,3,0
134,2004-03-16 08:00,8,3,0
135,2004-03-16 09:00,9,3,0
136,2004-03-16 10:00,10,3,0
137,2004-03-16 11:00,11,3,0
138,2004-03-16 12:00,12,3,0
139,2004-03-16 13:00,13,3,0
140,2004-03-16 14:00,14,3,0
141,2004-03-16 15:00,15,3,0
142,2004-03-16 16:00,16,3,0
143,2004-03-16 17:00,17,3,0
144,2004-03-16 18:00,18,3,0
145,2004-03-16 19:00,19,3,0
146,2004-03-16 20:00,20,3,0
147,2004-03-16 21:00,21,3,0
148,2004-03-16 22:00,22,3,0
149,2004-03-16 23:00,23,3,0
150,2004-03-17 00:00,0,4,0
151,2004-03-17 01:00,1,4,0
152,2004-03-17 02:00,2,4,0
153,2004-03-17 03:00,3,4,0
154,2004-03-17 04:00,4,4,0
155,2004-03-17 05:00,5,4,0
156,2004-03-17 06:00,6,4,0
157,2004-03-17 07:00,7,4,0
158,2004-03-17 08:00,8,4,0
159,2004-03-17 09:00,9,4,0
160,2004-03-17 10:00,10,4,0
161,2004-03-17 11:00,11,4,0
162,2004-03-17 12:00,12,4,0
163,2004-03-17 13:00,13,4,0
164,2004-03-17 14:00,14,4,0
165,2004-03-17 15:00,15,4,0
166,2004-03-17 16:00,16,4,0
167,2004-03-17 17:00,17,4,0
168,2004-03-17 18:00,18,4,0
169,2004-03-17 19:00,19,4,0
170,2004-03-17 20:00,20,4,0
171,2004-03-17 21:00,21,4,0
172,2004-03-17 22:00,22,4,0
173,2004-03-17 23:00,23,4,0
174,2004-03-18 00:00,0,5,0
175,2004-03-18 01:00,1,5,0
176,2004-03-18 02:00,2,5,0
177,2004-03-18 03:00,3,5,0
178,2004-03-18 04:00,4,5,0
179,2004-03-18 05:00,5,5,0
180,2004-03-18 06:00,6,5,0
181,2004-03-18 07:00,7,5,0
182,2004-03-18 08:00,8,5,0
183,2004-03-18 09:00,9,5,0
184,2004-03-18 10:00,10,5,0
185,2004-03-18 11:00,11,5,0
186,2004-03-18 12:00,12,5,0
187,2004-03-18 13:00,13,5,0
188,2004-03-18 14:00,14,5,0
189,2004-03-18 15:00,15,5,0
190,2004-03-18 16:00,16,5,0
191,2004-03-18 17:00,17,5,0
192,2004-03-18 18:00,18,5,0
193,2004-03-18 19:00,19,5,0
194,2004-03-18 20:00,20,5,0
195,2004-03-18 21:00,21,5,0
196,2004-03-18 22:00,22,5,0
197,2004-03-18 23:00,23,5,0
198,2004-03-19 00:00,0,6,0
199,2004-03-19 01:00,1,6,0
200,2004-03-19 02:00,2,6,0
201,2004-03-19 03:00,3,6,0
202,2004-03-19 04:00,4,6,0
203,2004-03-19 05:00,5,6,0
204,2004-03-19 06:00,6,6,0
205,2004-03-19 07:00,7,6,0
206,2004-03-19 08:00,8,6,0
207,2004-03-19 09:00,9,6,0
208,2004-03-19 10:00,10,6,0
209,2004-03-19 11:00,11,6,0
210,2004-03-19 12:00,12,6,0
211,2004-03-19 13:00,13,6,0
212,2004-03-19 14:00,14,6,0
213,2004-03-19 15:00,15,6,0
214,2004-03-19 16:00,16,6,0
215,2004-03-19 17:00,17,6,0
216,2004-03-19 18:00,18,6,0
217,2004-03-19 19:00,19,6,0
218,2004-03-19 20:00,20,6,0
219,2004-03-19 21:00,21,6,0
220,2004-03-19 22:00,22,6,0
221,2004-03-19 23:00,23,6,0
222,2004-03-20 00:00,0,7,1
223,2004-03-20 01:00,1,7,1
224,2004-03-20 02:00,2,7,1
225,2004-03-20 03:00,3,7,1
226,2004-03-20 04:00,4,7,1
227,2004-03-20 05:00,5,7,1
228,2004-03-20 06:00,6,7,1
229,2004-03-20 07:00,7,7,1
230,2004-03-20 08:00,8,7,1
231,2004-03-20 09:00,9,7,1
232,2004-03-20 10:00,10,7,1
233,2004-03-20 11:00,11,7,1
234,2004-03-20 12:00,12,7,1
235,2004-03-20 13:00,13,7,1
236,2004-03-20 14:00,14,7,1
237,2004-03-20 15:00,15,7,1
238,2004-03-20 16:00,16,7,1
239,2004-03-20 17:00,17,7,1
240,2004-03-20 18:00,18,7,1
241,2004-03-20 19:00,19,7,1
242,2004-03-20 20:00,20,7,1
243,2004-03-20 21:00,21,7,1
244,2004-03-20 22:00,22,7,1
245,2004-03-20 23:00,23,7,1
246,2004-03-21 00:00,0,1,1
247,2004-03-21 01:00,1,1,1
248,2004-03-21 02:00,2,1,1
249,2004-03-21 03:00,3,1,1
250,2004-03-21 04:00,4,1,1
251,2004-03-21 05:00,5,1,1
252,2004-03-21 06:00,6,1,1
253,2004-03-21 07:00,7,1,1
254,2004-03-21 08:00,8,1,1
255,2004-03-21 09:00,9,1,1
256,2004-03-21 10:00,10,1,1
257,2004-03-21 11:00,11,1,1
258,2004-03-21 12:00,12,1,1
259,2004-03-21 13:00,13,1,1
260,2004-03-21 14:00,14,1,1
261,2004-03-21 15:00,15,1,1
262,2004-03-21 16:00,16,1,1
263,2004-03-21 17:00,17,1,1
264,2004-03-21 18:00,18,1,1
265,2004-03-21 19:00,19,1,1
266,2004-03-21 20:00,20,1,1
267,2004-03-21 21:00,21,1,1
268,2004-03-21 22:00,22,1,1
269,2004-03-21 23:00,23,1,1
270,2004-03-22 00:00,0,2,0
271,2004-03-22 01:00,1,2,0
272,2004-03-22 02:00,2,2,0
273,2004-03-22 03:00,3,2,0
274,2004-03-22 04:00,4,2,0
275,2004-03-22 05:00,5,2,0
276,2004-03-22 06:00,6,2,0
277,2004-03-22 07:00,7,2,0
278,2004-03-22 08:00,8,2,0
279,2004-03-22 09:00,9,2,0
280,2004-03-22 10:00,10,2,0
281,2004-03-22 11:00,11,2,0
282,2004-03-22 12:00,12,2,0
283,2004-03-22 13:00,13,2,0
284,2004-03-22 14:00,14,2,0
285,2004-03-22 15:00,15,2,0
286,2004-03-22 16:00,16,2,0
287,2004-03-22 17:00,17,2,0
288,2004-03-22 18:00,18,2,0
289,2004-03-22 19:00,19,2,0
290,2004-03-22 20:00,20,2,0
291,2004-03-22 21:00,21,2,0
292,2004-03-22 22:00,22,2,0
293,2004-03-22 23:00,23,2,0
294,2004-03-23 00:00,0,3,0
295,2004-03-23 01:00,1,3,0
296,2004-03-23 02:00,2,3,0
297,2004-03-23 03:00,3,3,0
298,2004-03-23 04:00,4,3,0
299,2004-03-23 05:00,5,3,0
300,2004-03-23 06:00,6,3,0
301,2004-03-23 07:00,7,3,0
302,2004-03-23 08:00,8,3,0
303,2004-03-23 09:00,9,3,0
304,2004-03-23 10:00,10,3,0
305,2004-03-23 11:00,11,3,0
306,2004-03-23 12:00,12,3,0
307,2004-03-23 13:00,13,3,0
308,2004-03-23 14:00,14,3,0
309,2004-03-23 15:00,15,3,0
310,2004-03-23 16:00,16,3,0
311,2004-03-23 17:00,17,3,0
312,2004-03-23 18:00,18,3,0
313,2004-03-23 19:00,19,3,0
314,2004-03-23 20:00,20,3,0
315,2004-03-23 21:00,21,3,0
316,2004-03-23 22:00,22,3,0
317,2004-03-23 23:00,23,3,0
318,2004-03-24 00:00,0,4,0
319,2004-03-24 01:00,1,4,0
320,2004-03-24 02:00,2,4,0
321,2004-03-24 03:00,3,4,0
322,2004-03-24 04:00,4,4,0
323,2004-03-24 05:00,5,4,0
324,2004-03-24 06:00,6,4,0
325,2004-03-24 07:00,7,4,0
326,2004-03-24 08:00,8,4,0
327,2004-03-24 09:00,9,4,0
328,2004-03-24 10:00,10,4,0
329,2004-03-24 11:00,11,4,0
330,2004-03-24 12:00,12,4,0
331,2004-03-24 13:00,13,4,0
332,2004-03-24 14:00,14,4,0
333,2004-03-24 15:00,15,4,0
334,2004-03-24 16:00,16,4,0
335,2004-03-24 17:00,17,4,0
336,2004-03-24 18:00,18,4,0
337,2004-03-24 19:00,19,4,0
338,2004-03-24 20:00,20,4,0
339,2004-03-24 21:00,21,4,0
340,2004-03-24 22:00,22,4,0
341,2004-03-24 23:00,23,4,0
342,2004-03-25 00:00,0,5,0
343,2004-03-25 01:00,1,5,0
344,2004-03-25 02:00,2,5,0
345,2004-03-25 03:00,3,5,0
346,2004-03-25 04:00,4,5,0
347,2004-03-25 05:00,5,5,0
348,2004-03-25 06:00,6,5,0
349,2004-03-25 07:00,7,5,0
350,2004-03-25 08:00,8,5,0
351,2004-03-25 09:00,9,5,0
352,2004-03-25 10:00,10,5,0
353,2004-03-25 11:00,11,5,0
354,2004-03-25 12:00,12,5,0
355,2004-03-25 13:00,13,5,0
356,2004-03-25 14:00,14,5,0
357,2004-03-25 15:00,15,5,0
358,2004-03-25 16:00,16,5,0
359,2004-03-25 17:00,17,5,0
360,2004-03-25 18:00,18,5,0
361,2004-03-25 19:00,19,5,0
362,2004-03-25 20:00,20,5,0
363,2004-03-25 21:00,21,5,0
364,2004-03-25 22:00,22,5,0
365,2004-03-25 23:00,23,5,0
366,2004-03-26 00:00,0,6,0
367,2004-03-26 01:00,1,6,0
368,2004-03-26 02:00,2,6,0
369,2004-03-26 03:00,3,6,0
370,2004-03-26 04:00,4,6,0
371,2004-03-26 05:00,5,6,0
372,2004-03-26 06:00,6,6,0
373,2004-03-26 07:00,7,6,0
374,2004-03-26 08:00,8,6,0
375,2004-03-26 09:00,9,6,0
376,2004-03-26 10:00,10,6,0
377,2004-03-26 11:00,11,6,0
378,2004-03-26 12:00,12,6,0
379,2004-03-26 13:00,13,6,0
380,2004-03-26 14:00,14,6,0
381,2004-03-26 15:00,15,6,0
382,2004-03-26 16:00,16,6,0
383,2004-03-26 17:00,17,6,0
384,2004-03-26 18:00,18,6,0
385,2004-03-26 19:00,19,6,0
386,2004-03-26 20:00,20,6,0
387,2004-03-26 21:00,21,6,0
388,2004-03-26 22:00,22,6,0
389,2004-03-26 23:00,23,6,0
390,2004-03-27 00:00,0,7,1
391,2004-03-27 01:00,1,7,1
392,2004-03-27 02:00,2,7,1
393,2004-03-27 03:00,3,7,1
394,2004-03-27 04:00,4,7,1
395,2004-03-27 05:00,5,7,1
396,2004-03-27 06:00,6,7,1
397,2004-03-27 07:00,7,7,1
398,2004-03-27 08:00,8,7,1
399,2004-03-27 09:00,9,7,1
400,2004-03-27 10:00,10,7,1
401,2004-03-27 11:00,11,7,1
402,2004-03-27 12:00,12,7,1
403,2004-03-27 13:00,13,7,1
404,2004-03-27 14:00,14,7,1
405,2004-03-27 15:00,15,7,1
406,2004-03-27 16:00,16,7,1
407,2004-03-27 17:00,17,7,1
408,2004-03-27 18:00,18,7,1
409,2004-03-27 19:00,19,7,1
410,2004-03-27 20:00,20,7,1
411,2004-03-27 21:00,21,7,1
412,2004-03-27 22:00,22,7,1
413,2004-03-27 23:00,23,7,1
414,2004-03-28 00:00,0,1,1
415,2004-03-28 01:00,1,1,1
416,2004-03-28 02:00,2,1,1
417,2004-03-28 03:00,3,1,1
418,2004-03-28 04:00,4,1,1
419,2004-03-28 05:00,5,1,1
420,2004-03-28 06:00,6,1,1
421,2004-03-28 07:00,7,1,1
422,2004-03-28 08:00,8,1,1
423,2004-03-28 09:00,9,1,1
424,2004-03-28 10:00,10,1,1
425,2004-03-28 11:00,11,1,1
426,2004-03-28 12:00,12,1,1
427,2004-03-28 13:00,13,1,1
428,2004-03-28 14:00,14,1,1
429,2004-03-28 15:00,15,1,1
430,2004-03-28 16:00,16,1,1
431,2004-03-28 17:00,17,1,1
432,2004-03-28 18:00,18,1,1
433,2004-03-28 19:00,19,1,1
434,2004-03-28 20:00,20,1,1
435,2004-03-28 21:00,21,1,1
436,2004-03-28 22:00,22,1,1
437,2004-03-28 23:00,23,1,1
438,2004-03-29 00:00,0,2,0
439,2004-03-29 01:00,1,2,0
440,2004-03-29 02:00,2,2,0
441,2004-03-29 03:00,3,2,0
442,2004-03-29 04:00,4,2,0
443,2004-03-29 05:00,5,2,0
444,2004-03-29 06:00,6,2,0
445,2004-03-29 07:00,7,2,0
446,2004-03-29 08:00,8,2,0
447,2004-03-29 09:00,9,2,0
448,2004-03-29 10:00,10,2,0
449,2004-03-29 11:00,11,2,0
450,2004-03-29 12:00,12,2,0
451,2004-03-29 13:00,13,2,0
452,2004-03-29 14:00,14,2,0
453,2004-03-29 15:00,15,2,0
454,2004-03-29 16:00,16,2,0
455,2004-03-29 17:00,17,2,0
456,2004-03-29 18:00,18,2,0
457,2004-03-29 19:00,19,2,0
458,2004-03-29 20:00,20,2,0
459,2004-03-29 21:00,21,2,0
460,2004-03-29 22:00,22,2,0
461,2004-03-29 23:00,23,2,0
462,2004-03-30 00:00,0,3,0
463,2004-03-30 01:00,1,3,0
464,2004-03-30 02:00,2,3,0
465,2004-03-30 03:00,3,3,0
466,2004-03-30 04:00,4,3,0
467,2004-03-30 05:00,5,3,0
468,2004-03-30 06:00,6,3,0
469,2004-03-30 07:00,7,3,0
470,2004-03-30 08:00,8,3,0
471,2004-03-30 09:00,9,3,0
472,2004-03-30 10:00,10,3,0
473,2004-03-30 11:00,11,3,0
474,2004-03-30 12:00,12,3,0
475,2004-03-30 13:00,13,3,0
476,2004-03-30 14:00,14,3,0
477,2004-03-30 15:00,15,3,0
478,2004-03-30 16:00,16,3,0
479,2004-03-30 17:00,17,3,0
480,2004-03-30 18:00,18,3,0
481,2004-03-30 19:00,19,3,0
482,2004-03-30 20:00,20,3,0
483,2004-03-30 21:00,21,3,0
484,2004-03-30 22:00,22,3,0
485,2004-03-30 23:00,23,3,0
486,2004-03-31 00:00,0,4,0
487,2004-03-31 01:00,1,4,0
488,2004-03-31 02:00,2,4,0
489,2004-03-31 03:00,3,4,0
490,2004-03-31 04:00,4,4,0
491,2004-03-31 05:00,5,4,0
492,2004-03-31 06:00,6,4,0
493,2004-03-31 07:00,7,4,0
494,2004-03-31 08:00,8,4,0
495,2004-03-31 09:00,9,4,0
496,2004-03-31 10:00,10,4,0
497,2004-03-31 11:00,11,4,0
498,2004-03-31 12:00,12,4,0
499,2004-03-31 13:00,13,4,0
500,2004-03-31 14:00,14,4,0
501,2004-03-31 15:00,15,4,0
502,2004-03-31 16:00,16,4,0
503,2004-03-31 17:00,17,4,0
504,2004-03-31 18:00,18,4,0
505,2004-03-31 19:00,19,4,0
506,2004-03-31 20:00,20,4,0
507,2004-03-31 21:00,21,4,0
508,2004-03-31 22:00,22,4,0
509,2004-03-31 23:00,23,4,0
510,2004-04-01 00:00,0,5,0
511,2004-04-01 01:00,1,5,0
512,2004-04-01 02:00,2,5,0
513,2004-04-01 03:00,3,5,0
514,2004-04-01 04:00,4,5,0
515,2004-04-01 05:00,5,5,0
516,2004-04-01 06:00,6,5,0
517,2004-04-01 07:00,7,5,0
518,2004-04-01 08:00,8,5,0
519,2004-04-01 09:00,9,5,0
520,2004-04-01 10:00,10,5,0
521,2004-04-01 11:00,11,5,0
522,2004-04-01 12:00,12,5,0
523,2004-04-01 13:00,13,5,0
524,2004-04-01 14:00,14,5,0
525,2004-04-01 15:00,15,5,0
526,2004-04-01 16:00,16,5,0
527,2004-04-01 17:00,17,5,0
528,2004-04-01 18:00,18,5,0
529,2004-04-01 19:00,19,5,0
530,2004-04-01 20:00,20,5,0
531,2004-04-01 21:00,21,5,0
532,2004-04-01 22:00,22,5,0
533,2004-04-01 23:00,23,5,0
534,2004-04-02 00:00,0,6,0
535,2004-04-02 01:00,1,6,0
536,2004-04-02 02:00,2,6,0
537,2004-04-02 03:00,3,6,0
538,2004-04-02 04:00,4,6,0
539,2004-04-02 05:00,5,6,0
540,2004-04-02 06:00,6,6,0
541,2004-04-02 07:00,7,6,0
542,2004-04-02 08:00,8,6,0
543,2004-04-02 09:00,9,6,0
544,2004-04-02 10:00,10,6,0
545,2004-04-02 11:00,11,6,0
546,2004-04-02 12:00,12,6,0
547,2004-04-02 13:00,13,6,0
548,2004-04-02 14:00,14,6,0
549,2004-04-02 15:00,15,6,0
550,2004-04-02 16:00,16,6,0
551,2004-04-02 17:00,17,6,0
552,2004-04-02 18:00,18,6,0
553,2004-04-02 19:00,19,6,0
554,2004-04-02 20:00,20,6,0
555,2004-04-02 21:00,21,6,0
556,2004-04-02 22:00,22,6,0
557,2004-04-02 23:00,23,6,0
558,2004-04-03 00:00,0,7,1
559,2004-04-03 01:00,1,7,1
560,2004-04-03 02:00,2,7,1
561,2004-04-03 03:00,3,7,1
562,2004-04-03 04:00,4,7,1
563,2004-04-03 05:00,5,7,1
564,2004-04-03 06:00,6,7,1
565,2004-04-03 07:00,7,7,1
566,2004-04-03 08:00,8,7,1
567,2004-04-03 09:00,9,7,1
568,2004-04-03 10:00,10,7,1
569,2004-04-03 11:00,11,7,1
570,2004-04-03 12:00,12,7,1
571,2004-04-03 13:00,13,7,1
572,2004-04-03 14:00,14,7,1
573,2004-04-03 15:00,15,7,1
574,2004-04-03 16:00,16,7,1
575,2004-04-03 17:00,17,7,1
576,2004-04-03 18:00,18,7,1
577,2004-04-03 19:00,19,7,1
578,2004-04-03 20:00,20,7,1
579,2004-04-03 21:00,21,7,1
580,2004-04-03 22:00,22,7,1
581,2004-04-03 23:00,23,7,1
582,2004-04-04 00:00,0,1,1
583,2004-04-04 01:00,1,1,1
584,2004-04-04 02:00,2,1,1
585,2004-04-04 03:00,3,1,1
586,2004-04-04 04:00,4,1,1
587,2004-04-04 05:00,5,1,1
588,2004-04-04 06:00,6,1,1
589,2004-04-04 07:00,7,1,1
590,2004-04-04 08:00,8,1,1
591,2004-04-04 09:00,9,1,1
592,2004-04-04 10:00,10,1,1
593,2004-04-04 11:00,11,1,1
594,2004-04-04 12:00,12,1,1
595,2004-04-04 13:00,13,1,1
596,2004-04-04 14:00,14,1,1
597,2004-04-04 15:00,15,1,1
598,2004-04-04 16:00,16,1,1
599,2004-04-04 17:00,17,1,1
600,2004-04-04 18:00,18,1,1
601,2004-04-04 19:00,19,1,1
602,2004-04-04 20:00,20,1,1
603,2004-04-04 21:00,21,1,1
604,2004-04-04 22:00,22,1,1
605,2004-04-04 23:00,23,1,1
606,2004-04-05 00:00,0,2,0
607,2004-04-05 01:00,1,2,0
608,2004-04-05 02:00,2,2,0
609,2004-04-05 03:00,3,2,0
610,2004-04-05 04:00,4,2,0
611,2004-04-05 05:00,5,2,0
612,2004-04-05 06:00,6,2,0
613,2004-04-05 07:00,7,2,0
614,2004-04-05 08:00,8,2,0
615,2004-04-05 09:00,9,2,0
616,2004-04-05 10:00,10,2,0
617,2004-04-05 11:00,11,2,0
618,2004-04-05 12:00,12,2,0
619,2004-04-05 13:00,13,2,0
620,2004-04-05 14:00,14,2,0
621,2004-04-05 15:00,15,2,0
622,2004-04-05 16:00,16,2,0
623,2004-04-05 17:00,17,2,0
624,2004-04-05 18:00,18,2,0
625,2004-04-05 19:00,19,2,0
626,2004-04-05 20:00,20,2,0
627,2004-04-05 21:00,21,2,0
628,2004-04-05 22:00,22,2,0
629,2004-04-05 23:00,23,2,0
630,2004-04-06 00:00,0,3,0
631,2004-04-06 01:00,1,3,0
632,2004-04-06 02:00,2,3,0
633,2004-04-06 03:00,3,3,0
634,2004-04-06 04:00,4,3,0
635,2004-04-06 05:00,5,3,0
636,2004-04-06 06:00,6,3,0
637,2004-04-06 07:00,7,3,0
638,2004-04-06 08:00,8,3,0
639,2004-04-06 09:00,9,3,0
640,2004-04-06 10:00,10,3,0
641,2004-04-06 11:00,11,3,0
642,2004-04-06 12:00,12,3,0
643,2004-04-06 13:00,13,3,0
644,2004-04-06 14:00,14,3,0
645,2004-04-06 15:00,15,3,0
646,2004-04-06 16:00,16,3,0
647,2004-04-06 17:00,17,3,0
648,2004-04-06 18:00,18,3,0
649,2004-04-06 19:00,19,3,0
650,2004-04-06 20:00,20,3,0
651,2004-04-06 21:00,21,3,0
652,2004-04-06 22:00,22,3,0
653,2004-04-06 23:00,23,3,0
654,2004-04-07 00:00,0,4,0
655,2004-04-07 01:00,1,4,0
656,2004-04-07 02:00,2,4,0
657,2004-04-07 03:00,3,4,0
658,2004-04-07 04:00,4,4,0
659,2004-04-07 05:00,5,4,0
660,2004-04-07 06:00,6,4,0
661,2004-04-07 07:00,7,4,0
662,2004-04-07 08:00,8,4,0
663,2004-04-07 09:00,9,4,0
664,2004-04-07 10:00,10,4,0
665,2004-04-07 11:00,11,4,0
666,2004-04-07 12:00,12,4,0
667,2004-04-07 13:00,13,4,0
668,2004-04-07 14:00,14,4,0
669,2004-04-07 15:00,15,4,0
670,2004-04-07 16:00,16,4,0
671,2004-04-07 17:00,17,4,0
672,2004-04-07 18:00,18,4,0
673,2004-04-07 19:00,19,4,0
674,2004-04-07 20:00,20,4,0
675,2004-04-07 21:00,21,4,0
676,2004-04-07 22:00,22,4,0
677,2004-04-07 23:00,23,4,0
678,2004-04-08 00:00,0,5,0
679,2004-04-08 01:00,1,5,0
680,2004-04-08 02:00,2,5,0
681,2004-04-08 03:00,3,5,0
682,2004-04-08 04:00,4,5,0
683,2004-04-08 05:00,5,5,0
684,2004-04-08 06:00,6,5,0
685,2004-04-08 07:00,7,5,0
686,2004-04-08 08:00,8,5,0
687,2004-04-08 09:00,9,5,0
688,2004-04-08 10:00,10,5,0
689,2004-04-08 11:00,11,5,0
690,2004-04-08 12:00,12,5,0
691,2004-04-08 13:00,13,5,0
692,2004-04-08 14:00,14,5,0
693,2004-04-08 15:00,15,5,0
694,2004-04-08 16:00,16,5,0
695,2004-04-08 17:00,17,5,0
696,2004-04-08 18:00,18,5,0
697,2004-04-08 19:00,19,5,0
698,2004-04-08 20:00,20,5,0
699,2004-04-08 21:00,21,5,0
700,2004-04-08 22:00,22,5,0
701,2004-04-08 23:00,23,5,0
702,2004-04-09 00:00,0,6,0
703,2004-04-09 01:00,1,6,0
704,2004-04-09 02:00,2,6,0
705,2004-04-09 03:00,3,6,0
706,2004-04-09 04:00,4,6,0
707,2004-04-09 05:00,5,6,0
708,2004-04-09 06:00,6,6,0
709,2004-04-09 07:00,7,6,0
710,2004-04-09 08:00,8,6,0
711,2004-04-09 09:00,9,6,0
712,2004-04-09 10:00,10,6,0
713,2004-04-09 11:00,11,6,0
714,2004-04-09 12:00,12,6,0
715,2004-04-09 13:00,13,6,0
716,2004-04-09 14:00,14,6,0
717,2004-04-09 15:00,15,6,0
718,2004-04-09 16:00,16,6,0
719,2004-04-09 17:00,17,6,0
720,2004-04-09 18:00,18,6,0
721,2004-04-09 19:00,19,6,0
722,2004-04-09 20:00,20,6,0
723,2004-04-09 21:00,21,6,0
724,2004-04-09 22:00,22,6,0
725,2004-04-09 23:00,23,6,0
726,2004-04-10 00:00,0,7,1
727,2004-04-10 01:00,1,7,1
728,2004-04-10 02:00,2,7,1
729,2004-04-10 03:00,3,7,1
730,2004-04-10 04:00,4,7,1
731,2004-04-10 05:00,5,7,1
732,2004-04-10 06:00,6,7,1
733,2004-04-10 07:00,7,7,1
734,2004-04-10 08:00,8,7,1
735,2004-04-10 09:00,9,7,1
736,2004-04-10 10:00,10,7,1
737,2004-04-10 11:00,11,7,1
738,2004-04-10 12:00,12,7,1
739,2004-04-10 13:00,13,7,1
740,2004-04-10 14:00,14,7,1
741,2004-04-10 15:00,15,7,1
742,2004-04-10 16:00,16,7,1
743,2004-04-10 17:00,17,7,1
744,2004-04-10 18:00,18,7,1
745,2004-04-10 19:00,19,7,1
746,2004-04-10 20:00,20,7,1
747,2004-04-10 21:00,21,7,1
748,2004-04-10 22:00,22,7,1
749,2004-04-10 23:00,23,7,1
750,2004-04-11 00:00,0,1,1
751,2004-04-11 01:00,1,1,1
752,2004-04-11 02:00,2,1,1
753,2004-04-11 03:00,3,1,1
754,2004-04-11 04:00,4,1,1
755,2004-04-11 05:00,5,1,1
756,2004-04-11 06:00,6,1,1
757,2004-04-11 07:00,7,1,1
758,2004-04-11 08:00,8,1,1
759,2004-04-11 09:00,9,1,1
760,2004-04-11 10:00,10,1,1
761,2004-04-11 11:00,11,1,1
762,2004-04-11 12:00,12,1,1
763,2004-04-11 13:00,13,1,1
764,2004-04-11 14:00,14,1,1
765,2004-04-11 15:00,15,1,1
766,2004-04-11 16:00,16,1,1
767,2004-04-11 17:00,17,1,1
768,2004-04-11 18:00,18,1,1
769,2004-04-11 19:00,19,1,1
770,2004-04-11 20:00,20,1,1
771,2004-04-11 21:00,21,1,1
772,2004-04-11 22:00,22,1,1
773,2004-04-11 23:00,23,1,1
774,2004-04-12 00:00,0,2,0
775,2004-04-12 01:00,1,2,0
776,2004-04-12 02:00,2,2,0
777,2004-04-12 03:00,3,2,0
778,2004-04-12 04:00,4,2,0
779,2004-04-12 05:00,5,2,0
780,2004-04-12 06:00,6,2,0
781,2004-04-12 07:00,7,2,0
782,2004-04-12 08:00,8,2,0
783,2004-04-12 09:00,9,2,0
784,2004-04-12 10:00,10,2,0
785,2004-04-12 11:00,11,2,0
786,2004-04-12 12:00,12,2,0
787,2004-04-12 13:00,13,2,0
788,2004-04-12 14:00,14,2,0
789,2004-04-12 15:00,15,2,0
790,2004-04-12 16:00,16,2,0
791,2004-04-12 17:00,17,2,0
792,2004-04-12 18:00,18,2,0
793,2004-04-12 19:00,19,2,0
794,2004-04-12 20:00,20,2,0
795,2004-04-12 21:00,21,2,0
796,2004-04-12 22:00,22,2,0
797,2004-04-12 23:00,23,2,0
798,2004-04-13 00:00,0,3,0
799,2004-04-13 01:00,1,3,0
800,2004-04-13 02:00,2,3,0
801,2004-04-13 03:00,3,3,0
802,2004-04-13 04:00,4,3,0
803,2004-04-13 05:00,5,3,0
804,2004-04-13 06:00,6,3,0
805,2004-04-13 07:00,7,3,0
806,2004-04-13 08:00,8,3,0
807,2004-04-13 09:00,9,3,0
808,2004-04-13 10:00,10,3,0
809,2004-04-13 11:00,11,3,0
810,2004-04-13 12:00,12,3,0
811,2004-04-13 13:00,13,3,0
812,2004-04-13 14:00,14,3,0
813,2004-04-13 15:00,15,3,0
814,2004-04-13 16:00,16,3,0
815,2004-04-13 17:00,17,3,0
816,2004-04-13 18:00,18,3,0
817,2004-04-13 19:00,19,3,0
818,2004-04-13 20:00,20,3,0
819,2004-04-13 21:00,21,3,0
820,2004-04-13 22:00,22,3,0
821,2004-04-13 23:00,23,3,0
822,2004-04-14 00:00,0,4,0
823,2004-04-14 01:00,1,4,0
824,2004-04-14 02:00,2,4,0
825,2004-04-14 03:00,3,4,0
826,2004-04-14 04:00,4,4,0
827,2004-04-14 05:00,5,4,0
828,2004-04-14 06:00,6,4,0
829,2004-04-14 07:00,7,4,0
830,2004-04-14 08:00,8,4,0
831,2004-04-14 09:00,9,4,0
832,2004-04-14 10:00,10,4,0
833,2004-04-14 11:00,11,4,0
834,2004-04-14 12:00,12,4,0
835,2004-04-14 13:00,13,4,0
836,2004-04-14 14:00,14,4,0
837,2004-04-14 15:00,15,4,0
838,2004-04-14 16:00,16,4,0
839,2004-04-14 17:00,17,4,0
840,2004-04-14 18:00,18,4,0
841,2004-04-14 19:00,19,4,0
842,2004-04-14 20:00,20,4,0
843,2004-04-14 21:00,21,4,0
844,2004-04-14 22:00,22,4,0
845,2004-04-14 23:00,23,4,0
846,2004-04-15 00:00,0,5,0
847,2004-04-15 01:00,1,5,0
848,2004-04-15 02:00,2,5,0
849,2004-04-15 03:00,3,5,0
850,2004-04-15 04:00,4,5,0
851,2004-04-15 05:00,5,5,0
852,2004-04-15 06:00,6,5,0
853,2004-04-15 07:00,7,5,0
854,2004-04-15 08:00,8,5,0
855,2004-04-15 09:00,9,5,0
856,2004-04-15 10:00,10,5,0
857,2004-04-15 11:00,11,5,0
858,2004-04-15 12:00,12,5,0
859,2004-04-15 13:00,13,5,0
860,2004-04-15 14:00,14,5,0
861,2004-04-15 15:00,15,5,0
862,2004-04-15 16:00,16,5,0
863,2004-04-15 17:00,17,5,0
864,2004-04-15 18:00,18,5,0
865,2004-04-15 19:00,19,5,0
866,2004-04-15 20:00,20,5,0
867,2004-04-15 21:00,21,5,0
868,2004-04-15 22:00,22,5,0
869,2004-04-15 23:00,23,5,0
870,2004-04-16 00:00,0,6,0
871,2004-04-16 01:00,1,6,0
872,2004-04-16 02:00,2,6,0
873,2004-04-16 03:00,3,6,0
874,2004-04-16 04:00,4,6,0
875,2004-04-16 05:00,5,6,0
876,2004-04-16 06:00,6,6,0
877,2004-04-16 07:00,7,6,0
878,2004-04-16 08:00,8,6,0
879,2004-04-16 09:00,9,6,0
880,2004-04-16 10:00,10,6,0
881,2004-04-16 11:00,11,6,0
882,2004-04-16 12:00,12,6,0
883,2004-04-16 13:00,13,6,0
884,2004-04-16 14:00,14,6,0
885,2004-04-16 15:00,15,6,0
886,2004-04-16 16:00,16,6,0
887,2004-04-16 17:00,17,6,0
888,2004-04-16 18:00,18,6,0
889,2004-04-16 19:00,19,6,0
890,2004-04-16 20:00,20,6,0
891,2004-04-16 21:00,21,6,0
892,2004-04-16 22:00,22,6,0
893,2004-04-16 23:00,23,6,0
894,2004-04-17 00:00,0,7,1
895,2004-04-17 01:00,1,7,1
896,2004-04-17 02:00,2,7,1
897,2004-04-17 03:00,3,7,1
898,2004-04-17 04:00,4,7,1
899,2004-04-17 05:00,5,7,1
900,2004-04-17 06:00,6,7,1
901,2004-04-17 07:00,7,7,1
902,2004-04-17 08:00,8,7,1
903,2004-04-17 09:00,9,7,1
904,2004-04-17 10:00,10,7,1
905,2004-04-17 11:00,11,7,1
906,2004-04-17 12:00,12,7,1
907,2004-04-17 13:00,13,7,1
908,2004-04-17 14:00,14,7,1
909,2004-04-17 15:00,15,7,1
910,2004-04-17 16:00,16,7,1
911,2004-04-17 17:00,17,7,1
912,2004-04-17 18:00,18,7,1
913,2004-04-17 19:00,19,7,1
914,2004-04-17 20:00,20,7,1
915,2004-04-17 21:00,21,7,1
916,2004-04-17 22:00,22,7,1
917,2004-04-17 23:00,23,7,1
918,2004-04-18 00:00,0,1,1
919,2004-04-18 01:00,1,1,1
920,2004-04-18 02:00,2,1,1
921,2004-04-18 03:00,3,1,1
922,2004-04-18 04:00,4,1,1
923,2004-04-18 05:00,5,1,1
924,2004-04-18 06:00,6,1,1
925,2004-04-18 07:00,7,1,1
926,2004-04-18 08:00,8,1,1
927,2004-04-18 09:00,9,1,1
928,2004-04-18 10:00,10,1,1
929,2004-04-18 11:00,11,1,1
930,2004-04-18 12:00,12,1,1
931,2004-04-18 13:00,13,1,1
932,2004-04-18 14:00,14,1,1
933,2004-04-18 15:00,15,1,1
934,2004-04-18 16:00,16,1,1
935,2004-04-18 17:00,17,1,1
936,2004-04-18 18:00,18,1,1
937,2004-04-18 19:00,19,1,1
938,2004-04-18 20:00,20,1,1
939,2004-04-18 21:00,21,1,1
940,2004-04-18 22:00,22,1,1
941,2004-04-18 23:00,23,1,1
942,2004-04-19 00:00,0,2,0
943,2004-04-19 01:00,1,2,0
944,2004-04-19 02:00,2,2,0
945,2004-04-19 03:00,3,2,0
946,2004-04-19 04:00,4,2,0
947,2004-04-19 05:00,5,2,0
948,2004-04-19 06:00,6,2,0
949,2004-04-19 07:00,7,2,0
950,2004-04-19 08:00,8,2,0
951,2004-04-19 09:00,9,2,0
952,2004-04-19 10:00,10,2,0
953,2004-04-19 11:00,11,2,0
954,2004-04-19 12:00,12,2,0
955,2004-04-19 13:00,13,2,0
956,2004-04-19 14:00,14,2,0
957,2004-04-19 15:00,15,2,0
958,2004-04-19 16:00,16,2,0
959,2004-04-19 17:00,17,2,0
960,2004-04-19 18:00,18,2,0
961,2004-04-19 19:00,19,2,0
962,2004-04-19 20:00,20,2,0
963,2004-04-19 21:00,21,2,0
964,2004-04-19 22:00,22,2,0
965,2004-04-19 23:00,23,2,0
966,2004-04-20 00:00,0,3,0
967,2004-04-20 01:00,1,3,0
968,2004-04-20 02:00,2,3,0
969,2004-04-20 03:00,3,3,0
970,2004-04-20 04:00,4,3,0
971,2004-04-20 05:00,5,3,0
972,2004-04-20 06:00,6,3,0
973,2004-04-20 07:00,7,3,0
974,2004-04-20 08:00,8,3,0
975,2004-04-20 09:00,9,3,0
976,2004-04-20 10:00,10,3,0
977,2004-04-20 11:00,11,3,0
978,2004-04-20 12:00,12,3,0
979,2004-04-20 13:00,13,3,0
980,2004-04-20 14:00,14,3,0
981,2004-04-20 15:00,15,3,0
982,2004-04-20 16:00,16,3,0
983,2004-04-20 17:00,17,3,0
984,2004-04-20 18:00,18,3,0
985,2004-04-20 19:00,19,3,0
986,2004-04-20 20:00,20,3,0
987,2004-04-20 21:00,21,3,0
988,2004-04-20 22:00,22,3,0
989,2004-04-20 23:00,23,3,0
990,2004-04-21 00:00,0,4,0
991,2004-04-21 01:00,1,4,0
992,2004-04-21 02:00,2,4,0
993,2004-04-21 03:00,3,4,0
994,2004-04-21 04:00,4,4,0
995,2004-04-21 05:00,5,4,0
996,2004-04-21 06:00,6,4,0
997,2004-04-21 07:00,7,4,0
998,2004-04-21 08:00,8,4,0
999,2004-04-21 09:00,9,4,0
1000,2004-04-21 10:00,10,4,0
1001,2004-04-21 11:00,11,4,0
1002,2004-04-21 12:00,12,4,0
1003,2004-04-21 13:00,13,4,0
1004,2004-04-21 14:00,14,4,0
1005,2004-04-21 15:00,15,4,0
1006,2004-04-21 16:00,16,4,0
1007,2004-04-21 17:00,17,4,0
1008,2004-04-21 18:00,18,4,0
1009,2004-04-21 19:00,19,4,0
1010,2004-04-21 20:00,20,4,0
1011,2004-04-21 21:00,21,4,0
1012,2004-04-21 22:00,22,4,0
1013,2004-04-21 23:00,23,4,0
1014,2004-04-22 00:00,0,5,0
1015,2004-04-22 01:00,1,5,0
1016,2004-04-22 02:00,2,5,0
1017,2004-04-22 03:00,3,5,0
1018,2004-04-22 04:00,4,5,0
1019,2004-04-22 05:00,5,5,0
1020,2004-04-22 06:00,6,5,0
1021,2004-04-22 07:00,7,5,0
1022,2004-04-22 08:00,8,5,0
1023,2004-04-22 09:00,9,5,0
1024,2004-04-22 10:00,10,5,0
1025,2004-04-22 11:00,11,5,0
1026,2004-04-22 12:00,12,5,0
1027,2004-04-22 13:00,13,5,0
1028,2004-04-22 14:00,14,5,0
1029,2004-04-22 15:00,15,5,0
1030,2004-04-22 16:00,16,5,0
1031,2004-04-22 17:00,17,5,0
1032,2004-04-22 18:00,18,5,0
1033,2004-04-22 19:00,19,5,0
1034,2004-04-22 20:00,20,5,0
1035,2004-04-22 21:00,21,5,0
1036,2004-04-22 22:00,22,5,0
1037,2004-04-22 23:00,23,5,0
1038,2004-04-23 00:00,0,6,0
1039,2004-04-23 01:00,1,6,0
1040,2004-04-23 02:00,2,6,0
1041,2004-04-23 03:00,3,6,0
1042,2004-04-23 04:00,4,6,0
1043,2004-04-23 05:00,5,6,0
1044,2004-04-23 06:00,6,6,0
1045,2004-04-23 07:00,7,6,0
1046,2004-04-23 08:00,8,6,0
1047,2004-04-23 09:00,9,6,0
1048,2004-04-23 10:00,10,6,0
1049,2004-04-23 11:00,11,6,0
1050,2004-04-23 12:00,12,6,0
1051,2004-04-23 13:00,13,6,0
1052,2004-04-23 14:00,14,6,0
1053,2004-04-23 15:00,15,6,0
1054,2004-04-23 16:00,16,6,0
1055,2004-04-23 17:00,17,6,0
1056,2004-04-23 18:00,18,6,0
1057,2004-04-23 19:00,19,6,0
1058,2004-04-23 20:00,20,6,0
1059,2004-04-23 21:00,21,6,0
1060,2004-04-23 22:00,22,6,0
1061,2004-04-23 23:00,23,6,0
1062,2004-04-24 00:00,0,7,1
1063,2004-04-24 01:00,1,7,1
1064,2004-04-24 02:00,2,7,1
1065,2004-04-24 03:00,3,7,1
1066,2004-04-24 04:00,4,7,1
1067,2004-04-24 05:00,5,7,1
1068,2004-04-24 06:00,6,7,1
1069,2004-04-24 07:00,7,7,1
1070,2004-04-24 08:00,8,7,1
1071,2004-04-24 09:00,9,7,1
1072,2004-04-24 10:00,10,7,1
1073,2004-04-24 11:00,11,7,1
1074,2004-04-24 12:00,12,7,1
1075,2004-04-24 13:00,13,7,1
1076,2004-04-24 14:00,14,7,1
1077,2004-04-24 15:00,15,7,1
1078,2004-04-24 16:00,16,7,1
1079,2004-04-24 17:00,17,7,1
1080,2004-04-24 18:00,18,7,1
1081,2004-04-24 19:00,19,7,1
1082,2004-04-24 20:00,20,7,1
1083,2004-04-24 21:00,21,7,1
1084,2004-04-24 22:00,22,7,1
1085,2004-04-24 23:00,23,7,1
1086,2004-04-25 00:00,0,1,1
1087,2004-04-25 01:00,1,1,1
1088,2004-04-25 02:00,2,1,1
1089,2004-04-25 03:00,3,1,1
1090,2004-04-25 04:00,4,1,1
1091,2004-04-25 05:00,5,1,1
1092,2004-04-25 06:00,6,1,1
1093,2004-04-25 07:00,7,1,1
1094,2004-04-25 08:00,8,1,1
1095,2004-04-25 09:00,9,1,1
1096,2004-04-25 10:00,10,1,1
1097,2004-04-25 11:00,11,1,1
1098,2004-04-25 12:00,12,1,1
1099,2004-04-25 13:00,13,1,1
1100,2004-04-25 14:00,14,1,1
1101,2004-04-25 15:00,15,1,1
1102,2004-04-25 16:00,16,1,1
1103,2004-04-25 17:00,17,1,1
1104,2004-04-25 18:00,18,1,1
1105,2004-04-25 19:00,19,1,1
1106,2004-04-25 20:00,20,1,1
1107,2004-04-25 21:00,21,1,1
1108,2004-04-25 22:00,22,1,1
1109,2004-04-25 23:00,23,1,1
1110,2004-04-26 00:00,0,2,0
1111,2004-04-26 01:00,1,2,0
1112,2004-04-26 02:00,2,2,0
1113,2004-04-26 03:00,3,2,0
1114,2004-04-26 04:00,4,2,0
1115,2004-04-26 05:00,5,2,0
1116,2004-04-26 06:00,6,2,0
1117,2004-04-26 07:00,7,2,0
1118,2004-04-26 08:00,8,2,0
1119,2004-04-26 09:00,9,2,0
1120,2004-04-26 10:00,10,2,0
1121,2004-04-26 11:00,11,2,0
1122,2004-04-26 12:00,12,2,0
1123,2004-04-26 13:00,13,2,0
1124,2004-04-26 14:00,14,2,0
1125,2004-04-26 15:00,15,2,0
1126,2004-04-26 16:00,16,2,0
1127,2004-04-26 17:00,17,2,0
1128,2004-04-26 18:00,18,2,0
1129,2004-04-26 19:00,19,2,0
1130,2004-04-26 20:00,20,2,0
1131,2004-04-26 21:00,21,2,0
1132,2004-04-26 22:00,22,2,0
1133,2004-04-26 23:00,23,2,0
1134,2004-04-27 00:00,0,3,0
1135,2004-04-27 01:00,1,3,0
1136,2004-04-27 02:00,2,3,0
1137,2004-04-27 03:00,3,3,0
1138,2004-04-27 04:00,4,3,0
1139,2004-04-27 05:00,5,3,0
1140,2004-04-27 06:00,6,3,0
1141,2004-04-27 07:00,7,3,0
1142,2004-04-27 08:00,8,3,0
1143,2004-04-27 09:00,9,3,0
1144,2004-04-27 10:00,10,3,0
1145,2004-04-27 11:00,11,3,0
1146,2004-04-27 12:00,12,3,0
1147,2004-04-27 13:00,13,3,0
1148,2004-04-27 14:00,14,3,0
1149,2004-04-27 15:00,15,3,0
1150,2004-04-27 16:00,16,3,0
1151,2004-04-27 17:00,17,3,0
1152,2004-04-27 18:00,18,3,0
1153,2004-04-27 19:00,19,3,0
1154,2004-04-27 20:00,20,3,0
1155,2004-04-27 21:00,21,3,0
1156,2004-04-27 22:00,22,3,0
1157,2004-04-27 23:00,23,3,0
1158,2004-04-28 00:00,0,4,0
1159,2004-04-28 01:00,1,4,0
1160,2004-04-28 02:00,2,4,0
1161,2004-04-28 03:00,3,4,0
1162,2004-04-28 04:00,4,4,0
1163,2004-04-28 05:00,5,4,0
1164,2004-04-28 06:00,6,4,0
1165,2004-04-28 07:00,7,4,0
1166,2004-04-28 08:00,8,4,0
1167,2004-04-28 09:00,9,4,0
1168,2004-04-28 10:00,10,4,0
1169,2004-04-28 11:00,11,4,0
1170,2004-04-28 12:00,12,4,0
1171,2004-04-28 13:00,13,4,0
1172,2004-04-28 14:00,14,4,0
1173,2004-04-28 15:00,15,4,0
1174,2004-04-28 16:00,16,4,0
1175,2004-04-28 17:00,17,4,0
1176,2004-04-28 18:00,18,4,0
1177,2004-04-28 19:00,19,4,0
1178,2004-04-28 20:00,20,4,0
1179,2004-04-28 21:00,21,4,0
1180,2004-04-28 22:00,22,4,0
1181,2004-04-28 23:00,23,4,0
1182,2004-04-29 00:00,0,5,0
1183,2004-04-29 01:00,1,5,0
1184,2004-04-29 02:00,2,5,0
1185,2004-04-29 03:00,3,5,0
1186,2004-04-29 04:00,4,5,0
1187,2004-04-29 05:00,5,5,0
1188,2004-04-29 06:00,6,5,0
1189,2004-04-29 07:00,7,5,0
1190,2004-04-29 08:00,8,5,0
1191,2004-04-29 09:00,9,5,0
1192,2004-04-29 10:00,10,5,0
1193,2004-04-29 11:00,11,5,0
1194,2004-04-29 12:00,12,5,0
1195,2004-04-29 13:00,13,5,0
1196,2004-04-29 14:00,14,5,0
1197,2004-04-29 15:00,15,5,0
1198,2004-04-29 16:00,16,5,0
1199,2004-04-29 17:00,17,5,0
1200,2004-04-29 18:00,18,5,0
1201,2004-04-29 19:00,19,5,0
1202,2004-04-29 20:00,20,5,0
1203,2004-04-29 21:00,21,5,0
1204,2004-04-29 22:00,22,5,0
1205,2004-04-29 23:00,23,5,0
1206,2004-04-30 00:00,0,6,0
1207,2004-04-30 01:00,1,6,0
1208,2004-04-30 02:00,2,6,0
1209,2004-04-30 03:00,3,6,0
1210,2004-04-30 04:00,4,6,0
1211,2004-04-30 05:00,5,6,0
1212,2004-04-30 06:00,6,6,0
1213,2004-04-30 07:00,7,6,0
1214,2004-04-30 08:00,8,6,0
1215,2004-04-30 09:00,9,6,0
1216,2004-04-30 10:00,10,6,0
1217,2004-04-30 11:00,11,6,0
1218,2004-04-30 12:00,12,6,0
1219,2004-04-30 13:00,13,6,0
1220,2004-04-30 14:00,14,6,0
1221,2004-04-30 15:00,15,6,0
1222,2004-04-30 16:00,16,6,0
1223,2004-04-30 17:00,17,6,0
1224,2004-04-30 18:00,18,6,0
1225,2004-04-30 19:00,19,6,0
1226,2004-04-30 20:00,20,6,0
1227,2004-04-30 21:00,21,6,0
1228,2004-04-30 22:00,22,6,0
1229,2004-04-30 23:00,23,6,0
1230,2004-05-01 00:00,0,7,1
1231,2004-05-01 01:00,1,7,1
1232,2004-05-01 02:00,2,7,1
1233,2004-05-01 03:00,3,7,1
1234,2004-05-01 04:00,4,7,1
1235,2004-05-01 05:00,5,7,1
1236,2004-05-01 06:00,6,7,1
1237,2004-05-01 07:00,7,7,1
1238,2004-05-01 08:00,8,7,1
1239,2004-05-01 09:00,9,7,1
1240,2004-05-01 10:00,10,7,1
1241,2004-05-01 11:00,11,7,1
1242,2004-05-01 12:00,12,7,1
1243,2004-05-01 13:00,13,7,1
1244,2004-05-01 14:00,14,7,1
1245,2004-05-01 15:00,15,7,1
1246,2004-05-01 16:00,16,7,1
1247,2004-05-01 17:00,17,7,1
1248,2004-05-01 18:00,18,7,1
1249,2004-05-01 19:00,19,7,1
1250,2004-05-01 20:00,20,7,1
1251,2004-05-01 21:00,21,7,1
1252,2004-05-01 22:00,22,7,1
1253,2004-05-01 23:00,23,7,1
1254,2004-05-02 00:00,0,1,1
1255,2004-05-02 01:00,1,1,1
1256,2004-05-02 02:00,2,1,1
1257,2004-05-02 03:00,3,1,1
1258,2004-05-02 04:00,4,1,1
1259,2004-05-02 05:00,5,1,1
1260,2004-05-02 06:00,6,1,1
1261,2004-05-02 07:00,7,1,1
1262,2004-05-02 08:00,8,1,1
1263,2004-05-02 09:00,9,1,1
1264,2004-05-02 10:00,10,1,1
1265,2004-05-02 11:00,11,1,1
1266,2004-05-02 12:00,12,1,1
1267,2004-05-02 13:00,13,1,1
1268,2004-05-02 14:00,14,1,1
1269,2004-05-02 15:00,15,1,1
1270,2004-05-02 16:00,16,1,1
1271,2004-05-02 17:00,17,1,1
1272,2004-05-02 18:00,18,1,1
1273,2004-05-02 19:00,19,1,1
1274,2004-05-02 20:00,20,1,1
1275,2004-05-02 21:00,21,1,1
1276,2004-05-02 22:00,22,1,1
1277,2004-05-02 23:00,23,1,1
1278,2004-05-03 00:00,0,2,0
1279,2004-05-03 01:00,1,2,0
1280,2004-05-03 02:00,2,2,0
1281,2004-05-03 03:00,3,2,0
1282,2004-05-03 04:00,4,2,0
1283,2004-05-03 05:00,5,2,0
1284,2004-05-03 06:00,6,2,0
1285,2004-05-03 07:00,7,2,0
1286,2004-05-03 08:00,8,2,0
1287,2004-05-03 09:00,9,2,0
1288,2004-05-03 10:00,10,2,0
1289,2004-05-03 11:00,11,2,0
1290,2004-05-03 12:00,12,2,0
1291,2004-05-03 13:00,13,2,0
1292,2004-05-03 14:00,14,2,0
1293,2004-05-03 15:00,15,2,0
1294,2004-05-03 16:00,16,2,0
1295,2004-05-03 17:00,17,2,0
1296,2004-05-03 18:00,18,2,0
1297,2004-05-03 19:00,19,2,0
1298,2004-05-03 20:00,20,2,0
1299,2004-05-03 21:00,21,2,0
1300,2004-05-03 22:00,22,2,0
1301,2004-05-03 23:00,23,2,0
1302,2004-05-04 00:00,0,3,0
1303,2004-05-04 01:00,1,3,0
1304,2004-05-04 02:00,2,3,0
1305,2004-05-04 03:00,3,3,0
1306,2004-05-04 04:00,4,3,0
1307,2004-05-04 05:00,5,3,0
1308,2004-05-04 06:00,6,3,0
1309,2004-05-04 07:00,7,3,0
1310,2004-05-04 08:00,8,3,0
1311,2004-05-04 09:00,9,3,0
1312,2004-05-04 10:00,10,3,0
1313,2004-05-04 11:00,11,3,0
1314,2004-05-04 12:00,12,3,0
1315,2004-05-04 13:00,13,3,0
1316,2004-05-04 14:00,14,3,0
1317,2004-05-04 15:00,15,3,0
1318,2004-05-04 16:00,16,3,0
1319,2004-05-04 17:00,17,3,0
1320,2004-05-04 18:00,18,3,0
1321,2004-05-04 19:00,19,3,0
1322,2004-05-04 20:00,20,3,0
1323,2004-05-04 21:00,21,3,0
1324,2004-05-04 22:00,22,3,0
1325,2004-05-04 23:00,23,3,0
1326,2004-05-05 00:00,0,4,0
1327,2004-05-05 01:00,1,4,0
1328,2004-05-05 02:00,2,4,0
1329,2004-05-05 03:00,3,4,0
1330,2004-05-05 04:00,4,4,0
1331,2004-05-05 05:00,5,4,0
1332,2004-05-05 06:00,6,4,0
1333,2004-05-05 07:00,7,4,0
1334,2004-05-05 08:00,8,4,0
1335,2004-05-05 09:00,9,4,0
1336,2004-05-05 10:00,10,4,0
1337,2004-05-05 11:00,11,4,0
1338,2004-05-05 12:00,12,4,0
1339,2004-05-05 13:00,13,4,0
1340,2004-05-05 14:00,14,4,0
1341,2004-05-05 15:00,15,4,0
1342,2004-05-05 16:00,16,4,0
1343,2004-05-05 17:00,17,4,0
1344,2004-05-05 18:00,18,4,0
1345,2004-05-05 19:00,19,4,0
1346,2004-05-05 20:00,20,4,0
1347,2004-05-05 21:00,21,4,0
1348,2004-05-05 22:00,22,4,0
1349,2004-05-05 23:00,23,4,0
1350,2004-05-06 00:00,0,5,0
1351,2004-05-06 01:00,1,5,0
1352,2004-05-06 02:00,2,5,0
1353,2004-05-06 03:00,3,5,0
1354,2004-05-06 04:00,4,5,0
1355,2004-05-06 05:00,5,5,0
1356,2004-05-06 06:00,6,5,0
1357,2004-05-06 07:00,7,5,0
1358,2004-05-06 08:00,8,5,0
1359,2004-05-06 09:00,9,5,0
1360,2004-05-06 10:00,10,5,0
1361,2004-05-06 11:00,11,5,0
1362,2004-05-06 12:00,12,5,0
1363,2004-05-06 13:00,13,5,0
1364,2004-05-06 14:00,14,5,0
1365,2004-05-06 15:00,15,5,0
1366,2004-05-06 16:00,16,5,0
1367,2004-05-06 17:00,17,5,0
1368,2004-05-06 18:00,18,5,0
1369,2004-05-06 19:00,19,5,0
1370,2004-05-06 20:00,20,5,0
1371,2004-05-06 21:00,21,5,0
1372,2004-05-06 22:00,22,5,0
1373,2004-05-06 23:00,23,5,0
1374,2004-05-07 00:00,0,6,0
1375,2004-05-07 01:00,1,6,0
1376,2004-05-07 02:00,2,6,0
1377,2004-05-07 03:00,3,6,0
1378,2004-05-07 04:00,4,6,0
1379,2004-05-07 05:00,5,6,0
1380,2004-05-07 06:00,6,6,0
1381,2004-05-07 07:00,7,6,0
1382,2004-05-07 08:00,8,6,0
1383,2004-05-07 09:00,9,6,0
1384,2004-05-07 10:00,10,6,0
1385,2004-05-07 11:00,11,6,0
1386,2004-05-07 12:00,12,6,0
1387,2004-05-07 13:00,13,6,0
1388,2004-05-07 14:00,14,6,0
1389,2004-05-07 15:00,15,6,0
1390,2004-05-07 16:00,16,6,0
1391,2004-05-07 17:00,17,6,0
1392,2004-05-07 18:00,18,6,0
1393,2004-05-07 19:00,19,6,0
1394,2004-05-07 20:00,20,6,0
1395,2004-05-07 21:00,21,6,0
1396,2004-05-07 22:00,22,6,0
1397,2004-05-07 23:00,23,6,0
1398,2004-05-08 00:00,0,7,1
1399,2004-05-08 01:00,1,7,1
1400,2004-05-08 02:00,2,7,1
1401,2004-05-08 03:00,3,7,1
1402,2004-05-08 04:00,4,7,1
1403,2004-05-08 05:00,5,7,1
1404,2004-05-08 06:00,6,7,1
1405,2004-05-08 07:00,7,7,1
1406,2004-05-08 08:00,8,7,1
1407,2004-05-08 09:00,9,7,1
1408,2004-05-08 10:00,10,7,1
1409,2004-05-08 11:00,11,7,1
1410,2004-05-08 12:00,12,7,1
1411,2004-05-08 13:00,13,7,1
1412,2004-05-08 14:00,14,7,1
1413,2004-05-08 15:00,15,7,1
1414,2004-05-08 16:00,16,7,1
1415,2004-05-08 17:00,17,7,1
1416,2004-05-08 18:00,18,7,1
1417,2004-05-08 19:00,19,7,1
1418,2004-05-08 20:00,20,7,1
1419,2004-05-08 21:00,21,7,1
1420,2004-05-08 22:00,22,7,1
1421,2004-05-08 23:00,23,7,1
1422,2004-05-09 00:00,0,1,1
1423,2004-05-09 01:00,1,1,1
1424,2004-05-09 02:00,2,1,1
1425,2004-05-09 03:00,3,1,1
1426,2004-05-09 04:00,4,1,1
1427,2004-05-09 05:00,5,1,1
1428,2004-05-09 06:00,6,1,1
1429,2004-05-09 07:00,7,1,1
1430,2004-05-09 08:00,8,1,1
1431,2004-05-09 09:00,9,1,1
1432,2004-05-09 10:00,10,1,1
1433,2004-05-09 11:00,11,1,1
1434,2004-05-09 12:00,12,1,1
1435,2004-05-09 13:00,13,1,1
1436,2004-05-09 14:00,14,1,1
1437,2004-05-09 15:00,15,1,1
1438,2004-05-09 16:00,16,1,1
1439,2004-05-09 17:00,17,1,1
1440,2004-05-09 18:00,18,1,1
1441,2004-05-09 19:00,19,1,1
1442,2004-05-09 20:00,20,1,1
1443,2004-05-09 21:00,21,1,1
1444,2004-05-09 22:00,22,1,1
1445,2004-05-09 23:00,23,1,1
1446,2004-05-10 00:00,0,2,0
1447,2004-05-10 01:00,1,2,0
1448,2004-05-10 02:00,2,2,0
1449,2004-05-10 03:00,3,2,0
1450,2004-05-10 04:00,4,2,0
1451,2004-05-10 05:00,5,2,0
1452,2004-05-10 06:00,6,2,0
1453,2004-05-10 07:00,7,2,0
1454,2004-05-10 08:00,8,2,0
1455,2004-05-10 09:00,9,2,0
1456,2004-05-10 10:00,10,2,0
1457,2004-05-10 11:00,11,2,0
1458,2004-05-10 12:00,12,2,0
1459,2004-05-10 13:00,13,2,0
1460,2004-05-10 14:00,14,2,0
1461,2004-05-10 15:00,15,2,0
1462,2004-05-10 16:00,16,2,0
1463,2004-05-10 17:00,17,2,0
1464,2004-05-10 18:00,18,2,0
1465,2004-05-10 19:00,19,2,0
1466,2004-05-10 20:00,20,2,0
1467,2004-05-10 21:00,21,2,0
1468,2004-05-10 22:00,22,2,0
1469,2004-05-10 23:00,23,2,0
1470,2004-05-11 00:00,0,3,0
1471,2004-05-11 01:00,1,3,0
1472,2004-05-11 02:00,2,3,0
1473,2004-05-11 03:00,3,3,0
1474,2004-05-11 04:00,4,3,0
1475,2004-05-11 05:00,5,3,0
1476,2004-05-11 06:00,6,3,0
1477,2004-05-11 07:00,7,3,0
1478,2004-05-11 08:00,8,3,0
1479,2004-05-11 09:00,9,3,0
1480,2004-05-11 10:00,10,3,0
1481,2004-05-11 11:00,11,3,0
1482,2004-05-11 12:00,12,3,0
1483,2004-05-11 13:00,13,3,0
1484,2004-05-11 14:00,14,3,0
1485,2004-05-11 15:00,15,3,0
1486,2004-05-11 16:00,16,3,0
1487,2004-05-11 17:00,17,3,0
1488,2004-05-11 18:00,18,3,0
1489,2004-05-11 19:00,19,3,0
1490,2004-05-11 20:00,20,3,0
1491,2004-05-11 21:00,21,3,0
1492,2004-05-11 22:00,22,3,0
1493,2004-05-11 23:00,23,3,0
1494,2004-05-12 00:00,0,4,0
1495,2004-05-12 01:00,1,4,0
1496,2004-05-12 02:00,2,4,0
1497,2004-05-12 03:00,3,4,0
1498,2004-05-12 04:00,4,4,0
1499,2004-05-12 05:00,5,4,0
1500,2004-05-12 06:00,6,4,0
1501,2004-05-12 07:00,7,4,0
1502,2004-05-12 08:00,8,4,0
1503,2004-05-12 09:00,9,4,0
1504,2004-05-12 10:00,10,4,0
1505,2004-05-12 11:00,11,4,0
1506,2004-05-12 12:00,12,4,0
1507,2004-05-12 13:00,13,4,0
1508,2004-05-12 14:00,14,4,0
1509,2004-05-12 15:00,15,4,0
1510,2004-05-12 16:00,16,4,0
1511,2004-05-12 17:00,17,4,0
1512,2004-05-12 18:00,18,4,0
1513,2004-05-12 19:00,19,4,0
1514,2004-05-12 20:00,20,4,0
1515,2004-05-12 21:00,21,4,0
1516,2004-05-12 22:00,22,4,0
1517,2004-05-12 23:00,23,4,0
1518,2004-05-13 00:00,0,5,0
1519,2004-05-13 01:00,1,5,0
1520,2004-05-13 02:00,2,5,0
1521,2004-05-13 03:00,3,5,0
1522,2004-05-13 04:00,4,5,0
1523,2004-05-13 05:00,5,5,0
1524,2004-05-13 06:00,6,5,0
1525,2004-05-13 07:00,7,5,0
1526,2004-05-13 08:00,8,5,0
1527,2004-05-13 09:00,9,5,0
1528,2004-05-13 10:00,10,5,0
1529,2004-05-13 11:00,11,5,0
1530,2004-05-13 12:00,12,5,0
1531,2004-05-13 13:00,13,5,0
1532,2004-05-13 14:00,14,5,0
1533,2004-05-13 15:00,15,5,0
1534,2004-05-13 16:00,16,5,0
1535,2004-05-13 17:00,17,5,0
1536,2004-05-13 18:00,18,5,0
1537,2004-05-13 19:00,19,5,0
1538,2004-05-13 20:00,20,5,0
1539,2004-05-13 21:00,21,5,0
1540,2004-05-13 22:00,22,5,0
1541,2004-05-13 23:00,23,5,0
1542,2004-05-14 00:00,0,6,0
1543,2004-05-14 01:00,1,6,0
1544,2004-05-14 02:00,2,6,0
1545,2004-05-14 03:00,3,6,0
1546,2004-05-14 04:00,4,6,0
1547,2004-05-14 05:00,5,6,0
1548,2004-05-14 06:00,6,6,0
1549,2004-05-14 07:00,7,6,0
1550,2004-05-14 08:00,8,6,0
1551,2004-05-14 09:00,9,6,0
1552,2004-05-14 10:00,10,6,0
1553,2004-05-14 11:00,11,6,0
1554,2004-05-14 12:00,12,6,0
1555,2004-05-14 13:00,13,6,0
1556,2004-05-14 14:00,14,6,0
1557,2004-05-14 15:00,15,6,0
1558,2004-05-14 16:00,16,6,0
1559,2004-05-14 17:00,17,6,0
1560,2004-05-14 18:00,18,6,0
1561,2004-05-14 19:00,19,6,0
1562,2004-05-14 20:00,20,6,0
1563,2004-05-14 21:00,21,6,0
1564,2004-05-14 22:00,22,6,0
1565,2004-05-14 23:00,23,6,0
1566,2004-05-15 00:00,0,7,1
1567,2004-05-15 01:00,1,7,1
1568,2004-05-15 02:00,2,7,1
1569,2004-05-15 03:00,3,7,1
1570,2004-05-15 04:00,4,7,1
1571,2004-05-15 05:00,5,7,1
1572,2004-05-15 06:00,6,7,1
1573,2004-05-15 07:00,7,7,1
1574,2004-05-15 08:00,8,7,1
1575,2004-05-15 09:00,9,7,1
1576,2004-05-15 10:00,10,7,1
1577,2004-05-15 11:00,11,7,1
1578,2004-05-15 12:00,12,7,1
1579,2004-05-15 13:00,13,7,1
1580,2004-05-15 14:00,14,7,1
1581,2004-05-15 15:00,15,7,1
1582,2004-05-15 16:00,16,7,1
1583,2004-05-15 17:00,17,7,1
1584,2004-05-15 18:00,18,7,1
1585,2004-05-15 19:00,19,7,1
1586,2004-05-15 20:00,20,7,1
1587,2004-05-15 21:00,21,7,1
1588,2004-05-15 22:00,22,7,1
1589,2004-05-15 23:00,23,7,1
1590,2004-05-16 00:00,0,1,1
1591,2004-05-16 01:00,1,1,1
1592,2004-05-16 02:00,2,1,1
1593,2004-05-16 03:00,3,1,1
1594,2004-05-16 04:00,4,1,1
1595,2004-05-16 05:00,5,1,1
1596,2004-05-16 06:00,6,1,1
1597,2004-05-16 07:00,7,1,1
1598,2004-05-16 08:00,8,1,1
1599,2004-05-16 09:00,9,1,1
1600,2004-05-16 10:00,10,1,1
1601,2004-05-16 11:00,11,1,1
1602,2004-05-16 12:00,12,1,1
1603,2004-05-16 13:00,13,1,1
1604,2004-05-16 14:00,14,1,1
1605,2004-05-16 15:00,15,1,1
1606,2004-05-16 16:00,16,1,1
1607,2004-05-16 17:00,17,1,1
1608,2004-05-16 18:00,18,1,1
1609,2004-05-16 19:00,19,1,1
1610,2004-05-16 20:00,20,1,1
1611,2004-05-16 21:00,21,1,1
1612,2004-05-16 22:00,22,1,1
1613,2004-05-16 23:00,23,1,1
1614,2004-05-17 00:00,0,2,0
1615,2004-05-17 01:00,1,2,0
1616,2004-05-17 02:00,2,2,0
1617,2004-05-17 03:00,3,2,0
1618,2004-05-17 04:00,4,2,0
1619,2004-05-17 05:00,5,2,0
1620,2004-05-17 06:00,6,2,0
1621,2004-05-17 07:00,7,2,0
1622,2004-05-17 08:00,8,2,0
1623,2004-05-17 09:00,9,2,0
1624,2004-05-17 10:00,10,2,0
1625,2004-05-17 11:00,11,2,0
1626,2004-05-17 12:00,12,2,0
1627,2004-05-17 13:00,13,2,0
1628,2004-05-17 14:00,14,2,0
1629,2004-05-17 15:00,15,2,0
1630,2004-05-17 16:00,16,2,0
1631,2004-05-17 17:00,17,2,0
1632,2004-05-17 18:00,18,2,0
1633,2004-05-17 19:00,19,2,0
1634,2004-05-17 20:00,20,2,0
1635,2004-05-17 21:00,21,2,0
1636,2004-05-17 22:00,22,2,0
1637,2004-05-17 23:00,23,2,0
1638,2004-05-18 00:00,0,3,0
1639,2004-05-18 01:00,1,3,0
1640,2004-05-18 02:00,2,3,0
1641,2004-05-18 03:00,3,3,0
1642,2004-05-18 04:00,4,3,0
1643,2004-05-18 05:00,5,3,0
1644,2004-05-18 06:00,6,3,0
1645,2004-05-18 07:00,7,3,0
1646,2004-05-18 08:00,8,3,0
1647,2004-05-18 09:00,9,3,0
1648,2004-05-18 10:00,10,3,0
1649,2004-05-18 11:00,11,3,0
1650,2004-05-18 12:00,12,3,0
1651,2004-05-18 13:00,13,3,0
1652,2004-05-18 14:00,14,3,0
1653,2004-05-18 15:00,15,3,0
1654,2004-05-18 16:00,16,3,0
1655,2004-05-18 17:00,17,3,0
1656,2004-05-18 18:00,18,3,0
1657,2004-05-18 19:00,19,3,0
1658,2004-05-18 20:00,20,3,0
1659,2004-05-18 21:00,21,3,0
1660,2004-05-18 22:00,22,3,0
1661,2004-05-18 23:00,23,3,0
1662,2004-05-19 00:00,0,4,0
1663,2004-05-19 01:00,1,4,0
1664,2004-05-19 02:00,2,4,0
1665,2004-05-19 03:00,3,4,0
1666,2004-05-19 04:00,4,4,0
1667,2004-05-19 05:00,5,4,0
1668,2004-05-19 06:00,6,4,0
1669,2004-05-19 07:00,7,4,0
1670,2004-05-19 08:00,8,4,0
1671,2004-05-19 09:00,9,4,0
1672,2004-05-19 10:00,10,4,0
1673,2004-05-19 11:00,11,4,0
1674,2004-05-19 12:00,12,4,0
1675,2004-05-19 13:00,13,4,0
1676,2004-05-19 14:00,14,4,0
1677,2004-05-19 15:00,15,4,0
1678,2004-05-19 16:00,16,4,0
1679,2004-05-19 17:00,17,4,0
1680,2004-05-19 18:00,18,4,0
1681,2004-05-19 19:00,19,4,0
1682,2004-05-19 20:00,20,4,0
1683,2004-05-19 21:00,21,4,0
1684,2004-05-19 22:00,22,4,0
1685,2004-05-19 23:00,23,4,0
1686,2004-05-20 00:00,0,5,0
1687,2004-05-20 01:00,1,5,0
1688,2004-05-20 02:00,2,5,0
1689,2004-05-20 03:00,3,5,0
1690,2004-05-20 04:00,4,5,0
1691,2004-05-20 05:00,5,5,0
1692,2004-05-20 06:00,6,5,0
1693,2004-05-20 07:00,7,5,0
1694,2004-05-20 08:00,8,5,0
1695,2004-05-20 09:00,9,5,0
1696,2004-05-20 10:00,10,5,0
1697,2004-05-20 11:00,11,5,0
1698,2004-05-20 12:00,12,5,0
1699,2004-05-20 13:00,13,5,0
1700,2004-05-20 14:00,14,5,0
1701,2004-05-20 15:00,15,5,0
1702,2004-05-20 16:00,16,5,0
1703,2004-05-20 17:00,17,5,0
1704,2004-05-20 18:00,18,5,0
1705,2004-05-20 19:00,19,5,0
1706,2004-05-20 20:00,20,5,0
1707,2004-05-20 21:00,21,5,0
1708,2004-05-20 22:00,22,5,0
1709,2004-05-20 23:00,23,5,0
1710,2004-05-21 00:00,0,6,0
1711,2004-05-21 01:00,1,6,0
1712,2004-05-21 02:00,2,6,0
1713,2004-05-21 03:00,3,6,0
1714,2004-05-21 04:00,4,6,0
1715,2004-05-21 05:00,5,6,0
1716,2004-05-21 06:00,6,6,0
1717,2004-05-21 07:00,7,6,0
1718,2004-05-21 08:00,8,6,0
1719,2004-05-21 09:00,9,6,0
1720,2004-05-21 10:00,10,6,0
1721,2004-05-21 11:00,11,6,0
1722,2004-05-21 12:00,12,6,0
1723,2004-05-21 13:00,13,6,0
1724,2004-05-21 14:00,14,6,0
1725,2004-05-21 15:00,15,6,0
1726,2004-05-21 16:00,16,6,0
1727,2004-05-21 17:00,17,6,0
1728,2004-05-21 18:00,18,6,0
1729,2004-05-21 19:00,19,6,0
1730,2004-05-21 20:00,20,6,0
1731,2004-05-21 21:00,21,6,0
1732,2004-05-21 22:00,22,6,0
1733,2004-05-21 23:00,23,6,0
1734,2004-05-22 00:00,0,7,1
1735,2004-05-22 01:00,1,7,1
1736,2004-05-22 02:00,2,7,1
1737,2004-05-22 03:00,3,7,1
1738,2004-05-22 04:00,4,7,1
1739,2004-05-22 05:00,5,7,1
1740,2004-05-22 06:00,6,7,1
1741,2004-05-22 07:00,7,7,1
1742,2004-05-22 08:00,8,7,1
1743,2004-05-22 09:00,9,7,1
1744,2004-05-22 10:00,10,7,1
1745,2004-05-22 11:00,11,7,1
1746,2004-05-22 12:00,12,7,1
1747,2004-05-22 13:00,13,7,1
1748,2004-05-22 14:00,14,7,1
1749,2004-05-22 15:00,15,7,1
1750,2004-05-22 16:00,16,7,1
1751,2004-05-22 17:00,17,7,1
1752,2004-05-22 18:00,18,7,1
1753,2004-05-22 19:00,19,7,1
1754,2004-05-22 20:00,20,7,1
1755,2004-05-22 21:00,21,7,1
1756,2004-05-22 22:00,22,7,1
1757,2004-05-22 23:00,23,7,1
1758,2004-05-23 00:00,0,1,1
1759,2004-05-23 01:00,1,1,1
1760,2004-05-23 02:00,2,1,1
1761,2004-05-23 03:00,3,1,1
1762,2004-05-23 04:00,4,1,1
1763,2004-05-23 05:00,5,1,1
1764,2004-05-23 06:00,6,1,1
1765,2004-05-23 07:00,7,1,1
1766,2004-05-23 08:00,8,1,1
1767,2004-05-23 09:00,9,1,1
1768,2004-05-23 10:00,10,1,1
1769,2004-05-23 11:00,11,1,1
1770,2004-05-23 12:00,12,1,1
1771,2004-05-23 13:00,13,1,1
1772,2004-05-23 14:00,14,1,1
1773,2004-05-23 15:00,15,1,1
1774,2004-05-23 16:00,16,1,1
1775,2004-05-23 17:00,17,1,1
1776,2004-05-23 18:00,18,1,1
1777,2004-05-23 19:00,19,1,1
1778,2004-05-23 20:00,20,1,1
1779,2004-05-23 21:00,21,1,1
1780,2004-05-23 22:00,22,1,1
1781,2004-05-23 23:00,23,1,1
1782,2004-05-24 00:00,0,2,0
1783,2004-05-24 01:00,1,2,0
1784,2004-05-24 02:00,2,2,0
1785,2004-05-24 03:00,3,2,0
1786,2004-05-24 04:00,4,2,0
1787,2004-05-24 05:00,5,2,0
1788,2004-05-24 06:00,6,2,0
1789,2004-05-24 07:00,7,2,0
1790,2004-05-24 08:00,8,2,0
1791,2004-05-24 09:00,9,2,0
1792,2004-05-24 10:00,10,2,0
1793,2004-05-24 11:00,11,2,0
1794,2004-05-24 12:00,12,2,0
1795,2004-05-24 13:00,13,2,0
1796,2004-05-24 14:00,14,2,0
1797,2004-05-24 15:00,15,2,0
1798,2004-05-24 16:00,16,2,0
1799,2004-05-24 17:00,17,2,0
1800,2004-05-24 18:00,18,2,0
1801,2004-05-24 19:00,19,2,0
1802,2004-05-24 20:00,20,2,0
1803,2004-05-24 21:00,21,2,0
1804,2004-05-24 22:00,22,2,0
1805,2004-05-24 23:00,23,2,0
1806,2004-05-25 00:00,0,3,0
1807,2004-05-25 01:00,1,3,0
1808,2004-05-25 02:00,2,3,0
1809,2004-05-25 03:00,3,3,0
1810,2004-05-25 04:00,4,3,0
1811,2004-05-25 05:00,5,3,0
1812,2004-05-25 06:00,6,3,0
1813,2004-05-25 07:00,7,3,0
1814,2004-05-25 08:00,8,3,0
1815,2004-05-25 09:00,9,3,0
1816,2004-05-25 10:00,10,3,0
1817,2004-05-25 11:00,11,3,0
1818,2004-05-25 12:00,12,3,0
1819,2004-05-25 13:00,13,3,0
1820,2004-05-25 14:00,14,3,0
1821,2004-05-25 15:00,15,3,0
1822,2004-05-25 16:00,16,3,0
1823,2004-05-25 17:00,17,3,0
1824,2004-05-25 18:00,18,3,0
1825,2004-05-26 09:00,9,4,0
1826,2004-05-26 10:00,10,4,0
1827,2004-05-26 11:00,11,4,0
1828,2004-05-26 12:00,12,4,0
1829,2004-05-26 13:00,13,4,0
1830,2004-05-26 14:00,14,4,0
1831,2004-05-26 15:00,15,4,0
1832,2004-05-26 16:00,16,4,0
1833,2004-05-26 17:00,17,4,0
1834,2004-05-26 18:00,18,4,0
1835,2004-05-26 19:00,19,4,0
1836,2004-05-26 20:00,20,4,0
1837,2004-05-26 21:00,21,4,0
1838,2004-05-26 22:00,22,4,0
1839,2004-05-26 23:00,23,4,0
1840,2004-05-27 00:00,0,5,0
1841,2004-05-27 01:00,1,5,0
1842,2004-05-27 02:00,2,5,0
1843,2004-05-27 03:00,3,5,0
1844,2004-05-27 04:00,4,5,0
1845,2004-05-27 05:00,5,5,0
1846,2004-05-27 06:00,6,5,0
1847,2004-05-27 07:00,7,5,0
1848,2004-05-27 08:00,8,5,0
1849,2004-05-27 09:00,9,5,0
1850,2004-05-27 10:00,10,5,0
1851,2004-05-27 11:00,11,5,0
1852,2004-05-27 12:00,12,5,0
1853,2004-05-27 13:00,13,5,0
1854,2004-05-27 14:00,14,5,0
1855,2004-05-27 15:00,15,5,0
1856,2004-05-27 16:00,16,5,0
1857,2004-05-27 17:00,17,5,0
1858,2004-05-27 18:00,18,5,0
1859,2004-05-27 19:00,19,5,0
1860,2004-05-27 20:00,20,5,0
1861,2004-05-27 21:00,21,5,0
1862,2004-05-27 22:00,22,5,0
1863,2004-05-27 23:00,23,5,0
1864,2004-05-28 00:00,0,6,0
1865,2004-05-28 01:00,1,6,0
1866,2004-05-28 02:00,2,6,0
1867,2004-05-28 03:00,3,6,0
1868,2004-05-28 04:00,4,6,0
1869,2004-05-28 05:00,5,6,0
1870,2004-05-28 06:00,6,6,0
1871,2004-05-28 07:00,7,6,0
1872,2004-05-28 08:00,8,6,0
1873,2004-05-28 09:00,9,6,0
1874,2004-05-28 10:00,10,6,0
1875,2004-05-28 11:00,11,6,0
1876,2004-05-28 12:00,12,6,0
1877,2004-05-28 13:00,13,6,0
1878,2004-05-28 14:00,14,6,0
1879,2004-05-28 15:00,15,6,0
1880,2004-05-28 16:00,16,6,0
1881,2004-05-28 17:00,17,6,0
1882,2004-05-28 18:00,18,6,0
1883,2004-05-28 19:00,19,6,0
1884,2004-05-28 20:00,20,6,0
1885,2004-05-28 21:00,21,6,0
1886,2004-05-28 22:00,22,6,0
1887,2004-05-28 23:00,23,6,0
1888,2004-05-29 00:00,0,7,1
1889,2004-05-29 01:00,1,7,1
1890,2004-05-29 02:00,2,7,1
1891,2004-05-29 03:00,3,7,1
1892,2004-05-29 04:00,4,7,1
1893,2004-05-29 05:00,5,7,1
1894,2004-05-29 06:00,6,7,1
1895,2004-05-29 07:00,7,7,1
1896,2004-05-29 08:00,8,7,1
1897,2004-05-29 09:00,9,7,1
1898,2004-05-29 10:00,10,7,1
1899,2004-05-29 11:00,11,7,1
1900,2004-05-29 12:00,12,7,1
1901,2004-05-29 13:00,13,7,1
1902,2004-05-29 14:00,14,7,1
1903,2004-05-29 15:00,15,7,1
1904,2004-05-29 16:00,16,7,1
1905,2004-05-29 17:00,17,7,1
1906,2004-05-29 18:00,18,7,1
1907,2004-05-29 19:00,19,7,1
1908,2004-05-29 20:00,20,7,1
1909,2004-05-29 21:00,21,7,1
1910,2004-05-29 22:00,22,7,1
1911,2004-05-29 23:00,23,7,1
1912,2004-05-30 00:00,0,1,1
1913,2004-05-30 01:00,1,1,1
1914,2004-05-30 02:00,2,1,1
1915,2004-05-30 03:00,3,1,1
1916,2004-05-30 04:00,4,1,1
1917,2004-05-30 05:00,5,1,1
1918,2004-05-30 06:00,6,1,1
1919,2004-05-30 07:00,7,1,1
1920,2004-05-30 08:00,8,1,1
1921,2004-05-30 09:00,9,1,1
1922,2004-05-30 10:00,10,1,1
1923,2004-05-30 11:00,11,1,1
1924,2004-05-30 12:00,12,1,1
1925,2004-05-30 13:00,13,1,1
1926,2004-05-30 14:00,14,1,1
1927,2004-05-30 15:00,15,1,1
1928,2004-05-30 16:00,16,1,1
1929,2004-05-30 17:00,17,1,1
1930,2004-05-30 18:00,18,1,1
1931,2004-05-30 19:00,19,1,1
1932,2004-05-30 20:00,20,1,1
1933,2004-05-30 21:00,21,1,1
1934,2004-05-30 22:00,22,1,1
1935,2004-05-30 23:00,23,1,1
1936,2004-05-31 00:00,0,2,0
1937,2004-05-31 01:00,1,2,0
1938,2004-05-31 02:00,2,2,0
1939,2004-05-31 03:00,3,2,0
1940,2004-05-31 04:00,4,2,0
1941,2004-05-31 05:00,5,2,0
1942,2004-05-31 06:00,6,2,0
1943,2004-05-31 07:00,7,2,0
1944,2004-05-31 08:00,8,2,0
1945,2004-05-31 09:00,9,2,0
1946,2004-05-31 10:00,10,2,0
1947,2004-05-31 11:00,11,2,0
1948,2004-05-31 12:00,12,2,0
1949,2004-05-31 13:00,13,2,0
1950,2004-05-31 14:00,14,2,0
1951,2004-05-31 15:00,15,2,0
1952,2004-05-31 16:00,16,2,0
1953,2004-05-31 17:00,17,2,0
1954,2004-05-31 18:00,18,2,0
1955,2004-05-31 19:00,19,2,0
1956,2004-05-31 20:00,20,2,0
1957,2004-05-31 21:00,21,2,0
1958,2004-05-31 22:00,22,2,0
1959,2004-05-31 23:00,23,2,0
1960,2004-06-01 00:00,0,3,0
1961,2004-06-01 01:00,1,3,0
1962,2004-06-01 02:00,2,3,0
1963,2004-06-01 03:00,3,3,0
1964,2004-06-01 04:00,4,3,0
1965,2004-06-01 05:00,5,3,0
1966,2004-06-01 06:00,6,3,0
1967,2004-06-01 07:00,7,3,0
1968,2004-06-01 08:00,8,3,0
1969,2004-06-01 09:00,9,3,0
1970,2004-06-01 10:00,10,3,0
1971,2004-06-01 11:00,11,3,0
1972,2004-06-01 12:00,12,3,0
1973,2004-06-01 13:00,13,3,0
1974,2004-06-01 14:00,14,3,0
1975,2004-06-01 15:00,15,3,0
1976,2004-06-01 16:00,16,3,0
1977,2004-06-01 17:00,17,3,0
1978,2004-06-01 18:00,18,3,0
1979,2004-06-01 19:00,19,3,0
1980,2004-06-01 20:00,20,3,0
1981,2004-06-01 21:00,21,3,0
1982,2004-06-01 22:00,22,3,0
1983,2004-06-01 23:00,23,3,0
1984,2004-06-02 00:00,0,4,0
1985,2004-06-02 01:00,1,4,0
1986,2004-06-02 02:00,2,4,0
1987,2004-06-02 03:00,3,4,0
1988,2004-06-02 04:00,4,4,0
1989,2004-06-02 05:00,5,4,0
1990,2004-06-02 06:00,6,4,0
1991,2004-06-02 07:00,7,4,0
1992,2004-06-02 08:00,8,4,0
1993,2004-06-02 09:00,9,4,0
1994,2004-06-02 10:00,10,4,0
1995,2004-06-02 11:00,11,4,0
1996,2004-06-02 12:00,12,4,0
1997,2004-06-02 13:00,13,4,0
1998,2004-06-02 14:00,14,4,0
1999,2004-06-02 15:00,15,4,0
2000,2004-06-02 16:00,16,4,0
2001,2004-06-02 17:00,17,4,0
2002,2004-06-02 18:00,18,4,0
2003,2004-06-02 19:00,19,4,0
2004,2004-06-02 20:00,20,4,0
2005,2004-06-02 21:00,21,4,0
2006,2004-06-02 22:00,22,4,0
2007,2004-06-02 23:00,23,4,0
2008,2004-06-03 00:00,0,5,0
2009,2004-06-03 01:00,1,5,0
2010,2004-06-03 02:00,2,5,0
2011,2004-06-03 03:00,3,5,0
2012,2004-06-03 04:00,4,5,0
2013,2004-06-03 05:00,5,5,0
2014,2004-06-03 06:00,6,5,0
2015,2004-06-03 07:00,7,5,0
2016,2004-06-03 08:00,8,5,0
2017,2004-06-03 09:00,9,5,0
2018,2004-06-03 10:00,10,5,0
2019,2004-06-03 11:00,11,5,0
2020,2004-06-03 12:00,12,5,0
2021,2004-06-03 13:00,13,5,0
2022,2004-06-03 14:00,14,5,0
2023,2004-06-03 15:00,15,5,0
2024,2004-06-03 16:00,16,5,0
2025,2004-06-03 17:00,17,5,0
2026,2004-06-03 18:00,18,5,0
2027,2004-06-03 19:00,19,5,0
2028,2004-06-03 20:00,20,5,0
2029,2004-06-03 21:00,21,5,0
2030,2004-06-03 22:00,22,5,0
2031,2004-06-03 23:00,23,5,0
2032,2004-06-04 00:00,0,6,0
2033,2004-06-04 01:00,1,6,0
2034,2004-06-04 02:00,2,6,0
2035,2004-06-04 03:00,3,6,0
2036,2004-06-04 04:00,4,6,0
2037,2004-06-04 05:00,5,6,0
2038,2004-06-04 06:00,6,6,0
2039,2004-06-04 07:00,7,6,0
2040,2004-06-04 08:00,8,6,0
2041,2004-06-04 09:00,9,6,0
2042,2004-06-04 10:00,10,6,0
2043,2004-06-04 11:00,11,6,0
2044,2004-06-04 12:00,12,6,0
2045,2004-06-04 13:00,13,6,0
2046,2004-06-04 14:00,14,6,0
2047,2004-06-04 15:00,15,6,0
2048,2004-06-04 16:00,16,6,0
2049,2004-06-04 17:00,17,6,0
2050,2004-06-04 18:00,18,6,0
2051,2004-06-04 19:00,19,6,0
2052,2004-06-04 20:00,20,6,0
2053,2004-06-04 21:00,21,6,0
2054,2004-06-04 22:00,22,6,0
2055,2004-06-04 23:00,23,6,0
2056,2004-06-05 00:00,0,7,1
2057,2004-06-05 01:00,1,7,1
2058,2004-06-05 02:00,2,7,1
2059,2004-06-05 03:00,3,7,1
2060,2004-06-05 04:00,4,7,1
2061,2004-06-05 05:00,5,7,1
2062,2004-06-05 06:00,6,7,1
2063,2004-06-05 07:00,7,7,1
2064,2004-06-05 08:00,8,7,1
2065,2004-06-05 09:00,9,7,1
2066,2004-06-05 10:00,10,7,1
2067,2004-06-05 11:00,11,7,1
2068,2004-06-05 12:00,12,7,1
2069,2004-06-05 13:00,13,7,1
2070,2004-06-05 14:00,14,7,1
2071,2004-06-05 15:00,15,7,1
2072,2004-06-05 16:00,16,7,1
2073,2004-06-05 17:00,17,7,1
2074,2004-06-05 18:00,18,7,1
2075,2004-06-05 19:00,19,7,1
2076,2004-06-05 20:00,20,7,1
2077,2004-06-05 21:00,21,7,1
2078,2004-06-05 22:00,22,7,1
2079,2004-06-05 23:00,23,7,1
2080,2004-06-06 00:00,0,1,1
2081,2004-06-06 01:00,1,1,1
2082,2004-06-06 02:00,2,1,1
2083,2004-06-06 03:00,3,1,1
2084,2004-06-06 04:00,4,1,1
2085,2004-06-06 05:00,5,1,1
2086,2004-06-06 06:00,6,1,1
2087,2004-06-06 07:00,7,1,1
2088,2004-06-06 08:00,8,1,1
2089,2004-06-06 09:00,9,1,1
2090,2004-06-06 10:00,10,1,1
2091,2004-06-06 11:00,11,1,1
2092,2004-06-06 12:00,12,1,1
2093,2004-06-06 13:00,13,1,1
2094,2004-06-06 14:00,14,1,1
2095,2004-06-06 15:00,15,1,1
2096,2004-06-06 16:00,16,1,1
2097,2004-06-06 17:00,17,1,1
2098,2004-06-06 18:00,18,1,1
2099,2004-06-06 19:00,19,1,1
2100,2004-06-06 20:00,20,1,1
2101,2004-06-06 21:00,21,1,1
2102,2004-06-06 22:00,22,1,1
2103,2004-06-06 23:00,23,1,1
2104,2004-06-07 00:00,0,2,0
2105,2004-06-07 01:00,1,2,0
2106,2004-06-07 02:00,2,2,0
2107,2004-06-07 03:00,3,2,0
2108,2004-06-07 04:00,4,2,0
2109,2004-06-07 05:00,5,2,0
2110,2004-06-07 06:00,6,2,0
2111,2004-06-07 07:00,7,2,0
2112,2004-06-07 08:00,8,2,0
2113,2004-06-07 09:00,9,2,0
2114,2004-06-07 10:00,10,2,0
2115,2004-06-07 11:00,11,2,0
2116,2004-06-07 12:00,12,2,0
2117,2004-06-07 13:00,13,2,0
2118,2004-06-07 14:00,14,2,0
2119,2004-06-07 15:00,15,2,0
2120,2004-06-07 16:00,16,2,0
2121,2004-06-07 17:00,17,2,0
2122,2004-06-07 18:00,18,2,0
2123,2004-06-07 19:00,19,2,0
2124,2004-06-07 20:00,20,2,0
2125,2004-06-07 21:00,21,2,0
2126,2004-06-07 22:00,22,2,0
2127,2004-06-07 23:00,23,2,0
2128,2004-06-08 00:00,0,3,0
2129,2004-06-08 01:00,1,3,0
2130,2004-06-08 02:00,2,3,0
2131,2004-06-08 03:00,3,3,0
2132,2004-06-08 04:00,4,3,0
2133,2004-06-08 05:00,5,3,0
2134,2004-06-08 06:00,6,3,0
2135,2004-06-08 07:00,7,3,0
2136,2004-06-08 08:00,8,3,0
2137,2004-06-08 09:00,9,3,0
2138,2004-06-08 10:00,10,3,0
2139,2004-06-08 11:00,11,3,0
2140,2004-06-08 12:00,12,3,0
2141,2004-06-08 13:00,13,3,0
2142,2004-06-08 14:00,14,3,0
2143,2004-06-08 15:00,15,3,0
2144,2004-06-08 16:00,16,3,0
2145,2004-06-08 17:00,17,3,0
2146,2004-06-08 18:00,18,3,0
2147,2004-06-08 19:00,19,3,0
2148,2004-06-08 20:00,20,3,0
2149,2004-06-08 21:00,21,3,0
2150,2004-06-08 22:00,22,3,0
2151,2004-06-08 23:00,23,3,0
2152,2004-06-09 00:00,0,4,0
2153,2004-06-09 01:00,1,4,0
2154,2004-06-09 02:00,2,4,0
2155,2004-06-09 03:00,3,4,0
2156,2004-06-09 04:00,4,4,0
2157,2004-06-09 05:00,5,4,0
2158,2004-06-09 06:00,6,4,0
2159,2004-06-09 07:00,7,4,0
2160,2004-06-09 08:00,8,4,0
2161,2004-06-09 09:00,9,4,0
2162,2004-06-09 10:00,10,4,0
2163,2004-06-09 11:00,11,4,0
2164,2004-06-09 12:00,12,4,0
2165,2004-06-09 13:00,13,4,0
2166,2004-06-09 14:00,14,4,0
2167,2004-06-09 15:00,15,4,0
2168,2004-06-09 16:00,16,4,0
2169,2004-06-09 17:00,17,4,0
2170,2004-06-09 18:00,18,4,0
2171,2004-06-09 19:00,19,4,0
2172,2004-06-09 20:00,20,4,0
2173,2004-06-09 21:00,21,4,0
2174,2004-06-09 22:00,22,4,0
2175,2004-06-09 23:00,23,4,0
2176,2004-06-10 00:00,0,5,0
2177,2004-06-10 01:00,1,5,0
2178,2004-06-10 02:00,2,5,0
2179,2004-06-10 03:00,3,5,0
2180,2004-06-10 04:00,4,5,0
2181,2004-06-10 05:00,5,5,0
2182,2004-06-10 06:00,6,5,0
2183,2004-06-10 07:00,7,5,0
2184,2004-06-10 08:00,8,5,0
2185,2004-06-10 09:00,9,5,0
2186,2004-06-10 10:00,10,5,0
2187,2004-06-10 11:00,11,5,0
2188,2004-06-10 12:00,12,5,0
2189,2004-06-10 13:00,13,5,0
2190,2004-06-10 14:00,14,5,0
2191,2004-06-10 15:00,15,5,0
2192,2004-06-10 16:00,16,5,0
2193,2004-06-10 17:00,17,5,0
2194,2004-06-10 18:00,18,5,0
2195,2004-06-10 19:00,19,5,0
2196,2004-06-10 20:00,20,5,0
2197,2004-06-10 21:00,21,5,0
2198,2004-06-10 22:00,22,5,0
2199,2004-06-10 23:00,23,5,0
2200,2004-06-11 00:00,0,6,0
2201,2004-06-11 01:00,1,6,0
2202,2004-06-11 02:00,2,6,0
2203,2004-06-11 03:00,3,6,0
2204,2004-06-11 04:00,4,6,0
2205,2004-06-11 05:00,5,6,0
2206,2004-06-11 06:00,6,6,0
2207,2004-06-11 07:00,7,6,0
2208,2004-06-11 08:00,8,6,0
2209,2004-06-11 09:00,9,6,0
2210,2004-06-11 10:00,10,6,0
2211,2004-06-11 11:00,11,6,0
2212,2004-06-11 12:00,12,6,0
2213,2004-06-11 13:00,13,6,0
2214,2004-06-11 14:00,14,6,0
2215,2004-06-11 15:00,15,6,0
2216,2004-06-11 16:00,16,6,0
2217,2004-06-11 17:00,17,6,0
2218,2004-06-11 18:00,18,6,0
2219,2004-06-11 19:00,19,6,0
2220,2004-06-11 20:00,20,6,0
2221,2004-06-11 21:00,21,6,0
2222,2004-06-11 22:00,22,6,0
2223,2004-06-11 23:00,23,6,0
2224,2004-06-12 00:00,0,7,1
2225,2004-06-12 01:00,1,7,1
2226,2004-06-12 02:00,2,7,1
2227,2004-06-12 03:00,3,7,1
2228,2004-06-12 04:00,4,7,1
2229,2004-06-12 05:00,5,7,1
2230,2004-06-12 06:00,6,7,1
2231,2004-06-12 07:00,7,7,1
2232,2004-06-12 08:00,8,7,1
2233,2004-06-12 09:00,9,7,1
2234,2004-06-12 10:00,10,7,1
2235,2004-06-12 11:00,11,7,1
2236,2004-06-12 12:00,12,7,1
2237,2004-06-12 13:00,13,7,1
2238,2004-06-12 14:00,14,7,1
2239,2004-06-12 15:00,15,7,1
2240,2004-06-12 16:00,16,7,1
2241,2004-06-12 17:00,17,7,1
2242,2004-06-12 18:00,18,7,1
2243,2004-06-12 19:00,19,7,1
2244,2004-06-12 20:00,20,7,1
2245,2004-06-12 21:00,21,7,1
2246,2004-06-12 22:00,22,7,1
2247,2004-06-12 23:00,23,7,1
2248,2004-06-13 00:00,0,1,1
2249,2004-06-13 01:00,1,1,1
2250,2004-06-13 02:00,2,1,1
2251,2004-06-13 03:00,3,1,1
2252,2004-06-13 04:00,4,1,1
2253,2004-06-13 05:00,5,1,1
2254,2004-06-13 06:00,6,1,1
2255,2004-06-13 07:00,7,1,1
2256,2004-06-13 08:00,8,1,1
2257,2004-06-13 09:00,9,1,1
2258,2004-06-13 10:00,10,1,1
2259,2004-06-13 11:00,11,1,1
2260,2004-06-13 12:00,12,1,1
2261,2004-06-13 13:00,13,1,1
2262,2004-06-13 14:00,14,1,1
2263,2004-06-13 15:00,15,1,1
2264,2004-06-13 16:00,16,1,1
2265,2004-06-13 17:00,17,1,1
2266,2004-06-13 18:00,18,1,1
2267,2004-06-13 19:00,19,1,1
2268,2004-06-13 20:00,20,1,1
2269,2004-06-13 21:00,21,1,1
2270,2004-06-13 22:00,22,1,1
2271,2004-06-13 23:00,23,1,1
2272,2004-06-14 00:00,0,2,0
2273,2004-06-14 01:00,1,2,0
2274,2004-06-14 02:00,2,2,0
2275,2004-06-14 03:00,3,2,0
2276,2004-06-14 04:00,4,2,0
2277,2004-06-14 05:00,5,2,0
2278,2004-06-14 06:00,6,2,0
2279,2004-06-14 07:00,7,2,0
2280,2004-06-14 08:00,8,2,0
2281,2004-06-14 09:00,9,2,0
2282,2004-06-14 10:00,10,2,0
2283,2004-06-14 11:00,11,2,0
2284,2004-06-14 12:00,12,2,0
2285,2004-06-14 13:00,13,2,0
2286,2004-06-14 14:00,14,2,0
2287,2004-06-14 15:00,15,2,0
2288,2004-06-14 16:00,16,2,0
2289,2004-06-14 17:00,17,2,0
2290,2004-06-14 18:00,18,2,0
2291,2004-06-14 19:00,19,2,0
2292,2004-06-14 20:00,20,2,0
2293,2004-06-14 21:00,21,2,0
2294,2004-06-14 22:00,22,2,0
2295,2004-06-14 23:00,23,2,0
2296,2004-06-15 00:00,0,3,0
2297,2004-06-15 01:00,1,3,0
2298,2004-06-15 02:00,2,3,0
2299,2004-06-15 03:00,3,3,0
2300,2004-06-15 04:00,4,3,0
2301,2004-06-15 05:00,5,3,0
2302,2004-06-15 06:00,6,3,0
2303,2004-06-15 07:00,7,3,0
2304,2004-06-15 08:00,8,3,0
2305,2004-06-15 09:00,9,3,0
2306,2004-06-15 10:00,10,3,0
2307,2004-06-15 11:00,11,3,0
2308,2004-06-15 12:00,12,3,0
2309,2004-06-15 13:00,13,3,0
2310,2004-06-15 14:00,14,3,0
2311,2004-06-15 15:00,15,3,0
2312,2004-06-15 16:00,16,3,0
2313,2004-06-15 17:00,17,3,0
2314,2004-06-15 18:00,18,3,0
2315,2004-06-15 19:00,19,3,0
2316,2004-06-15 20:00,20,3,0
2317,2004-06-15 21:00,21,3,0
2318,2004-06-15 22:00,22,3,0
2319,2004-06-15 23:00,23,3,0
2320,2004-06-16 00:00,0,4,0
2321,2004-06-16 01:00,1,4,0
2322,2004-06-16 02:00,2,4,0
2323,2004-06-16 03:00,3,4,0
2324,2004-06-16 04:00,4,4,0
2325,2004-06-16 05:00,5,4,0
2326,2004-06-16 06:00,6,4,0
2327,2004-06-16 07:00,7,4,0
2328,2004-06-16 08:00,8,4,0
2329,2004-06-16 09:00,9,4,0
2330,2004-06-16 10:00,10,4,0
2331,2004-06-16 11:00,11,4,0
2332,2004-06-16 12:00,12,4,0
2333,2004-06-16 13:00,13,4,0
2334,2004-06-16 14:00,14,4,0
2335,2004-06-16 15:00,15,4,0
2336,2004-06-16 16:00,16,4,0
2337,2004-06-16 17:00,17,4,0
2338,2004-06-16 18:00,18,4,0
2339,2004-06-16 19:00,19,4,0
2340,2004-06-16 20:00,20,4,0
2341,2004-06-16 21:00,21,4,0
2342,2004-06-16 22:00,22,4,0
2343,2004-06-16 23:00,23,4,0
2344,2004-06-17 00:00,0,5,0
2345,2004-06-17 01:00,1,5,0
2346,2004-06-17 02:00,2,5,0
2347,2004-06-17 03:00,3,5,0
2348,2004-06-17 04:00,4,5,0
2349,2004-06-17 05:00,5,5,0
2350,2004-06-17 06:00,6,5,0
2351,2004-06-17 07:00,7,5,0
2352,2004-06-17 08:00,8,5,0
2353,2004-06-17 09:00,9,5,0
2354,2004-06-17 10:00,10,5,0
2355,2004-06-17 11:00,11,5,0
2356,2004-06-17 12:00,12,5,0
2357,2004-06-17 13:00,13,5,0
2358,2004-06-17 14:00,14,5,0
2359,2004-06-17 15:00,15,5,0
2360,2004-06-17 16:00,16,5,0
2361,2004-06-17 17:00,17,5,0
2362,2004-06-17 18:00,18,5,0
2363,2004-06-17 19:00,19,5,0
2364,2004-06-17 20:00,20,5,0
2365,2004-06-17 21:00,21,5,0
2366,2004-06-17 22:00,22,5,0
2367,2004-06-17 23:00,23,5,0
2368,2004-06-18 00:00,0,6,0
2369,2004-06-18 01:00,1,6,0
2370,2004-06-18 02:00,2,6,0
2371,2004-06-18 03:00,3,6,0
2372,2004-06-18 04:00,4,6,0
2373,2004-06-18 05:00,5,6,0
2374,2004-06-18 06:00,6,6,0
2375,2004-06-18 07:00,7,6,0
2376,2004-06-18 08:00,8,6,0
2377,2004-06-18 09:00,9,6,0
2378,2004-06-18 10:00,10,6,0
2379,2004-06-18 11:00,11,6,0
2380,2004-06-18 12:00,12,6,0
2381,2004-06-18 13:00,13,6,0
2382,2004-06-18 14:00,14,6,0
2383,2004-06-18 15:00,15,6,0
2384,2004-06-18 16:00,16,6,0
2385,2004-06-18 17:00,17,6,0
2386,2004-06-18 18:00,18,6,0
2387,2004-06-18 19:00,19,6,0
2388,2004-06-18 20:00,20,6,0
2389,2004-06-18 21:00,21,6,0
2390,2004-06-18 22:00,22,6,0
2391,2004-06-18 23:00,23,6,0
2392,2004-06-19 00:00,0,7,1
2393,2004-06-19 01:00,1,7,1
2394,2004-06-19 02:00,2,7,1
2395,2004-06-19 03:00,3,7,1
2396,2004-06-19 04:00,4,7,1
2397,2004-06-19 05:00,5,7,1
2398,2004-06-19 06:00,6,7,1
2399,2004-06-19 07:00,7,7,1
2400,2004-06-19 08:00,8,7,1
2401,2004-06-19 09:00,9,7,1
2402,2004-06-19 10:00,10,7,1
2403,2004-06-19 11:00,11,7,1
2404,2004-06-19 12:00,12,7,1
2405,2004-06-19 13:00,13,7,1
2406,2004-06-19 14:00,14,7,1
2407,2004-06-19 15:00,15,7,1
2408,2004-06-19 16:00,16,7,1
2409,2004-06-19 17:00,17,7,1
2410,2004-06-19 18:00,18,7,1
2411,2004-06-19 19:00,19,7,1
2412,2004-06-19 20:00,20,7,1
2413,2004-06-19 21:00,21,7,1
2414,2004-06-19 22:00,22,7,1
2415,2004-06-19 23:00,23,7,1
2416,2004-06-20 00:00,0,1,1
2417,2004-06-20 01:00,1,1,1
2418,2004-06-20 02:00,2,1,1
2419,2004-06-20 03:00,3,1,1
2420,2004-06-20 04:00,4,1,1
2421,2004-06-20 05:00,5,1,1
2422,2004-06-20 06:00,6,1,1
2423,2004-06-20 07:00,7,1,1
2424,2004-06-20 08:00,8,1,1
2425,2004-06-20 09:00,9,1,1
2426,2004-06-20 10:00,10,1,1
2427,2004-06-20 11:00,11,1,1
2428,2004-06-20 12:00,12,1,1
2429,2004-06-20 13:00,13,1,1
2430,2004-06-20 14:00,14,1,1
2431,2004-06-20 15:00,15,1,1
2432,2004-06-20 16:00,16,1,1
2433,2004-06-20 17:00,17,1,1
2434,2004-06-20 18:00,18,1,1
2435,2004-06-20 19:00,19,1,1
2436,2004-06-20 20:00,20,1,1
2437,2004-06-20 21:00,21,1,1
2438,2004-06-20 22:00,22,1,1
2439,2004-06-20 23:00,23,1,1
2440,2004-06-21 00:00,0,2,0
2441,2004-06-21 01:00,1,2,0
2442,2004-06-21 02:00,2,2,0
2443,2004-06-21 03:00,3,2,0
2444,2004-06-21 04:00,4,2,0
2445,2004-06-21 05:00,5,2,0
2446,2004-06-21 06:00,6,2,0
2447,2004-06-21 07:00,7,2,0
2448,2004-06-21 08:00,8,2,0
2449,2004-06-21 09:00,9,2,0
2450,2004-06-21 10:00,10,2,0
2451,2004-06-21 11:00,11,2,0
2452,2004-06-21 12:00,12,2,0
2453,2004-06-21 13:00,13,2,0
2454,2004-06-21 14:00,14,2,0
2455,2004-06-21 15:00,15,2,0
2456,2004-06-21 16:00,16,2,0
2457,2004-06-21 17:00,17,2,0
2458,2004-06-21 18:00,18,2,0
2459,2004-06-21 19:00,19,2,0
2460,2004-06-21 20:00,20,2,0
2461,2004-06-21 21:00,21,2,0
2462,2004-06-21 22:00,22,2,0
2463,2004-06-21 23:00,23,2,0
2464,2004-06-22 00:00,0,3,0
2465,2004-06-22 01:00,1,3,0
2466,2004-06-22 02:00,2,3,0
2467,2004-06-22 03:00,3,3,0
2468,2004-06-22 04:00,4,3,0
2469,2004-06-22 05:00,5,3,0
2470,2004-06-22 06:00,6,3,0
2471,2004-06-22 07:00,7,3,0
2472,2004-06-22 08:00,8,3,0
2473,2004-06-22 09:00,9,3,0
2474,2004-06-22 10:00,10,3,0
2475,2004-06-22 11:00,11,3,0
2476,2004-06-22 12:00,12,3,0
2477,2004-06-22 13:00,13,3,0
2478,2004-06-22 14:00,14,3,0
2479,2004-06-22 15:00,15,3,0
2480,2004-06-22 16:00,16,3,0
2481,2004-06-22 17:00,17,3,0
2482,2004-06-22 18:00,18,3,0
2483,2004-06-22 19:00,19,3,0
2484,2004-06-22 20:00,20,3,0
2485,2004-06-22 21:00,21,3,0
2486,2004-06-22 22:00,22,3,0
2487,2004-06-22 23:00,23,3,0
2488,2004-06-23 00:00,0,4,0
2489,2004-06-23 01:00,1,4,0
2490,2004-06-23 02:00,2,4,0
2491,2004-06-23 03:00,3,4,0
2492,2004-06-23 04:00,4,4,0
2493,2004-06-23 05:00,5,4,0
2494,2004-06-23 06:00,6,4,0
2495,2004-06-23 07:00,7,4,0
2496,2004-06-23 08:00,8,4,0
2497,2004-06-23 09:00,9,4,0
2498,2004-06-23 10:00,10,4,0
2499,2004-06-23 11:00,11,4,0
2500,2004-06-23 12:00,12,4,0
2501,2004-06-23 13:00,13,4,0
2502,2004-06-23 14:00,14,4,0
2503,2004-06-23 15:00,15,4,0
2504,2004-06-23 16:00,16,4,0
2505,2004-06-23 17:00,17,4,0
2506,2004-06-23 18:00,18,4,0
2507,2004-06-23 19:00,19,4,0
2508,2004-06-23 20:00,20,4,0
2509,2004-06-23 21:00,21,4,0
2510,2004-06-23 22:00,22,4,0
2511,2004-06-23 23:00,23,4,0
2512,2004-06-24 00:00,0,5,0
2513,2004-06-24 01:00,1,5,0
2514,2004-06-24 02:00,2,5,0
2515,2004-06-24 03:00,3,5,0
2516,2004-06-24 04:00,4,5,0
2517,2004-06-24 05:00,5,5,0
2518,2004-06-24 06:00,6,5,0
2519,2004-06-24 07:00,7,5,0
2520,2004-06-24 08:00,8,5,0
2521,2004-06-24 09:00,9,5,0
2522,2004-06-24 10:00,10,5,0
2523,2004-06-24 11:00,11,5,0
2524,2004-06-24 12:00,12,5,0
2525,2004-06-24 13:00,13,5,0
2526,2004-06-24 14:00,14,5,0
2527,2004-06-24 15:00,15,5,0
2528,2004-06-24 16:00,16,5,0
2529,2004-06-24 17:00,17,5,0
2530,2004-06-24 18:00,18,5,0
2531,2004-06-24 19:00,19,5,0
2532,2004-06-24 20:00,20,5,0
2533,2004-06-24 21:00,21,5,0
2534,2004-06-24 22:00,22,5,0
2535,2004-06-24 23:00,23,5,0
2536,2004-06-25 00:00,0,6,0
2537,2004-06-25 01:00,1,6,0
2538,2004-06-25 02:00,2,6,0
2539,2004-06-25 03:00,3,6,0
2540,2004-06-25 04:00,4,6,0
2541,2004-06-25 05:00,5,6,0
2542,2004-06-25 06:00,6,6,0
2543,2004-06-25 07:00,7,6,0
2544,2004-06-25 08:00,8,6,0
2545,2004-06-25 09:00,9,6,0
2546,2004-06-25 10:00,10,6,0
2547,2004-06-25 11:00,11,6,0
2548,2004-06-25 12:00,12,6,0
2549,2004-06-25 13:00,13,6,0
2550,2004-06-25 14:00,14,6,0
2551,2004-06-25 15:00,15,6,0
2552,2004-06-25 16:00,16,6,0
2553,2004-06-25 17:00,17,6,0
2554,2004-06-25 18:00,18,6,0
2555,2004-06-25 19:00,19,6,0
2556,2004-06-25 20:00,20,6,0
2557,2004-06-25 21:00,21,6,0
2558,2004-06-25 22:00,22,6,0
2559,2004-06-25 23:00,23,6,0
2560,2004-06-26 00:00,0,7,1
2561,2004-06-26 01:00,1,7,1
2562,2004-06-26 02:00,2,7,1
2563,2004-06-26 03:00,3,7,1
2564,2004-06-26 04:00,4,7,1
2565,2004-06-26 05:00,5,7,1
2566,2004-06-26 06:00,6,7,1
2567,2004-06-26 07:00,7,7,1
2568,2004-06-26 08:00,8,7,1
2569,2004-06-26 09:00,9,7,1
2570,2004-06-26 10:00,10,7,1
2571,2004-06-26 11:00,11,7,1
2572,2004-06-26 12:00,12,7,1
2573,2004-06-26 13:00,13,7,1
2574,2004-06-26 14:00,14,7,1
2575,2004-06-26 15:00,15,7,1
2576,2004-06-26 16:00,16,7,1
2577,2004-06-26 17:00,17,7,1
2578,2004-06-26 18:00,18,7,1
2579,2004-06-26 19:00,19,7,1
2580,2004-06-26 20:00,20,7,1
2581,2004-06-26 21:00,21,7,1
2582,2004-06-26 22:00,22,7,1
2583,2004-06-26 23:00,23,7,1
2584,2004-06-27 00:00,0,1,1
2585,2004-06-27 01:00,1,1,1
2586,2004-06-27 02:00,2,1,1
2587,2004-06-27 03:00,3,1,1
2588,2004-06-27 04:00,4,1,1
2589,2004-06-27 05:00,5,1,1
2590,2004-06-27 06:00,6,1,1
2591,2004-06-27 07:00,7,1,1
2592,2004-06-27 08:00,8,1,1
2593,2004-06-27 09:00,9,1,1
2594,2004-06-27 10:00,10,1,1
2595,2004-06-27 11:00,11,1,1
2596,2004-06-27 12:00,12,1,1
2597,2004-06-27 13:00,13,1,1
2598,2004-06-27 14:00,14,1,1
2599,2004-06-27 15:00,15,1,1
2600,2004-06-27 16:00,16,1,1
2601,2004-06-27 17:00,17,1,1
2602,2004-06-27 18:00,18,1,1
2603,2004-06-27 19:00,19,1,1
2604,2004-06-27 20:00,20,1,1
2605,2004-06-27 21:00,21,1,1
2606,2004-06-27 22:00,22,1,1
2607,2004-06-27 23:00,23,1,1
2608,2004-06-28 00:00,0,2,0
2609,2004-06-28 01:00,1,2,0
2610,2004-06-28 02:00,2,2,0
2611,2004-06-28 03:00,3,2,0
2612,2004-06-28 04:00,4,2,0
2613,2004-06-28 05:00,5,2,0
2614,2004-06-28 06:00,6,2,0
2615,2004-06-28 07:00,7,2,0
2616,2004-06-28 08:00,8,2,0
2617,2004-06-28 09:00,9,2,0
2618,2004-06-28 10:00,10,2,0
2619,2004-06-28 11:00,11,2,0
2620,2004-06-28 12:00,12,2,0
2621,2004-06-28 13:00,13,2,0
2622,2004-06-28 14:00,14,2,0
2623,2004-06-28 15:00,15,2,0
2624,2004-06-28 16:00,16,2,0
2625,2004-06-28 17:00,17,2,0
2626,2004-06-28 18:00,18,2,0
2627,2004-06-28 19:00,19,2,0
2628,2004-06-28 20:00,20,2,0
2629,2004-06-28 21:00,21,2,0
2630,2004-06-28 22:00,22,2,0
2631,2004-06-28 23:00,23,2,0
2632,2004-06-29 00:00,0,3,0
2633,2004-06-29 01:00,1,3,0
2634,2004-06-29 02:00,2,3,0
2635,2004-06-29 03:00,3,3,0
2636,2004-06-29 04:00,4,3,0
2637,2004-06-29 05:00,5,3,0
2638,2004-06-29 06:00,6,3,0
2639,2004-06-29 07:00,7,3,0
2640,2004-06-29 08:00,8,3,0
2641,2004-06-29 09:00,9,3,0
2642,2004-06-29 10:00,10,3,0
2643,2004-06-29 11:00,11,3,0
2644,2004-06-29 12:00,12,3,0
2645,2004-06-29 13:00,13,3,0
2646,2004-06-29 14:00,14,3,0
2647,2004-06-29 15:00,15,3,0
2648,2004-06-29 16:00,16,3,0
2649,2004-06-29 17:00,17,3,0
2650,2004-06-29 18:00,18,3,0
2651,2004-06-29 19:00,19,3,0
2652,2004-06-29 20:00,20,3,0
2653,2004-06-29 21:00,21,3,0
2654,2004-06-29 22:00,22,3,0
2655,2004-06-29 23:00,23,3,0
2656,2004-06-30 00:00,0,4,0
2657,2004-06-30 01:00,1,4,0
2658,2004-06-30 02:00,2,4,0
2659,2004-06-30 03:00,3,4,0
2660,2004-06-30 04:00,4,4,0
2661,2004-06-30 05:00,5,4,0
2662,2004-06-30 06:00,6,4,0
2663,2004-06-30 07:00,7,4,0
2664,2004-06-30 08:00,8,4,0
2665,2004-06-30 09:00,9,4,0
2666,2004-06-30 10:00,10,4,0
2667,2004-06-30 11:00,11,4,0
2668,2004-06-30 12:00,12,4,0
2669,2004-06-30 13:00,13,4,0
2670,2004-06-30 14:00,14,4,0
2671,2004-06-30 15:00,15,4,0
2672,2004-06-30 16:00,16,4,0
2673,2004-06-30 17:00,17,4,0
2674,2004-06-30 18:00,18,4,0
2675,2004-06-30 19:00,19,4,0
2676,2004-06-30 20:00,20,4,0
2677,2004-06-30 21:00,21,4,0
2678,2004-06-30 22:00,22,4,0
2679,2004-06-30 23:00,23,4,0
2680,2004-07-01 00:00,0,5,0
2681,2004-07-01 01:00,1,5,0
2682,2004-07-01 02:00,2,5,0
2683,2004-07-01 03:00,3,5,0
2684,2004-07-01 04:00,4,5,0
2685,2004-07-01 05:00,5,5,0
2686,2004-07-01 06:00,6,5,0
2687,2004-07-01 07:00,7,5,0
2688,2004-07-01 08:00,8,5,0
2689,2004-07-01 09:00,9,5,0
2690,2004-07-01 10:00,10,5,0
2691,2004-07-01 11:00,11,5,0
2692,2004-07-01 12:00,12,5,0
2693,2004-07-01 13:00,13,5,0
2694,2004-07-01 14:00,14,5,0
2695,2004-07-01 15:00,15,5,0
2696,2004-07-01 16:00,16,5,0
2697,2004-07-01 17:00,17,5,0
2698,2004-07-01 18:00,18,5,0
2699,2004-07-01 19:00,19,5,0
2700,2004-07-01 20:00,20,5,0
2701,2004-07-01 21:00,21,5,0
2702,2004-07-01 22:00,22,5,0
2703,2004-07-01 23:00,23,5,0
2704,2004-07-02 00:00,0,6,0
2705,2004-07-02 01:00,1,6,0
2706,2004-07-02 02:00,2,6,0
2707,2004-07-02 03:00,3,6,0
2708,2004-07-02 04:00,4,6,0
2709,2004-07-02 05:00,5,6,0
2710,2004-07-02 06:00,6,6,0
2711,2004-07-02 07:00,7,6,0
2712,2004-07-02 08:00,8,6,0
2713,2004-07-02 09:00,9,6,0
2714,2004-07-02 10:00,10,6,0
2715,2004-07-02 11:00,11,6,0
2716,2004-07-02 12:00,12,6,0
2717,2004-07-02 13:00,13,6,0
2718,2004-07-02 14:00,14,6,0
2719,2004-07-02 15:00,15,6,0
2720,2004-07-02 16:00,16,6,0
2721,2004-07-02 17:00,17,6,0
2722,2004-07-02 18:00,18,6,0
2723,2004-07-02 19:00,19,6,0
2724,2004-07-02 20:00,20,6,0
2725,2004-07-02 21:00,21,6,0
2726,2004-07-02 22:00,22,6,0
2727,2004-07-02 23:00,23,6,0
2728,2004-07-03 00:00,0,7,1
2729,2004-07-03 01:00,1,7,1
2730,2004-07-03 02:00,2,7,1
2731,2004-07-03 03:00,3,7,1
2732,2004-07-03 04:00,4,7,1
2733,2004-07-03 05:00,5,7,1
2734,2004-07-03 06:00,6,7,1
2735,2004-07-03 07:00,7,7,1
2736,2004-07-03 08:00,8,7,1
2737,2004-07-03 09:00,9,7,1
2738,2004-07-03 10:00,10,7,1
2739,2004-07-03 11:00,11,7,1
2740,2004-07-03 12:00,12,7,1
2741,2004-07-03 13:00,13,7,1
2742,2004-07-03 14:00,14,7,1
2743,2004-07-03 15:00,15,7,1
2744,2004-07-03 16:00,16,7,1
2745,2004-07-03 17:00,17,7,1
2746,2004-07-03 18:00,18,7,1
2747,2004-07-03 19:00,19,7,1
2748,2004-07-03 20:00,20,7,1
2749,2004-07-03 21:00,21,7,1
2750,2004-07-03 22:00,22,7,1
2751,2004-07-03 23:00,23,7,1
2752,2004-07-04 00:00,0,1,1
2753,2004-07-04 01:00,1,1,1
2754,2004-07-04 02:00,2,1,1
2755,2004-07-04 03:00,3,1,1
2756,2004-07-04 04:00,4,1,1
2757,2004-07-04 05:00,5,1,1
2758,2004-07-04 06:00,6,1,1
2759,2004-07-04 07:00,7,1,1
2760,2004-07-04 08:00,8,1,1
2761,2004-07-04 09:00,9,1,1
2762,2004-07-04 10:00,10,1,1
2763,2004-07-04 11:00,11,1,1
2764,2004-07-04 12:00,12,1,1
2765,2004-07-04 13:00,13,1,1
2766,2004-07-04 14:00,14,1,1
2767,2004-07-04 15:00,15,1,1
2768,2004-07-04 16:00,16,1,1
2769,2004-07-04 17:00,17,1,1
2770,2004-07-04 18:00,18,1,1
2771,2004-07-04 19:00,19,1,1
2772,2004-07-04 20:00,20,1,1
2773,2004-07-04 21:00,21,1,1
2774,2004-07-04 22:00,22,1,1
2775,2004-07-04 23:00,23,1,1
2776,2004-07-05 00:00,0,2,0
2777,2004-07-05 01:00,1,2,0
2778,2004-07-05 02:00,2,2,0
2779,2004-07-05 03:00,3,2,0
2780,2004-07-05 04:00,4,2,0
2781,2004-07-05 05:00,5,2,0
2782,2004-07-05 06:00,6,2,0
2783,2004-07-05 07:00,7,2,0
2784,2004-07-05 08:00,8,2,0
2785,2004-07-05 09:00,9,2,0
2786,2004-07-05 10:00,10,2,0
2787,2004-07-05 11:00,11,2,0
2788,2004-07-05 12:00,12,2,0
2789,2004-07-05 13:00,13,2,0
2790,2004-07-05 14:00,14,2,0
2791,2004-07-05 15:00,15,2,0
2792,2004-07-05 16:00,16,2,0
2793,2004-07-05 17:00,17,2,0
2794,2004-07-05 18:00,18,2,0
2795,2004-07-05 19:00,19,2,0
2796,2004-07-05 20:00,20,2,0
2797,2004-07-05 21:00,21,2,0
2798,2004-07-05 22:00,22,2,0
2799,2004-07-05 23:00,23,2,0
2800,2004-07-06 00:00,0,3,0
2801,2004-07-06 01:00,1,3,0
2802,2004-07-06 02:00,2,3,0
2803,2004-07-06 03:00,3,3,0
2804,2004-07-06 04:00,4,3,0
2805,2004-07-06 05:00,5,3,0
2806,2004-07-06 06:00,6,3,0
2807,2004-07-06 07:00,7,3,0
2808,2004-07-06 08:00,8,3,0
2809,2004-07-06 09:00,9,3,0
2810,2004-07-06 10:00,10,3,0
2811,2004-07-06 11:00,11,3,0
2812,2004-07-06 12:00,12,3,0
2813,2004-07-06 13:00,13,3,0
2814,2004-07-06 14:00,14,3,0
2815,2004-07-06 15:00,15,3,0
2816,2004-07-06 16:00,16,3,0
2817,2004-07-06 17:00,17,3,0
2818,2004-07-06 18:00,18,3,0
2819,2004-07-06 19:00,19,3,0
2820,2004-07-06 20:00,20,3,0
2821,2004-07-06 21:00,21,3,0
2822,2004-07-06 22:00,22,3,0
2823,2004-07-06 23:00,23,3,0
2824,2004-07-07 00:00,0,4,0
2825,2004-07-07 01:00,1,4,0
2826,2004-07-07 02:00,2,4,0
2827,2004-07-07 03:00,3,4,0
2828,2004-07-07 04:00,4,4,0
2829,2004-07-07 05:00,5,4,0
2830,2004-07-07 06:00,6,4,0
2831,2004-07-07 07:00,7,4,0
2832,2004-07-07 08:00,8,4,0
2833,2004-07-07 09:00,9,4,0
2834,2004-07-07 10:00,10,4,0
2835,2004-07-07 11:00,11,4,0
2836,2004-07-07 12:00,12,4,0
2837,2004-07-07 13:00,13,4,0
2838,2004-07-07 14:00,14,4,0
2839,2004-07-07 15:00,15,4,0
2840,2004-07-07 16:00,16,4,0
2841,2004-07-07 17:00,17,4,0
2842,2004-07-07 18:00,18,4,0
2843,2004-07-07 19:00,19,4,0
2844,2004-07-07 20:00,20,4,0
2845,2004-07-07 21:00,21,4,0
2846,2004-07-07 22:00,22,4,0
2847,2004-07-07 23:00,23,4,0
2848,2004-07-08 00:00,0,5,0
2849,2004-07-08 01:00,1,5,0
2850,2004-07-08 02:00,2,5,0
2851,2004-07-08 03:00,3,5,0
2852,2004-07-08 04:00,4,5,0
2853,2004-07-08 05:00,5,5,0
2854,2004-07-08 06:00,6,5,0
2855,2004-07-08 07:00,7,5,0
2856,2004-07-08 08:00,8,5,0
2857,2004-07-08 09:00,9,5,0
2858,2004-07-08 10:00,10,5,0
2859,2004-07-08 11:00,11,5,0
2860,2004-07-08 12:00,12,5,0
2861,2004-07-08 13:00,13,5,0
2862,2004-07-08 14:00,14,5,0
2863,2004-07-08 15:00,15,5,0
2864,2004-07-08 16:00,16,5,0
2865,2004-07-08 17:00,17,5,0
2866,2004-07-08 18:00,18,5,0
2867,2004-07-08 19:00,19,5,0
2868,2004-07-08 20:00,20,5,0
2869,2004-07-08 21:00,21,5,0
2870,2004-07-08 22:00,22,5,0
2871,2004-07-08 23:00,23,5,0
2872,2004-07-09 00:00,0,6,0
2873,2004-07-09 01:00,1,6,0
2874,2004-07-09 02:00,2,6,0
2875,2004-07-09 03:00,3,6,0
2876,2004-07-09 04:00,4,6,0
2877,2004-07-09 05:00,5,6,0
2878,2004-07-09 06:00,6,6,0
2879,2004-07-09 07:00,7,6,0
2880,2004-07-09 08:00,8,6,0
2881,2004-07-09 09:00,9,6,0
2882,2004-07-09 10:00,10,6,0
2883,2004-07-09 11:00,11,6,0
2884,2004-07-09 12:00,12,6,0
2885,2004-07-09 13:00,13,6,0
2886,2004-07-09 14:00,14,6,0
2887,2004-07-09 15:00,15,6,0
2888,2004-07-09 16:00,16,6,0
2889,2004-07-09 17:00,17,6,0
2890,2004-07-09 18:00,18,6,0
2891,2004-07-09 19:00,19,6,0
2892,2004-07-09 20:00,20,6,0
2893,2004-07-09 21:00,21,6,0
2894,2004-07-09 22:00,22,6,0
2895,2004-07-09 23:00,23,6,0
2896,2004-07-10 00:00,0,7,1
2897,2004-07-10 01:00,1,7,1
2898,2004-07-10 02:00,2,7,1
2899,2004-07-10 03:00,3,7,1
2900,2004-07-10 04:00,4,7,1
2901,2004-07-10 05:00,5,7,1
2902,2004-07-10 06:00,6,7,1
2903,2004-07-10 07:00,7,7,1
2904,2004-07-10 08:00,8,7,1
2905,2004-07-10 09:00,9,7,1
2906,2004-07-10 10:00,10,7,1
2907,2004-07-10 11:00,11,7,1
2908,2004-07-10 12:00,12,7,1
2909,2004-07-10 13:00,13,7,1
2910,2004-07-10 14:00,14,7,1
2911,2004-07-10 15:00,15,7,1
2912,2004-07-10 16:00,16,7,1
2913,2004-07-10 17:00,17,7,1
2914,2004-07-10 18:00,18,7,1
2915,2004-07-10 19:00,19,7,1
2916,2004-07-10 20:00,20,7,1
2917,2004-07-10 21:00,21,7,1
2918,2004-07-10 22:00,22,7,1
2919,2004-07-10 23:00,23,7,1
2920,2004-07-11 00:00,0,1,1
2921,2004-07-11 01:00,1,1,1
2922,2004-07-11 02:00,2,1,1
2923,2004-07-11 03:00,3,1,1
2924,2004-07-11 04:00,4,1,1
2925,2004-07-11 05:00,5,1,1
2926,2004-07-11 06:00,6,1,1
2927,2004-07-11 07:00,7,1,1
2928,2004-07-11 08:00,8,1,1
2929,2004-07-11 09:00,9,1,1
2930,2004-07-11 10:00,10,1,1
2931,2004-07-11 11:00,11,1,1
2932,2004-07-11 12:00,12,1,1
2933,2004-07-11 13:00,13,1,1
2934,2004-07-11 14:00,14,1,1
2935,2004-07-11 15:00,15,1,1
2936,2004-07-11 16:00,16,1,1
2937,2004-07-11 17:00,17,1,1
2938,2004-07-11 18:00,18,1,1
2939,2004-07-11 19:00,19,1,1
2940,2004-07-11 20:00,20,1,1
2941,2004-07-11 21:00,21,1,1
2942,2004-07-11 22:00,22,1,1
2943,2004-07-11 23:00,23,1,1
2944,2004-07-12 00:00,0,2,0
2945,2004-07-12 01:00,1,2,0
2946,2004-07-12 02:00,2,2,0
2947,2004-07-12 03:00,3,2,0
2948,2004-07-12 04:00,4,2,0
2949,2004-07-12 05:00,5,2,0
2950,2004-07-12 06:00,6,2,0
2951,2004-07-12 07:00,7,2,0
2952,2004-07-12 08:00,8,2,0
2953,2004-07-12 09:00,9,2,0
2954,2004-07-12 10:00,10,2,0
2955,2004-07-12 11:00,11,2,0
2956,2004-07-12 12:00,12,2,0
2957,2004-07-12 13:00,13,2,0
2958,2004-07-12 14:00,14,2,0
2959,2004-07-12 15:00,15,2,0
2960,2004-07-12 16:00,16,2,0
2961,2004-07-12 17:00,17,2,0
2962,2004-07-12 18:00,18,2,0
2963,2004-07-12 19:00,19,2,0
2964,2004-07-12 20:00,20,2,0
2965,2004-07-12 21:00,21,2,0
2966,2004-07-12 22:00,22,2,0
2967,2004-07-12 23:00,23,2,0
2968,2004-07-13 00:00,0,3,0
2969,2004-07-13 01:00,1,3,0
2970,2004-07-13 02:00,2,3,0
2971,2004-07-13 03:00,3,3,0
2972,2004-07-13 04:00,4,3,0
2973,2004-07-13 05:00,5,3,0
2974,2004-07-13 06:00,6,3,0
2975,2004-07-13 07:00,7,3,0
2976,2004-07-13 08:00,8,3,0
2977,2004-07-13 09:00,9,3,0
2978,2004-07-13 10:00,10,3,0
2979,2004-07-13 11:00,11,3,0
2980,2004-07-13 12:00,12,3,0
2981,2004-07-13 13:00,13,3,0
2982,2004-07-13 14:00,14,3,0
2983,2004-07-13 15:00,15,3,0
2984,2004-07-13 16:00,16,3,0
2985,2004-07-13 17:00,17,3,0
2986,2004-07-13 18:00,18,3,0
2987,2004-07-13 19:00,19,3,0
2988,2004-07-13 20:00,20,3,0
2989,2004-07-13 21:00,21,3,0
2990,2004-07-13 22:00,22,3,0
2991,2004-07-13 23:00,23,3,0
2992,2004-07-14 00:00,0,4,0
2993,2004-07-14 01:00,1,4,0
2994,2004-07-14 02:00,2,4,0
2995,2004-07-14 03:00,3,4,0
2996,2004-07-14 04:00,4,4,0
2997,2004-07-14 05:00,5,4,0
2998,2004-07-14 06:00,6,4,0
2999,2004-07-14 07:00,7,4,0
3000,2004-07-14 08:00,8,4,0
3001,2004-07-14 09:00,9,4,0
3002,2004-07-14 10:00,10,4,0
3003,2004-07-14 11:00,11,4,0
3004,2004-07-14 12:00,12,4,0
3005,2004-07-14 13:00,13,4,0
3006,2004-07-14 14:00,14,4,0
3007,2004-07-14 15:00,15,4,0
3008,2004-07-14 16:00,16,4,0
3009,2004-07-14 17:00,17,4,0
3010,2004-07-14 18:00,18,4,0
3011,2004-07-14 19:00,19,4,0
3012,2004-07-14 20:00,20,4,0
3013,2004-07-14 21:00,21,4,0
3014,2004-07-14 22:00,22,4,0
3015,2004-07-14 23:00,23,4,0
3016,2004-07-15 00:00,0,5,0
3017,2004-07-15 01:00,1,5,0
3018,2004-07-15 02:00,2,5,0
3019,2004-07-15 03:00,3,5,0
3020,2004-07-15 04:00,4,5,0
3021,2004-07-15 05:00,5,5,0
3022,2004-07-15 06:00,6,5,0
3023,2004-07-15 07:00,7,5,0
3024,2004-07-15 08:00,8,5,0
3025,2004-07-15 09:00,9,5,0
3026,2004-07-15 10:00,10,5,0
3027,2004-07-15 11:00,11,5,0
3028,2004-07-15 12:00,12,5,0
3029,2004-07-15 13:00,13,5,0
3030,2004-07-15 14:00,14,5,0
3031,2004-07-15 15:00,15,5,0
3032,2004-07-15 16:00,16,5,0
3033,2004-07-15 17:00,17,5,0
3034,2004-07-15 18:00,18,5,0
3035,2004-07-15 19:00,19,5,0
3036,2004-07-15 20:00,20,5,0
3037,2004-07-15 21:00,21,5,0
3038,2004-07-15 22:00,22,5,0
3039,2004-07-15 23:00,23,5,0
3040,2004-07-16 00:00,0,6,0
3041,2004-07-16 01:00,1,6,0
3042,2004-07-16 02:00,2,6,0
3043,2004-07-16 03:00,3,6,0
3044,2004-07-16 04:00,4,6,0
3045,2004-07-16 05:00,5,6,0
3046,2004-07-16 06:00,6,6,0
3047,2004-07-16 07:00,7,6,0
3048,2004-07-16 08:00,8,6,0
3049,2004-07-16 09:00,9,6,0
3050,2004-07-16 10:00,10,6,0
3051,2004-07-16 11:00,11,6,0
3052,2004-07-16 12:00,12,6,0
3053,2004-07-16 13:00,13,6,0
3054,2004-07-16 14:00,14,6,0
3055,2004-07-16 15:00,15,6,0
3056,2004-07-16 16:00,16,6,0
3057,2004-07-16 17:00,17,6,0
3058,2004-07-16 18:00,18,6,0
3059,2004-07-16 19:00,19,6,0
3060,2004-07-16 20:00,20,6,0
3061,2004-07-16 21:00,21,6,0
3062,2004-07-16 22:00,22,6,0
3063,2004-07-16 23:00,23,6,0
3064,2004-07-17 00:00,0,7,1
3065,2004-07-17 01:00,1,7,1
3066,2004-07-17 02:00,2,7,1
3067,2004-07-17 03:00,3,7,1
3068,2004-07-17 04:00,4,7,1
3069,2004-07-17 05:00,5,7,1
3070,2004-07-17 06:00,6,7,1
3071,2004-07-17 07:00,7,7,1
3072,2004-07-17 08:00,8,7,1
3073,2004-07-17 09:00,9,7,1
3074,2004-07-17 10:00,10,7,1
3075,2004-07-17 11:00,11,7,1
3076,2004-07-17 12:00,12,7,1
3077,2004-07-17 13:00,13,7,1
3078,2004-07-17 14:00,14,7,1
3079,2004-07-17 15:00,15,7,1
3080,2004-07-17 16:00,16,7,1
3081,2004-07-17 17:00,17,7,1
3082,2004-07-17 18:00,18,7,1
3083,2004-07-17 19:00,19,7,1
3084,2004-07-17 20:00,20,7,1
3085,2004-07-17 21:00,21,7,1
3086,2004-07-17 22:00,22,7,1
3087,2004-07-17 23:00,23,7,1
3088,2004-07-18 00:00,0,1,1
3089,2004-07-18 01:00,1,1,1
3090,2004-07-18 02:00,2,1,1
3091,2004-07-18 03:00,3,1,1
3092,2004-07-18 04:00,4,1,1
3093,2004-07-18 05:00,5,1,1
3094,2004-07-18 06:00,6,1,1
3095,2004-07-18 07:00,7,1,1
3096,2004-07-18 08:00,8,1,1
3097,2004-07-18 09:00,9,1,1
3098,2004-07-18 10:00,10,1,1
3099,2004-07-18 11:00,11,1,1
3100,2004-07-18 12:00,12,1,1
3101,2004-07-18 13:00,13,1,1
3102,2004-07-18 14:00,14,1,1
3103,2004-07-18 15:00,15,1,1
3104,2004-07-18 16:00,16,1,1
3105,2004-07-18 17:00,17,1,1
3106,2004-07-18 18:00,18,1,1
3107,2004-07-18 19:00,19,1,1
3108,2004-07-18 20:00,20,1,1
3109,2004-07-18 21:00,21,1,1
3110,2004-07-18 22:00,22,1,1
3111,2004-07-18 23:00,23,1,1
3112,2004-07-19 00:00,0,2,0
3113,2004-07-19 01:00,1,2,0
3114,2004-07-19 02:00,2,2,0
3115,2004-07-19 03:00,3,2,0
3116,2004-07-19 04:00,4,2,0
3117,2004-07-19 05:00,5,2,0
3118,2004-07-19 06:00,6,2,0
3119,2004-07-19 07:00,7,2,0
3120,2004-07-19 08:00,8,2,0
3121,2004-07-19 09:00,9,2,0
3122,2004-07-19 10:00,10,2,0
3123,2004-07-19 11:00,11,2,0
3124,2004-07-19 12:00,12,2,0
3125,2004-07-19 13:00,13,2,0
3126,2004-07-19 14:00,14,2,0
3127,2004-07-19 15:00,15,2,0
3128,2004-07-19 16:00,16,2,0
3129,2004-07-19 17:00,17,2,0
3130,2004-07-19 18:00,18,2,0
3131,2004-07-19 19:00,19,2,0
3132,2004-07-19 20:00,20,2,0
3133,2004-07-19 21:00,21,2,0
3134,2004-07-19 22:00,22,2,0
3135,2004-07-19 23:00,23,2,0
3136,2004-07-20 00:00,0,3,0
3137,2004-07-20 01:00,1,3,0
3138,2004-07-20 02:00,2,3,0
3139,2004-07-20 03:00,3,3,0
3140,2004-07-20 04:00,4,3,0
3141,2004-07-20 05:00,5,3,0
3142,2004-07-20 06:00,6,3,0
3143,2004-07-20 07:00,7,3,0
3144,2004-07-20 08:00,8,3,0
3145,2004-07-20 09:00,9,3,0
3146,2004-07-20 10:00,10,3,0
3147,2004-07-20 11:00,11,3,0
3148,2004-07-20 12:00,12,3,0
3149,2004-07-20 13:00,13,3,0
3150,2004-07-20 14:00,14,3,0
3151,2004-07-20 15:00,15,3,0
3152,2004-07-20 16:00,16,3,0
3153,2004-07-20 17:00,17,3,0
3154,2004-07-20 18:00,18,3,0
3155,2004-07-20 19:00,19,3,0
3156,2004-07-20 20:00,20,3,0
3157,2004-07-20 21:00,21,3,0
3158,2004-07-20 22:00,22,3,0
3159,2004-07-20 23:00,23,3,0
3160,2004-07-21 00:00,0,4,0
3161,2004-07-21 01:00,1,4,0
3162,2004-07-21 02:00,2,4,0
3163,2004-07-21 03:00,3,4,0
3164,2004-07-21 04:00,4,4,0
3165,2004-07-21 05:00,5,4,0
3166,2004-07-21 06:00,6,4,0
3167,2004-07-21 07:00,7,4,0
3168,2004-07-21 08:00,8,4,0
3169,2004-07-21 09:00,9,4,0
3170,2004-07-21 10:00,10,4,0
3171,2004-07-21 11:00,11,4,0
3172,2004-07-21 12:00,12,4,0
3173,2004-07-21 13:00,13,4,0
3174,2004-07-21 14:00,14,4,0
3175,2004-07-21 15:00,15,4,0
3176,2004-07-21 16:00,16,4,0
3177,2004-07-21 17:00,17,4,0
3178,2004-07-21 18:00,18,4,0
3179,2004-07-21 19:00,19,4,0
3180,2004-07-21 20:00,20,4,0
3181,2004-07-21 21:00,21,4,0
3182,2004-07-21 22:00,22,4,0
3183,2004-07-21 23:00,23,4,0
3184,2004-07-22 00:00,0,5,0
3185,2004-07-22 01:00,1,5,0
3186,2004-07-22 02:00,2,5,0
3187,2004-07-22 03:00,3,5,0
3188,2004-07-22 04:00,4,5,0
3189,2004-07-22 05:00,5,5,0
3190,2004-07-22 06:00,6,5,0
3191,2004-07-22 07:00,7,5,0
3192,2004-07-22 08:00,8,5,0
3193,2004-07-22 09:00,9,5,0
3194,2004-07-22 10:00,10,5,0
3195,2004-07-22 11:00,11,5,0
3196,2004-07-22 12:00,12,5,0
3197,2004-07-22 13:00,13,5,0
3198,2004-07-22 14:00,14,5,0
3199,2004-07-22 15:00,15,5,0
3200,2004-07-22 16:00,16,5,0
3201,2004-07-22 17:00,17,5,0
3202,2004-07-22 18:00,18,5,0
3203,2004-07-22 19:00,19,5,0
3204,2004-07-22 20:00,20,5,0
3205,2004-07-22 21:00,21,5,0
3206,2004-07-22 22:00,22,5,0
3207,2004-07-22 23:00,23,5,0
3208,2004-07-23 00:00,0,6,0
3209,2004-07-23 01:00,1,6,0
3210,2004-07-23 02:00,2,6,0
3211,2004-07-23 03:00,3,6,0
3212,2004-07-23 04:00,4,6,0
3213,2004-07-23 05:00,5,6,0
3214,2004-07-23 06:00,6,6,0
3215,2004-07-23 07:00,7,6,0
3216,2004-07-23 08:00,8,6,0
3217,2004-07-23 09:00,9,6,0
3218,2004-07-23 10:00,10,6,0
3219,2004-07-23 11:00,11,6,0
3220,2004-07-23 12:00,12,6,0
3221,2004-07-23 13:00,13,6,0
3222,2004-07-23 14:00,14,6,0
3223,2004-07-23 15:00,15,6,0
3224,2004-07-23 16:00,16,6,0
3225,2004-07-23 17:00,17,6,0
3226,2004-07-23 18:00,18,6,0
3227,2004-07-23 19:00,19,6,0
3228,2004-07-23 20:00,20,6,0
3229,2004-07-23 21:00,21,6,0
3230,2004-07-23 22:00,22,6,0
3231,2004-07-23 23:00,23,6,0
3232,2004-07-24 00:00,0,7,1
3233,2004-07-24 01:00,1,7,1
3234,2004-07-24 02:00,2,7,1
3235,2004-07-24 03:00,3,7,1
3236,2004-07-24 04:00,4,7,1
3237,2004-07-24 05:00,5,7,1
3238,2004-07-24 06:00,6,7,1
3239,2004-07-24 07:00,7,7,1
3240,2004-07-24 08:00,8,7,1
3241,2004-07-24 09:00,9,7,1
3242,2004-07-24 10:00,10,7,1
3243,2004-07-24 11:00,11,7,1
3244,2004-07-24 12:00,12,7,1
3245,2004-07-24 13:00,13,7,1
3246,2004-07-24 14:00,14,7,1
3247,2004-07-24 15:00,15,7,1
3248,2004-07-24 16:00,16,7,1
3249,2004-07-24 17:00,17,7,1
3250,2004-07-24 18:00,18,7,1
3251,2004-07-24 19:00,19,7,1
3252,2004-07-24 20:00,20,7,1
3253,2004-07-24 21:00,21,7,1
3254,2004-07-24 22:00,22,7,1
3255,2004-07-24 23:00,23,7,1
3256,2004-07-25 00:00,0,1,1
3257,2004-07-25 01:00,1,1,1
3258,2004-07-25 02:00,2,1,1
3259,2004-07-25 03:00,3,1,1
3260,2004-07-25 04:00,4,1,1
3261,2004-07-25 05:00,5,1,1
3262,2004-07-25 06:00,6,1,1
3263,2004-07-25 07:00,7,1,1
3264,2004-07-25 08:00,8,1,1
3265,2004-07-25 09:00,9,1,1
3266,2004-07-25 10:00,10,1,1
3267,2004-07-25 11:00,11,1,1
3268,2004-07-25 12:00,12,1,1
3269,2004-07-25 13:00,13,1,1
3270,2004-07-25 14:00,14,1,1
3271,2004-07-25 15:00,15,1,1
3272,2004-07-25 16:00,16,1,1
3273,2004-07-25 17:00,17,1,1
3274,2004-07-25 18:00,18,1,1
3275,2004-07-25 19:00,19,1,1
3276,2004-07-25 20:00,20,1,1
3277,2004-07-25 21:00,21,1,1
3278,2004-07-25 22:00,22,1,1
3279,2004-07-25 23:00,23,1,1
3280,2004-07-26 00:00,0,2,0
3281,2004-07-26 01:00,1,2,0
3282,2004-07-26 02:00,2,2,0
3283,2004-07-26 03:00,3,2,0
3284,2004-07-26 04:00,4,2,0
3285,2004-07-26 05:00,5,2,0
3286,2004-07-26 06:00,6,2,0
3287,2004-07-26 07:00,7,2,0
3288,2004-07-26 08:00,8,2,0
3289,2004-07-26 09:00,9,2,0
3290,2004-07-26 10:00,10,2,0
3291,2004-07-26 11:00,11,2,0
3292,2004-07-26 12:00,12,2,0
3293,2004-07-26 13:00,13,2,0
3294,2004-07-26 14:00,14,2,0
3295,2004-07-26 15:00,15,2,0
3296,2004-07-26 16:00,16,2,0
3297,2004-07-26 17:00,17,2,0
3298,2004-07-26 18:00,18,2,0
3299,2004-07-26 19:00,19,2,0
3300,2004-07-26 20:00,20,2,0
3301,2004-07-26 21:00,21,2,0
3302,2004-07-26 22:00,22,2,0
3303,2004-07-26 23:00,23,2,0
3304,2004-07-27 00:00,0,3,0
3305,2004-07-27 01:00,1,3,0
3306,2004-07-27 02:00,2,3,0
3307,2004-07-27 03:00,3,3,0
3308,2004-07-27 04:00,4,3,0
3309,2004-07-27 05:00,5,3,0
3310,2004-07-27 06:00,6,3,0
3311,2004-07-27 07:00,7,3,0
3312,2004-07-27 08:00,8,3,0
3313,2004-07-27 09:00,9,3,0
3314,2004-07-27 10:00,10,3,0
3315,2004-07-27 11:00,11,3,0
3316,2004-07-27 12:00,12,3,0
3317,2004-07-27 13:00,13,3,0
3318,2004-07-27 14:00,14,3,0
3319,2004-07-27 15:00,15,3,0
3320,2004-07-27 16:00,16,3,0
3321,2004-07-27 17:00,17,3,0
3322,2004-07-27 18:00,18,3,0
3323,2004-07-27 19:00,19,3,0
3324,2004-07-27 20:00,20,3,0
3325,2004-07-27 21:00,21,3,0
3326,2004-07-27 22:00,22,3,0
3327,2004-07-27 23:00,23,3,0
3328,2004-07-28 00:00,0,4,0
3329,2004-07-28 01:00,1,4,0
3330,2004-07-28 02:00,2,4,0
3331,2004-07-28 03:00,3,4,0
3332,2004-07-28 04:00,4,4,0
3333,2004-07-28 05:00,5,4,0
3334,2004-07-28 06:00,6,4,0
3335,2004-07-28 07:00,7,4,0
3336,2004-07-28 08:00,8,4,0
3337,2004-07-28 09:00,9,4,0
3338,2004-07-28 10:00,10,4,0
3339,2004-07-28 11:00,11,4,0
3340,2004-07-28 12:00,12,4,0
3341,2004-07-28 13:00,13,4,0
3342,2004-07-28 14:00,14,4,0
3343,2004-07-28 15:00,15,4,0
3344,2004-07-28 16:00,16,4,0
3345,2004-07-28 17:00,17,4,0
3346,2004-07-28 18:00,18,4,0
3347,2004-07-28 19:00,19,4,0
3348,2004-07-28 20:00,20,4,0
3349,2004-07-28 21:00,21,4,0
3350,2004-07-28 22:00,22,4,0
3351,2004-07-28 23:00,23,4,0
3352,2004-07-29 00:00,0,5,0
3353,2004-07-29 01:00,1,5,0
3354,2004-07-29 02:00,2,5,0
3355,2004-07-29 03:00,3,5,0
3356,2004-07-29 04:00,4,5,0
3357,2004-07-29 05:00,5,5,0
3358,2004-07-29 06:00,6,5,0
3359,2004-07-29 07:00,7,5,0
3360,2004-07-29 08:00,8,5,0
3361,2004-07-29 09:00,9,5,0
3362,2004-07-29 10:00,10,5,0
3363,2004-07-29 11:00,11,5,0
3364,2004-07-29 12:00,12,5,0
3365,2004-07-29 13:00,13,5,0
3366,2004-07-29 14:00,14,5,0
3367,2004-07-29 15:00,15,5,0
3368,2004-07-29 16:00,16,5,0
3369,2004-07-29 17:00,17,5,0
3370,2004-07-29 18:00,18,5,0
3371,2004-07-29 19:00,19,5,0
3372,2004-07-29 20:00,20,5,0
3373,2004-07-29 21:00,21,5,0
3374,2004-07-29 22:00,22,5,0
3375,2004-07-29 23:00,23,5,0
3376,2004-07-30 00:00,0,6,0
3377,2004-07-30 01:00,1,6,0
3378,2004-07-30 02:00,2,6,0
3379,2004-07-30 03:00,3,6,0
3380,2004-07-30 04:00,4,6,0
3381,2004-07-30 05:00,5,6,0
3382,2004-07-30 06:00,6,6,0
3383,2004-07-30 07:00,7,6,0
3384,2004-07-30 08:00,8,6,0
3385,2004-07-30 09:00,9,6,0
3386,2004-07-30 10:00,10,6,0
3387,2004-07-30 11:00,11,6,0
3388,2004-07-30 12:00,12,6,0
3389,2004-07-30 13:00,13,6,0
3390,2004-07-30 14:00,14,6,0
3391,2004-07-30 15:00,15,6,0
3392,2004-07-30 16:00,16,6,0
3393,2004-07-30 17:00,17,6,0
3394,2004-07-30 18:00,18,6,0
3395,2004-07-30 19:00,19,6,0
3396,2004-07-30 20:00,20,6,0
3397,2004-07-30 21:00,21,6,0
3398,2004-07-30 22:00,22,6,0
3399,2004-07-30 23:00,23,6,0
3400,2004-07-31 00:00,0,7,1
3401,2004-07-31 01:00,1,7,1
3402,2004-07-31 02:00,2,7,1
3403,2004-07-31 03:00,3,7,1
3404,2004-07-31 04:00,4,7,1
3405,2004-07-31 05:00,5,7,1
3406,2004-07-31 06:00,6,7,1
3407,2004-07-31 07:00,7,7,1
3408,2004-07-31 08:00,8,7,1
3409,2004-07-31 09:00,9,7,1
3410,2004-07-31 10:00,10,7,1
3411,2004-07-31 11:00,11,7,1
3412,2004-07-31 12:00,12,7,1
3413,2004-07-31 13:00,13,7,1
3414,2004-07-31 14:00,14,7,1
3415,2004-07-31 15:00,15,7,1
3416,2004-07-31 16:00,16,7,1
3417,2004-07-31 17:00,17,7,1
3418,2004-07-31 18:00,18,7,1
3419,2004-07-31 19:00,19,7,1
3420,2004-07-31 20:00,20,7,1
3421,2004-07-31 21:00,21,7,1
3422,2004-07-31 22:00,22,7,1
3423,2004-07-31 23:00,23,7,1
3424,2004-08-01 00:00,0,1,1
3425,2004-08-01 01:00,1,1,1
3426,2004-08-01 02:00,2,1,1
3427,2004-08-01 03:00,3,1,1
3428,2004-08-01 04:00,4,1,1
3429,2004-08-01 05:00,5,1,1
3430,2004-08-01 06:00,6,1,1
3431,2004-08-01 07:00,7,1,1
3432,2004-08-01 08:00,8,1,1
3433,2004-08-01 09:00,9,1,1
3434,2004-08-01 10:00,10,1,1
3435,2004-08-01 11:00,11,1,1
3436,2004-08-01 12:00,12,1,1
3437,2004-08-01 13:00,13,1,1
3438,2004-08-01 14:00,14,1,1
3439,2004-08-01 15:00,15,1,1
3440,2004-08-01 16:00,16,1,1
3441,2004-08-01 17:00,17,1,1
3442,2004-08-01 18:00,18,1,1
3443,2004-08-01 19:00,19,1,1
3444,2004-08-01 20:00,20,1,1
3445,2004-08-01 21:00,21,1,1
3446,2004-08-01 22:00,22,1,1
3447,2004-08-01 23:00,23,1,1
3448,2004-08-02 00:00,0,2,0
3449,2004-08-02 01:00,1,2,0
3450,2004-08-02 02:00,2,2,0
3451,2004-08-02 03:00,3,2,0
3452,2004-08-02 04:00,4,2,0
3453,2004-08-02 05:00,5,2,0
3454,2004-08-02 06:00,6,2,0
3455,2004-08-02 07:00,7,2,0
3456,2004-08-02 08:00,8,2,0
3457,2004-08-02 09:00,9,2,0
3458,2004-08-02 10:00,10,2,0
3459,2004-08-02 11:00,11,2,0
3460,2004-08-02 12:00,12,2,0
3461,2004-08-02 13:00,13,2,0
3462,2004-08-02 14:00,14,2,0
3463,2004-08-02 15:00,15,2,0
3464,2004-08-02 16:00,16,2,0
3465,2004-08-02 17:00,17,2,0
3466,2004-08-02 18:00,18,2,0
3467,2004-08-02 19:00,19,2,0
3468,2004-08-02 20:00,20,2,0
3469,2004-08-02 21:00,21,2,0
3470,2004-08-02 22:00,22,2,0
3471,2004-08-02 23:00,23,2,0
3472,2004-08-03 00:00,0,3,0
3473,2004-08-03 01:00,1,3,0
3474,2004-08-03 02:00,2,3,0
3475,2004-08-03 03:00,3,3,0
3476,2004-08-03 04:00,4,3,0
3477,2004-08-03 05:00,5,3,0
3478,2004-08-03 06:00,6,3,0
3479,2004-08-03 07:00,7,3,0
3480,2004-08-03 08:00,8,3,0
3481,2004-08-03 09:00,9,3,0
3482,2004-08-03 10:00,10,3,0
3483,2004-08-03 11:00,11,3,0
3484,2004-08-03 12:00,12,3,0
3485,2004-08-03 13:00,13,3,0
3486,2004-08-03 14:00,14,3,0
3487,2004-08-03 15:00,15,3,0
3488,2004-08-03 16:00,16,3,0
3489,2004-08-03 17:00,17,3,0
3490,2004-08-03 18:00,18,3,0
3491,2004-08-03 19:00,19,3,0
3492,2004-08-03 20:00,20,3,0
3493,2004-08-03 21:00,21,3,0
3494,2004-08-03 22:00,22,3,0
3495,2004-08-03 23:00,23,3,0
3496,2004-08-04 00:00,0,4,0
3497,2004-08-04 01:00,1,4,0
3498,2004-08-04 02:00,2,4,0
3499,2004-08-04 03:00,3,4,0
3500,2004-08-04 04:00,4,4,0
3501,2004-08-04 05:00,5,4,0
3502,2004-08-04 06:00,6,4,0
3503,2004-08-04 07:00,7,4,0
3504,2004-08-04 08:00,8,4,0
3505,2004-08-04 09:00,9,4,0
3506,2004-08-04 10:00,10,4,0
3507,2004-08-04 11:00,11,4,0
3508,2004-08-04 12:00,12,4,0
3509,2004-08-04 13:00,13,4,0
3510,2004-08-04 14:00,14,4,0
3511,2004-08-04 15:00,15,4,0
3512,2004-08-04 16:00,16,4,0
3513,2004-08-04 17:00,17,4,0
3514,2004-08-04 18:00,18,4,0
3515,2004-08-04 19:00,19,4,0
3516,2004-08-04 20:00,20,4,0
3517,2004-08-04 21:00,21,4,0
3518,2004-08-04 22:00,22,4,0
3519,2004-08-04 23:00,23,4,0
3520,2004-08-05 00:00,0,5,0
3521,2004-08-05 01:00,1,5,0
3522,2004-08-05 02:00,2,5,0
3523,2004-08-05 03:00,3,5,0
3524,2004-08-05 04:00,4,5,0
3525,2004-08-05 05:00,5,5,0
3526,2004-08-05 06:00,6,5,0
3527,2004-08-05 07:00,7,5,0
3528,2004-08-05 08:00,8,5,0
3529,2004-08-05 09:00,9,5,0
3530,2004-08-05 10:00,10,5,0
3531,2004-08-05 11:00,11,5,0
3532,2004-08-05 12:00,12,5,0
3533,2004-08-05 13:00,13,5,0
3534,2004-08-05 14:00,14,5,0
3535,2004-08-05 15:00,15,5,0
3536,2004-08-05 16:00,16,5,0
3537,2004-08-05 17:00,17,5,0
3538,2004-08-05 18:00,18,5,0
3539,2004-08-05 19:00,19,5,0
3540,2004-08-05 20:00,20,5,0
3541,2004-08-05 21:00,21,5,0
3542,2004-08-05 22:00,22,5,0
3543,2004-08-05 23:00,23,5,0
3544,2004-08-06 00:00,0,6,0
3545,2004-08-06 01:00,1,6,0
3546,2004-08-06 02:00,2,6,0
3547,2004-08-06 03:00,3,6,0
3548,2004-08-06 04:00,4,6,0
3549,2004-08-06 05:00,5,6,0
3550,2004-08-06 06:00,6,6,0
3551,2004-08-06 07:00,7,6,0
3552,2004-08-06 08:00,8,6,0
3553,2004-08-06 09:00,9,6,0
3554,2004-08-06 10:00,10,6,0
3555,2004-08-06 11:00,11,6,0
3556,2004-08-06 12:00,12,6,0
3557,2004-08-06 13:00,13,6,0
3558,2004-08-06 14:00,14,6,0
3559,2004-08-06 15:00,15,6,0
3560,2004-08-06 16:00,16,6,0
3561,2004-08-06 17:00,17,6,0
3562,2004-08-06 18:00,18,6,0
3563,2004-08-06 19:00,19,6,0
3564,2004-08-06 20:00,20,6,0
3565,2004-08-06 21:00,21,6,0
3566,2004-08-06 22:00,22,6,0
3567,2004-08-06 23:00,23,6,0
3568,2004-08-07 00:00,0,7,1
3569,2004-08-07 01:00,1,7,1
3570,2004-08-07 02:00,2,7,1
3571,2004-08-07 03:00,3,7,1
3572,2004-08-07 04:00,4,7,1
3573,2004-08-07 05:00,5,7,1
3574,2004-08-07 06:00,6,7,1
3575,2004-08-07 07:00,7,7,1
3576,2004-08-07 08:00,8,7,1
3577,2004-08-07 09:00,9,7,1
3578,2004-08-07 10:00,10,7,1
3579,2004-08-07 11:00,11,7,1
3580,2004-08-07 12:00,12,7,1
3581,2004-08-07 13:00,13,7,1
3582,2004-08-07 14:00,14,7,1
3583,2004-08-07 15:00,15,7,1
3584,2004-08-07 16:00,16,7,1
3585,2004-08-07 17:00,17,7,1
3586,2004-08-07 18:00,18,7,1
3587,2004-08-07 19:00,19,7,1
3588,2004-08-07 20:00,20,7,1
3589,2004-08-07 21:00,21,7,1
3590,2004-08-07 22:00,22,7,1
3591,2004-08-07 23:00,23,7,1
3592,2004-08-08 00:00,0,1,1
3593,2004-08-08 01:00,1,1,1
3594,2004-08-08 02:00,2,1,1
3595,2004-08-08 03:00,3,1,1
3596,2004-08-08 04:00,4,1,1
3597,2004-08-08 05:00,5,1,1
3598,2004-08-08 06:00,6,1,1
3599,2004-08-08 07:00,7,1,1
3600,2004-08-08 08:00,8,1,1
3601,2004-08-08 09:00,9,1,1
3602,2004-08-08 10:00,10,1,1
3603,2004-08-08 11:00,11,1,1
3604,2004-08-08 12:00,12,1,1
3605,2004-08-08 13:00,13,1,1
3606,2004-08-08 14:00,14,1,1
3607,2004-08-08 15:00,15,1,1
3608,2004-08-08 16:00,16,1,1
3609,2004-08-08 17:00,17,1,1
3610,2004-08-08 18:00,18,1,1
3611,2004-08-08 19:00,19,1,1
3612,2004-08-08 20:00,20,1,1
3613,2004-08-08 21:00,21,1,1
3614,2004-08-08 22:00,22,1,1
3615,2004-08-08 23:00,23,1,1
3616,2004-08-09 00:00,0,2,0
3617,2004-08-09 01:00,1,2,0
3618,2004-08-09 02:00,2,2,0
3619,2004-08-09 03:00,3,2,0
3620,2004-08-09 04:00,4,2,0
3621,2004-08-09 05:00,5,2,0
3622,2004-08-09 06:00,6,2,0
3623,2004-08-09 07:00,7,2,0
3624,2004-08-09 08:00,8,2,0
3625,2004-08-09 09:00,9,2,0
3626,2004-08-09 10:00,10,2,0
3627,2004-08-09 11:00,11,2,0
3628,2004-08-09 12:00,12,2,0
3629,2004-08-09 13:00,13,2,0
3630,2004-08-09 14:00,14,2,0
3631,2004-08-09 15:00,15,2,0
3632,2004-08-09 16:00,16,2,0
3633,2004-08-09 17:00,17,2,0
3634,2004-08-09 18:00,18,2,0
3635,2004-08-09 19:00,19,2,0
3636,2004-08-09 20:00,20,2,0
3637,2004-08-09 21:00,21,2,0
3638,2004-08-09 22:00,22,2,0
3639,2004-08-09 23:00,23,2,0
3640,2004-08-10 00:00,0,3,0
3641,2004-08-10 01:00,1,3,0
3642,2004-08-10 02:00,2,3,0
3643,2004-08-10 03:00,3,3,0
3644,2004-08-10 04:00,4,3,0
3645,2004-08-10 05:00,5,3,0
3646,2004-08-10 06:00,6,3,0
3647,2004-08-10 07:00,7,3,0
3648,2004-08-10 08:00,8,3,0
3649,2004-08-10 09:00,9,3,0
3650,2004-08-10 10:00,10,3,0
3651,2004-08-10 11:00,11,3,0
3652,2004-08-10 12:00,12,3,0
3653,2004-08-10 13:00,13,3,0
3654,2004-08-10 14:00,14,3,0
3655,2004-08-10 15:00,15,3,0
3656,2004-08-10 16:00,16,3,0
3657,2004-08-10 17:00,17,3,0
3658,2004-08-10 18:00,18,3,0
3659,2004-08-10 19:00,19,3,0
3660,2004-08-10 20:00,20,3,0
3661,2004-08-10 21:00,21,3,0
3662,2004-08-10 22:00,22,3,0
3663,2004-08-10 23:00,23,3,0
3664,2004-08-11 00:00,0,4,0
3665,2004-08-11 01:00,1,4,0
3666,2004-08-11 02:00,2,4,0
3667,2004-08-11 03:00,3,4,0
3668,2004-08-11 04:00,4,4,0
3669,2004-08-11 05:00,5,4,0
3670,2004-08-11 06:00,6,4,0
3671,2004-08-11 07:00,7,4,0
3672,2004-08-11 08:00,8,4,0
3673,2004-08-11 09:00,9,4,0
3674,2004-08-11 10:00,10,4,0
3675,2004-08-11 11:00,11,4,0
3676,2004-08-11 12:00,12,4,0
3677,2004-08-11 13:00,13,4,0
3678,2004-08-11 14:00,14,4,0
3679,2004-08-11 15:00,15,4,0
3680,2004-08-11 16:00,16,4,0
3681,2004-08-11 17:00,17,4,0
3682,2004-08-11 18:00,18,4,0
3683,2004-08-11 19:00,19,4,0
3684,2004-08-11 20:00,20,4,0
3685,2004-08-11 21:00,21,4,0
3686,2004-08-11 22:00,22,4,0
3687,2004-08-11 23:00,23,4,0
3688,2004-08-12 00:00,0,5,0
3689,2004-08-12 01:00,1,5,0
3690,2004-08-12 02:00,2,5,0
3691,2004-08-12 03:00,3,5,0
3692,2004-08-12 04:00,4,5,0
3693,2004-08-12 05:00,5,5,0
3694,2004-08-12 06:00,6,5,0
3695,2004-08-12 07:00,7,5,0
3696,2004-08-12 08:00,8,5,0
3697,2004-08-12 09:00,9,5,0
3698,2004-08-12 10:00,10,5,0
3699,2004-08-12 11:00,11,5,0
3700,2004-08-12 12:00,12,5,0
3701,2004-08-12 13:00,13,5,0
3702,2004-08-12 14:00,14,5,0
3703,2004-08-12 15:00,15,5,0
3704,2004-08-12 16:00,16,5,0
3705,2004-08-12 17:00,17,5,0
3706,2004-08-12 18:00,18,5,0
3707,2004-08-12 19:00,19,5,0
3708,2004-08-12 20:00,20,5,0
3709,2004-08-12 21:00,21,5,0
3710,2004-08-12 22:00,22,5,0
3711,2004-08-12 23:00,23,5,0
3712,2004-08-13 00:00,0,6,0
3713,2004-08-13 01:00,1,6,0
3714,2004-08-13 02:00,2,6,0
3715,2004-08-13 03:00,3,6,0
3716,2004-08-13 04:00,4,6,0
3717,2004-08-13 05:00,5,6,0
3718,2004-08-13 06:00,6,6,0
3719,2004-08-13 07:00,7,6,0
3720,2004-08-13 08:00,8,6,0
3721,2004-08-13 09:00,9,6,0
3722,2004-08-13 10:00,10,6,0
3723,2004-08-13 11:00,11,6,0
3724,2004-08-13 12:00,12,6,0
3725,2004-08-13 13:00,13,6,0
3726,2004-08-13 14:00,14,6,0
3727,2004-08-13 15:00,15,6,0
3728,2004-08-13 16:00,16,6,0
3729,2004-08-13 17:00,17,6,0
3730,2004-08-13 18:00,18,6,0
3731,2004-08-13 19:00,19,6,0
3732,2004-08-13 20:00,20,6,0
3733,2004-08-13 21:00,21,6,0
3734,2004-08-13 22:00,22,6,0
3735,2004-08-13 23:00,23,6,0
3736,2004-08-14 00:00,0,7,1
3737,2004-08-14 01:00,1,7,1
3738,2004-08-14 02:00,2,7,1
3739,2004-08-14 03:00,3,7,1
3740,2004-08-14 04:00,4,7,1
3741,2004-08-14 05:00,5,7,1
3742,2004-08-14 06:00,6,7,1
3743,2004-08-14 07:00,7,7,1
3744,2004-08-14 08:00,8,7,1
3745,2004-08-14 09:00,9,7,1
3746,2004-08-14 10:00,10,7,1
3747,2004-08-14 11:00,11,7,1
3748,2004-08-14 12:00,12,7,1
3749,2004-08-14 13:00,13,7,1
3750,2004-08-14 14:00,14,7,1
3751,2004-08-14 15:00,15,7,1
3752,2004-08-14 16:00,16,7,1
3753,2004-08-14 17:00,17,7,1
3754,2004-08-14 18:00,18,7,1
3755,2004-08-14 19:00,19,7,1
3756,2004-08-14 20:00,20,7,1
3757,2004-08-14 21:00,21,7,1
3758,2004-08-14 22:00,22,7,1
3759,2004-08-14 23:00,23,7,1
3760,2004-08-15 00:00,0,1,1
3761,2004-08-15 01:00,1,1,1
3762,2004-08-15 02:00,2,1,1
3763,2004-08-15 03:00,3,1,1
3764,2004-08-15 04:00,4,1,1
3765,2004-08-15 05:00,5,1,1
3766,2004-08-15 06:00,6,1,1
3767,2004-08-15 07:00,7,1,1
3768,2004-08-15 08:00,8,1,1
3769,2004-08-15 09:00,9,1,1
3770,2004-08-15 10:00,10,1,1
3771,2004-08-15 11:00,11,1,1
3772,2004-08-15 12:00,12,1,1
3773,2004-08-15 13:00,13,1,1
3774,2004-08-15 14:00,14,1,1
3775,2004-08-15 15:00,15,1,1
3776,2004-08-15 16:00,16,1,1
3777,2004-08-15 17:00,17,1,1
3778,2004-08-15 18:00,18,1,1
3779,2004-08-15 19:00,19,1,1
3780,2004-08-15 20:00,20,1,1
3781,2004-08-15 21:00,21,1,1
3782,2004-08-15 22:00,22,1,1
3783,2004-08-15 23:00,23,1,1
3784,2004-08-16 00:00,0,2,0
3785,2004-08-16 01:00,1,2,0
3786,2004-08-16 02:00,2,2,0
3787,2004-08-16 03:00,3,2,0
3788,2004-08-16 04:00,4,2,0
3789,2004-08-16 05:00,5,2,0
3790,2004-08-16 06:00,6,2,0
3791,2004-08-16 07:00,7,2,0
3792,2004-08-16 08:00,8,2,0
3793,2004-08-16 09:00,9,2,0
3794,2004-08-16 10:00,10,2,0
3795,2004-08-16 11:00,11,2,0
3796,2004-08-16 12:00,12,2,0
3797,2004-08-16 13:00,13,2,0
3798,2004-08-16 14:00,14,2,0
3799,2004-08-16 15:00,15,2,0
3800,2004-08-16 16:00,16,2,0
3801,2004-08-16 17:00,17,2,0
3802,2004-08-16 18:00,18,2,0
3803,2004-08-16 19:00,19,2,0
3804,2004-08-16 20:00,20,2,0
3805,2004-08-16 21:00,21,2,0
3806,2004-08-16 22:00,22,2,0
3807,2004-08-16 23:00,23,2,0
3808,2004-08-17 00:00,0,3,0
3809,2004-08-17 01:00,1,3,0
3810,2004-08-17 02:00,2,3,0
3811,2004-08-17 03:00,3,3,0
3812,2004-08-17 04:00,4,3,0
3813,2004-08-17 05:00,5,3,0
3814,2004-08-17 06:00,6,3,0
3815,2004-08-17 07:00,7,3,0
3816,2004-08-17 08:00,8,3,0
3817,2004-08-17 09:00,9,3,0
3818,2004-08-17 10:00,10,3,0
3819,2004-08-17 11:00,11,3,0
3820,2004-08-17 12:00,12,3,0
3821,2004-08-17 13:00,13,3,0
3822,2004-08-17 14:00,14,3,0
3823,2004-08-17 15:00,15,3,0
3824,2004-08-17 16:00,16,3,0
3825,2004-08-17 17:00,17,3,0
3826,2004-08-17 18:00,18,3,0
3827,2004-08-17 19:00,19,3,0
3828,2004-08-17 20:00,20,3,0
3829,2004-08-17 21:00,21,3,0
3830,2004-08-17 22:00,22,3,0
3831,2004-08-17 23:00,23,3,0
3832,2004-08-18 00:00,0,4,0
3833,2004-08-18 01:00,1,4,0
3834,2004-08-18 02:00,2,4,0
3835,2004-08-18 03:00,3,4,0
3836,2004-08-18 04:00,4,4,0
3837,2004-08-18 05:00,5,4,0
3838,2004-08-18 06:00,6,4,0
3839,2004-08-18 07:00,7,4,0
3840,2004-08-18 08:00,8,4,0
3841,2004-08-18 09:00,9,4,0
3842,2004-08-18 10:00,10,4,0
3843,2004-08-18 11:00,11,4,0
3844,2004-08-18 12:00,12,4,0
3845,2004-08-18 13:00,13,4,0
3846,2004-08-18 14:00,14,4,0
3847,2004-08-18 15:00,15,4,0
3848,2004-08-18 16:00,16,4,0
3849,2004-08-18 17:00,17,4,0
3850,2004-08-18 18:00,18,4,0
3851,2004-08-18 19:00,19,4,0
3852,2004-08-18 20:00,20,4,0
3853,2004-08-18 21:00,21,4,0
3854,2004-08-18 22:00,22,4,0
3855,2004-08-18 23:00,23,4,0
3856,2004-08-19 00:00,0,5,0
3857,2004-08-19 01:00,1,5,0
3858,2004-08-19 02:00,2,5,0
3859,2004-08-19 03:00,3,5,0
3860,2004-08-19 04:00,4,5,0
3861,2004-08-19 05:00,5,5,0
3862,2004-08-19 06:00,6,5,0
3863,2004-08-19 07:00,7,5,0
3864,2004-08-19 08:00,8,5,0
3865,2004-08-19 09:00,9,5,0
3866,2004-08-19 10:00,10,5,0
3867,2004-08-19 11:00,11,5,0
3868,2004-08-19 12:00,12,5,0
3869,2004-08-19 13:00,13,5,0
3870,2004-08-19 14:00,14,5,0
3871,2004-08-19 15:00,15,5,0
3872,2004-08-19 16:00,16,5,0
3873,2004-08-19 17:00,17,5,0
3874,2004-08-19 18:00,18,5,0
3875,2004-08-19 19:00,19,5,0
3876,2004-08-19 20:00,20,5,0
3877,2004-08-19 21:00,21,5,0
3878,2004-08-19 22:00,22,5,0
3879,2004-08-19 23:00,23,5,0
3880,2004-08-20 00:00,0,6,0
3881,2004-08-20 01:00,1,6,0
3882,2004-08-20 02:00,2,6,0
3883,2004-08-20 03:00,3,6,0
3884,2004-08-20 04:00,4,6,0
3885,2004-08-20 05:00,5,6,0
3886,2004-08-20 06:00,6,6,0
3887,2004-08-20 07:00,7,6,0
3888,2004-08-20 08:00,8,6,0
3889,2004-08-20 09:00,9,6,0
3890,2004-08-20 10:00,10,6,0
3891,2004-08-20 11:00,11,6,0
3892,2004-08-20 12:00,12,6,0
3893,2004-08-20 13:00,13,6,0
3894,2004-08-20 14:00,14,6,0
3895,2004-08-20 15:00,15,6,0
3896,2004-08-20 16:00,16,6,0
3897,2004-08-20 17:00,17,6,0
3898,2004-08-20 18:00,18,6,0
3899,2004-08-20 19:00,19,6,0
3900,2004-08-20 20:00,20,6,0
3901,2004-08-20 21:00,21,6,0
3902,2004-08-20 22:00,22,6,0
3903,2004-08-20 23:00,23,6,0
3904,2004-08-21 00:00,0,7,1
3905,2004-08-21 01:00,1,7,1
3906,2004-08-21 02:00,2,7,1
3907,2004-08-21 03:00,3,7,1
3908,2004-08-21 04:00,4,7,1
3909,2004-08-21 05:00,5,7,1
3910,2004-08-21 06:00,6,7,1
3911,2004-08-21 07:00,7,7,1
3912,2004-08-21 08:00,8,7,1
3913,2004-08-21 09:00,9,7,1
3914,2004-08-21 10:00,10,7,1
3915,2004-08-21 11:00,11,7,1
3916,2004-08-21 12:00,12,7,1
3917,2004-08-21 13:00,13,7,1
3918,2004-08-21 14:00,14,7,1
3919,2004-08-21 15:00,15,7,1
3920,2004-08-21 16:00,16,7,1
3921,2004-08-21 17:00,17,7,1
3922,2004-08-21 18:00,18,7,1
3923,2004-08-21 19:00,19,7,1
3924,2004-08-21 20:00,20,7,1
3925,2004-08-21 21:00,21,7,1
3926,2004-08-21 22:00,22,7,1
3927,2004-08-21 23:00,23,7,1
3928,2004-08-22 00:00,0,1,1
3929,2004-08-22 01:00,1,1,1
3930,2004-08-22 02:00,2,1,1
3931,2004-08-22 03:00,3,1,1
3932,2004-08-22 04:00,4,1,1
3933,2004-08-22 05:00,5,1,1
3934,2004-08-22 06:00,6,1,1
3935,2004-08-22 07:00,7,1,1
3936,2004-08-22 08:00,8,1,1
3937,2004-08-22 09:00,9,1,1
3938,2004-08-22 10:00,10,1,1
3939,2004-08-22 11:00,11,1,1
3940,2004-08-22 12:00,12,1,1
3941,2004-08-22 13:00,13,1,1
3942,2004-08-22 14:00,14,1,1
3943,2004-08-22 15:00,15,1,1
3944,2004-08-22 16:00,16,1,1
3945,2004-08-22 17:00,17,1,1
3946,2004-08-22 18:00,18,1,1
3947,2004-08-22 19:00,19,1,1
3948,2004-08-22 20:00,20,1,1
3949,2004-08-22 21:00,21,1,1
3950,2004-08-22 22:00,22,1,1
3951,2004-08-22 23:00,23,1,1
3952,2004-08-23 00:00,0,2,0
3953,2004-08-23 01:00,1,2,0
3954,2004-08-23 02:00,2,2,0
3955,2004-08-23 03:00,3,2,0
3956,2004-08-23 04:00,4,2,0
3957,2004-08-23 05:00,5,2,0
3958,2004-08-23 06:00,6,2,0
3959,2004-08-23 07:00,7,2,0
3960,2004-08-23 08:00,8,2,0
3961,2004-08-23 09:00,9,2,0
3962,2004-08-23 10:00,10,2,0
3963,2004-08-23 11:00,11,2,0
3964,2004-08-23 12:00,12,2,0
3965,2004-08-23 13:00,13,2,0
3966,2004-08-23 14:00,14,2,0
3967,2004-08-23 15:00,15,2,0
3968,2004-08-23 16:00,16,2,0
3969,2004-08-23 17:00,17,2,0
3970,2004-08-23 18:00,18,2,0
3971,2004-08-23 19:00,19,2,0
3972,2004-08-23 20:00,20,2,0
3973,2004-08-23 21:00,21,2,0
3974,2004-08-23 22:00,22,2,0
3975,2004-08-23 23:00,23,2,0
3976,2004-08-24 00:00,0,3,0
3977,2004-08-24 01:00,1,3,0
3978,2004-08-24 02:00,2,3,0
3979,2004-08-24 03:00,3,3,0
3980,2004-08-24 04:00,4,3,0
3981,2004-08-24 05:00,5,3,0
3982,2004-08-24 06:00,6,3,0
3983,2004-08-24 07:00,7,3,0
3984,2004-08-24 08:00,8,3,0
3985,2004-08-24 09:00,9,3,0
3986,2004-08-24 10:00,10,3,0
3987,2004-08-24 11:00,11,3,0
3988,2004-08-24 12:00,12,3,0
3989,2004-08-24 13:00,13,3,0
3990,2004-08-24 14:00,14,3,0
3991,2004-08-24 15:00,15,3,0
3992,2004-08-24 16:00,16,3,0
3993,2004-08-24 17:00,17,3,0
3994,2004-08-24 18:00,18,3,0
3995,2004-08-24 19:00,19,3,0
3996,2004-08-24 20:00,20,3,0
3997,2004-08-24 21:00,21,3,0
3998,2004-08-24 22:00,22,3,0
3999,2004-08-24 23:00,23,3,0
4000,2004-08-25 00:00,0,4,0
4001,2004-08-25 01:00,1,4,0
4002,2004-08-25 02:00,2,4,0
4003,2004-08-25 03:00,3,4,0
4004,2004-08-25 04:00,4,4,0
4005,2004-08-25 05:00,5,4,0
4006,2004-08-25 06:00,6,4,0
4007,2004-08-25 07:00,7,4,0
4008,2004-08-25 08:00,8,4,0
4009,2004-08-25 09:00,9,4,0
4010,2004-08-25 10:00,10,4,0
4011,2004-08-25 11:00,11,4,0
4012,2004-08-25 12:00,12,4,0
4013,2004-08-25 13:00,13,4,0
4014,2004-08-25 14:00,14,4,0
4015,2004-08-25 15:00,15,4,0
4016,2004-08-25 16:00,16,4,0
4017,2004-08-25 17:00,17,4,0
4018,2004-08-25 18:00,18,4,0
4019,2004-08-25 19:00,19,4,0
4020,2004-08-25 20:00,20,4,0
4021,2004-08-25 21:00,21,4,0
4022,2004-08-25 22:00,22,4,0
4023,2004-08-25 23:00,23,4,0
4024,2004-08-26 00:00,0,5,0
4025,2004-08-26 01:00,1,5,0
4026,2004-08-26 02:00,2,5,0
4027,2004-08-26 03:00,3,5,0
4028,2004-08-26 04:00,4,5,0
4029,2004-08-26 05:00,5,5,0
4030,2004-08-26 06:00,6,5,0
4031,2004-08-26 07:00,7,5,0
4032,2004-08-26 08:00,8,5,0
4033,2004-08-26 09:00,9,5,0
4034,2004-08-26 10:00,10,5,0
4035,2004-08-26 11:00,11,5,0
4036,2004-08-26 12:00,12,5,0
4037,2004-08-26 13:00,13,5,0
4038,2004-08-26 14:00,14,5,0
4039,2004-08-26 15:00,15,5,0
4040,2004-08-26 16:00,16,5,0
4041,2004-08-26 17:00,17,5,0
4042,2004-08-26 18:00,18,5,0
4043,2004-08-26 19:00,19,5,0
4044,2004-08-26 20:00,20,5,0
4045,2004-08-26 21:00,21,5,0
4046,2004-08-26 22:00,22,5,0
4047,2004-08-26 23:00,23,5,0
4048,2004-08-27 00:00,0,6,0
4049,2004-08-27 01:00,1,6,0
4050,2004-08-27 02:00,2,6,0
4051,2004-08-27 03:00,3,6,0
4052,2004-08-27 04:00,4,6,0
4053,2004-08-27 05:00,5,6,0
4054,2004-08-27 06:00,6,6,0
4055,2004-08-27 07:00,7,6,0
4056,2004-08-27 08:00,8,6,0
4057,2004-08-27 09:00,9,6,0
4058,2004-08-27 10:00,10,6,0
4059,2004-08-27 11:00,11,6,0
4060,2004-08-27 12:00,12,6,0
4061,2004-08-27 13:00,13,6,0
4062,2004-08-27 14:00,14,6,0
4063,2004-08-27 15:00,15,6,0
4064,2004-08-27 16:00,16,6,0
4065,2004-08-27 17:00,17,6,0
4066,2004-08-27 18:00,18,6,0
4067,2004-08-27 19:00,19,6,0
4068,2004-08-27 20:00,20,6,0
4069,2004-08-27 21:00,21,6,0
4070,2004-08-27 22:00,22,6,0
4071,2004-08-27 23:00,23,6,0
4072,2004-08-28 00:00,0,7,1
4073,2004-08-28 01:00,1,7,1
4074,2004-08-28 02:00,2,7,1
4075,2004-08-28 03:00,3,7,1
4076,2004-08-28 04:00,4,7,1
4077,2004-08-28 05:00,5,7,1
4078,2004-08-28 06:00,6,7,1
4079,2004-08-28 07:00,7,7,1
4080,2004-08-28 08:00,8,7,1
4081,2004-08-28 09:00,9,7,1
4082,2004-08-28 10:00,10,7,1
4083,2004-08-28 11:00,11,7,1
4084,2004-08-28 12:00,12,7,1
4085,2004-08-28 13:00,13,7,1
4086,2004-08-28 14:00,14,7,1
4087,2004-08-28 15:00,15,7,1
4088,2004-08-28 16:00,16,7,1
4089,2004-08-28 17:00,17,7,1
4090,2004-08-28 18:00,18,7,1
4091,2004-08-28 19:00,19,7,1
4092,2004-08-28 20:00,20,7,1
4093,2004-08-28 21:00,21,7,1
4094,2004-08-28 22:00,22,7,1
4095,2004-08-28 23:00,23,7,1
4096,2004-08-29 00:00,0,1,1
4097,2004-08-29 01:00,1,1,1
4098,2004-08-29 02:00,2,1,1
4099,2004-08-29 03:00,3,1,1
4100,2004-08-29 04:00,4,1,1
4101,2004-08-29 05:00,5,1,1
4102,2004-08-29 06:00,6,1,1
4103,2004-08-29 07:00,7,1,1
4104,2004-08-29 08:00,8,1,1
4105,2004-08-29 09:00,9,1,1
4106,2004-08-29 10:00,10,1,1
4107,2004-08-29 11:00,11,1,1
4108,2004-08-29 12:00,12,1,1
4109,2004-08-29 13:00,13,1,1
4110,2004-08-29 14:00,14,1,1
4111,2004-08-29 15:00,15,1,1
4112,2004-08-29 16:00,16,1,1
4113,2004-08-29 17:00,17,1,1
4114,2004-08-29 18:00,18,1,1
4115,2004-08-29 19:00,19,1,1
4116,2004-08-29 20:00,20,1,1
4117,2004-08-29 21:00,21,1,1
4118,2004-08-29 22:00,22,1,1
4119,2004-08-29 23:00,23,1,1
4120,2004-08-30 00:00,0,2,0
4121,2004-08-30 01:00,1,2,0
4122,2004-08-30 02:00,2,2,0
4123,2004-08-30 03:00,3,2,0
4124,2004-08-30 04:00,4,2,0
4125,2004-08-30 05:00,5,2,0
4126,2004-08-30 06:00,6,2,0
4127,2004-08-30 07:00,7,2,0
4128,2004-08-30 08:00,8,2,0
4129,2004-08-30 09:00,9,2,0
4130,2004-08-30 10:00,10,2,0
4131,2004-08-30 11:00,11,2,0
4132,2004-08-30 12:00,12,2,0
4133,2004-08-30 13:00,13,2,0
4134,2004-08-30 14:00,14,2,0
4135,2004-08-30 15:00,15,2,0
4136,2004-08-30 16:00,16,2,0
4137,2004-08-30 17:00,17,2,0
4138,2004-08-30 18:00,18,2,0
4139,2004-08-30 19:00,19,2,0
4140,2004-08-30 20:00,20,2,0
4141,2004-08-30 21:00,21,2,0
4142,2004-08-30 22:00,22,2,0
4143,2004-08-30 23:00,23,2,0
4144,2004-08-31 00:00,0,3,0
4145,2004-08-31 01:00,1,3,0
4146,2004-08-31 02:00,2,3,0
4147,2004-08-31 03:00,3,3,0
4148,2004-08-31 04:00,4,3,0
4149,2004-08-31 05:00,5,3,0
4150,2004-08-31 06:00,6,3,0
4151,2004-08-31 07:00,7,3,0
4152,2004-08-31 08:00,8,3,0
4153,2004-08-31 09:00,9,3,0
4154,2004-08-31 10:00,10,3,0
4155,2004-08-31 11:00,11,3,0
4156,2004-08-31 12:00,12,3,0
4157,2004-08-31 13:00,13,3,0
4158,2004-08-31 14:00,14,3,0
4159,2004-08-31 15:00,15,3,0
4160,2004-08-31 16:00,16,3,0
4161,2004-08-31 17:00,17,3,0
4162,2004-08-31 18:00,18,3,0
4163,2004-08-31 19:00,19,3,0
4164,2004-08-31 20:00,20,3,0
4165,2004-08-31 21:00,21,3,0
4166,2004-08-31 22:00,22,3,0
4167,2004-08-31 23:00,23,3,0
4168,2004-09-01 00:00,0,4,0
4169,2004-09-01 01:00,1,4,0
4170,2004-09-01 02:00,2,4,0
4171,2004-09-01 03:00,3,4,0
4172,2004-09-01 04:00,4,4,0
4173,2004-09-01 05:00,5,4,0
4174,2004-09-01 06:00,6,4,0
4175,2004-09-01 07:00,7,4,0
4176,2004-09-01 08:00,8,4,0
4177,2004-09-01 09:00,9,4,0
4178,2004-09-01 10:00,10,4,0
4179,2004-09-01 11:00,11,4,0
4180,2004-09-01 12:00,12,4,0
4181,2004-09-01 13:00,13,4,0
4182,2004-09-01 14:00,14,4,0
4183,2004-09-01 15:00,15,4,0
4184,2004-09-01 16:00,16,4,0
4185,2004-09-01 17:00,17,4,0
4186,2004-09-01 18:00,18,4,0
4187,2004-09-01 19:00,19,4,0
4188,2004-09-01 20:00,20,4,0
4189,2004-09-01 21:00,21,4,0
4190,2004-09-01 22:00,22,4,0
4191,2004-09-01 23:00,23,4,0
4192,2004-09-02 00:00,0,5,0
4193,2004-09-02 01:00,1,5,0
4194,2004-09-02 02:00,2,5,0
4195,2004-09-02 03:00,3,5,0
4196,2004-09-02 04:00,4,5,0
4197,2004-09-02 05:00,5,5,0
4198,2004-09-02 06:00,6,5,0
4199,2004-09-02 07:00,7,5,0
4200,2004-09-02 08:00,8,5,0
4201,2004-09-02 09:00,9,5,0
4202,2004-09-02 10:00,10,5,0
4203,2004-09-02 11:00,11,5,0
4204,2004-09-02 12:00,12,5,0
4205,2004-09-02 13:00,13,5,0
4206,2004-09-02 14:00,14,5,0
4207,2004-09-02 15:00,15,5,0
4208,2004-09-02 16:00,16,5,0
4209,2004-09-02 17:00,17,5,0
4210,2004-09-02 18:00,18,5,0
4211,2004-09-02 19:00,19,5,0
4212,2004-09-02 20:00,20,5,0
4213,2004-09-02 21:00,21,5,0
4214,2004-09-02 22:00,22,5,0
4215,2004-09-02 23:00,23,5,0
4216,2004-09-03 00:00,0,6,0
4217,2004-09-03 01:00,1,6,0
4218,2004-09-03 02:00,2,6,0
4219,2004-09-03 03:00,3,6,0
4220,2004-09-03 04:00,4,6,0
4221,2004-09-03 05:00,5,6,0
4222,2004-09-03 06:00,6,6,0
4223,2004-09-03 07:00,7,6,0
4224,2004-09-03 08:00,8,6,0
4225,2004-09-03 09:00,9,6,0
4226,2004-09-03 10:00,10,6,0
4227,2004-09-03 11:00,11,6,0
4228,2004-09-03 12:00,12,6,0
4229,2004-09-03 13:00,13,6,0
4230,2004-09-03 14:00,14,6,0
4231,2004-09-03 15:00,15,6,0
4232,2004-09-03 16:00,16,6,0
4233,2004-09-03 17:00,17,6,0
4234,2004-09-03 18:00,18,6,0
4235,2004-09-03 19:00,19,6,0
4236,2004-09-03 20:00,20,6,0
4237,2004-09-03 21:00,21,6,0
4238,2004-09-03 22:00,22,6,0
4239,2004-09-03 23:00,23,6,0
4240,2004-09-04 00:00,0,7,1
4241,2004-09-04 01:00,1,7,1
4242,2004-09-04 02:00,2,7,1
4243,2004-09-04 03:00,3,7,1
4244,2004-09-04 04:00,4,7,1
4245,2004-09-04 05:00,5,7,1
4246,2004-09-04 06:00,6,7,1
4247,2004-09-04 07:00,7,7,1
4248,2004-09-04 08:00,8,7,1
4249,2004-09-04 09:00,9,7,1
4250,2004-09-04 10:00,10,7,1
4251,2004-09-04 11:00,11,7,1
4252,2004-09-04 12:00,12,7,1
4253,2004-09-04 13:00,13,7,1
4254,2004-09-04 14:00,14,7,1
4255,2004-09-04 15:00,15,7,1
4256,2004-09-04 16:00,16,7,1
4257,2004-09-04 17:00,17,7,1
4258,2004-09-04 18:00,18,7,1
4259,2004-09-04 19:00,19,7,1
4260,2004-09-04 20:00,20,7,1
4261,2004-09-04 21:00,21,7,1
4262,2004-09-04 22:00,22,7,1
4263,2004-09-04 23:00,23,7,1
4264,2004-09-05 00:00,0,1,1
4265,2004-09-05 01:00,1,1,1
4266,2004-09-05 02:00,2,1,1
4267,2004-09-05 03:00,3,1,1
4268,2004-09-05 04:00,4,1,1
4269,2004-09-05 05:00,5,1,1
4270,2004-09-05 06:00,6,1,1
4271,2004-09-05 07:00,7,1,1
4272,2004-09-05 08:00,8,1,1
4273,2004-09-05 09:00,9,1,1
4274,2004-09-05 10:00,10,1,1
4275,2004-09-05 11:00,11,1,1
4276,2004-09-05 12:00,12,1,1
4277,2004-09-05 13:00,13,1,1
4278,2004-09-05 14:00,14,1,1
4279,2004-09-05 15:00,15,1,1
4280,2004-09-05 16:00,16,1,1
4281,2004-09-05 17:00,17,1,1
4282,2004-09-05 18:00,18,1,1
4283,2004-09-05 19:00,19,1,1
4284,2004-09-05 20:00,20,1,1
4285,2004-09-05 21:00,21,1,1
4286,2004-09-05 22:00,22,1,1
4287,2004-09-05 23:00,23,1,1
4288,2004-09-06 00:00,0,2,0
4289,2004-09-06 01:00,1,2,0
4290,2004-09-06 02:00,2,2,0
4291,2004-09-06 03:00,3,2,0
4292,2004-09-06 04:00,4,2,0
4293,2004-09-06 05:00,5,2,0
4294,2004-09-06 06:00,6,2,0
4295,2004-09-06 07:00,7,2,0
4296,2004-09-06 08:00,8,2,0
4297,2004-09-06 09:00,9,2,0
4298,2004-09-06 10:00,10,2,0
4299,2004-09-06 11:00,11,2,0
4300,2004-09-06 12:00,12,2,0
4301,2004-09-06 13:00,13,2,0
4302,2004-09-06 14:00,14,2,0
4303,2004-09-06 15:00,15,2,0
4304,2004-09-06 16:00,16,2,0
4305,2004-09-06 17:00,17,2,0
4306,2004-09-06 18:00,18,2,0
4307,2004-09-06 19:00,19,2,0
4308,2004-09-06 20:00,20,2,0
4309,2004-09-06 21:00,21,2,0
4310,2004-09-06 22:00,22,2,0
4311,2004-09-06 23:00,23,2,0
4312,2004-09-07 00:00,0,3,0
4313,2004-09-07 01:00,1,3,0
4314,2004-09-07 02:00,2,3,0
4315,2004-09-07 03:00,3,3,0
4316,2004-09-07 04:00,4,3,0
4317,2004-09-07 05:00,5,3,0
4318,2004-09-07 06:00,6,3,0
4319,2004-09-07 07:00,7,3,0
4320,2004-09-07 08:00,8,3,0
4321,2004-09-07 09:00,9,3,0
4322,2004-09-07 10:00,10,3,0
4323,2004-09-07 11:00,11,3,0
4324,2004-09-07 12:00,12,3,0
4325,2004-09-07 13:00,13,3,0
4326,2004-09-07 14:00,14,3,0
4327,2004-09-07 15:00,15,3,0
4328,2004-09-07 16:00,16,3,0
4329,2004-09-07 17:00,17,3,0
4330,2004-09-07 18:00,18,3,0
4331,2004-09-07 19:00,19,3,0
4332,2004-09-07 20:00,20,3,0
4333,2004-09-07 21:00,21,3,0
4334,2004-09-07 22:00,22,3,0
4335,2004-09-08 09:00,9,4,0
4336,2004-09-08 17:00,17,4,0
4337,2004-09-08 18:00,18,4,0
4338,2004-09-08 19:00,19,4,0
4339,2004-09-08 20:00,20,4,0
4340,2004-09-08 21:00,21,4,0
4341,2004-09-08 22:00,22,4,0
4342,2004-09-08 23:00,23,4,0
4343,2004-09-09 00:00,0,5,0
4344,2004-09-09 01:00,1,5,0
4345,2004-09-09 02:00,2,5,0
4346,2004-09-09 03:00,3,5,0
4347,2004-09-09 04:00,4,5,0
4348,2004-09-09 05:00,5,5,0
4349,2004-09-09 06:00,6,5,0
4350,2004-09-09 07:00,7,5,0
4351,2004-09-09 08:00,8,5,0
4352,2004-09-09 09:00,9,5,0
4353,2004-09-09 10:00,10,5,0
4354,2004-09-09 11:00,11,5,0
4355,2004-09-09 12:00,12,5,0
4356,2004-09-09 13:00,13,5,0
4357,2004-09-09 14:00,14,5,0
4358,2004-09-09 15:00,15,5,0
4359,2004-09-09 16:00,16,5,0
4360,2004-09-09 17:00,17,5,0
4361,2004-09-09 18:00,18,5,0
4362,2004-09-09 19:00,19,5,0
4363,2004-09-09 20:00,20,5,0
4364,2004-09-09 21:00,21,5,0
4365,2004-09-09 22:00,22,5,0
4366,2004-09-09 23:00,23,5,0
4367,2004-09-10 00:00,0,6,0
4368,2004-09-10 01:00,1,6,0
4369,2004-09-10 02:00,2,6,0
4370,2004-09-10 03:00,3,6,0
4371,2004-09-10 04:00,4,6,0
4372,2004-09-10 05:00,5,6,0
4373,2004-09-10 06:00,6,6,0
4374,2004-09-10 07:00,7,6,0
4375,2004-09-10 08:00,8,6,0
4376,2004-09-10 09:00,9,6,0
4377,2004-09-10 10:00,10,6,0
4378,2004-09-10 11:00,11,6,0
4379,2004-09-10 12:00,12,6,0
4380,2004-09-10 13:00,13,6,0
4381,2004-09-10 14:00,14,6,0
4382,2004-09-10 15:00,15,6,0
4383,2004-09-10 16:00,16,6,0
4384,2004-09-10 17:00,17,6,0
4385,2004-09-10 18:00,18,6,0
4386,2004-09-10 19:00,19,6,0
4387,2004-09-10 20:00,20,6,0
4388,2004-09-10 21:00,21,6,0
4389,2004-09-10 22:00,22,6,0
4390,2004-09-10 23:00,23,6,0
4391,2004-09-11 00:00,0,7,1
4392,2004-09-11 01:00,1,7,1
4393,2004-09-11 02:00,2,7,1
4394,2004-09-11 03:00,3,7,1
4395,2004-09-11 04:00,4,7,1
4396,2004-09-11 05:00,5,7,1
4397,2004-09-11 06:00,6,7,1
4398,2004-09-11 07:00,7,7,1
4399,2004-09-11 08:00,8,7,1
4400,2004-09-11 09:00,9,7,1
4401,2004-09-11 10:00,10,7,1
4402,2004-09-11 11:00,11,7,1
4403,2004-09-11 12:00,12,7,1
4404,2004-09-11 13:00,13,7,1
4405,2004-09-11 14:00,14,7,1
4406,2004-09-11 15:00,15,7,1
4407,2004-09-11 16:00,16,7,1
4408,2004-09-11 17:00,17,7,1
4409,2004-09-11 18:00,18,7,1
4410,2004-09-11 19:00,19,7,1
4411,2004-09-11 20:00,20,7,1
4412,2004-09-11 21:00,21,7,1
4413,2004-09-11 22:00,22,7,1
4414,2004-09-11 23:00,23,7,1
4415,2004-09-12 00:00,0,1,1
4416,2004-09-12 01:00,1,1,1
4417,2004-09-12 02:00,2,1,1
4418,2004-09-12 03:00,3,1,1
4419,2004-09-12 04:00,4,1,1
4420,2004-09-12 05:00,5,1,1
4421,2004-09-12 06:00,6,1,1
4422,2004-09-12 07:00,7,1,1
4423,2004-09-12 08:00,8,1,1
4424,2004-09-12 09:00,9,1,1
4425,2004-09-12 10:00,10,1,1
4426,2004-09-12 11:00,11,1,1
4427,2004-09-12 12:00,12,1,1
4428,2004-09-12 13:00,13,1,1
4429,2004-09-12 14:00,14,1,1
4430,2004-09-12 15:00,15,1,1
4431,2004-09-12 16:00,16,1,1
4432,2004-09-12 17:00,17,1,1
4433,2004-09-12 18:00,18,1,1
4434,2004-09-12 19:00,19,1,1
4435,2004-09-12 20:00,20,1,1
4436,2004-09-12 21:00,21,1,1
4437,2004-09-12 22:00,22,1,1
4438,2004-09-12 23:00,23,1,1
4439,2004-09-13 00:00,0,2,0
4440,2004-09-13 01:00,1,2,0
4441,2004-09-13 02:00,2,2,0
4442,2004-09-13 03:00,3,2,0
4443,2004-09-13 04:00,4,2,0
4444,2004-09-13 05:00,5,2,0
4445,2004-09-13 06:00,6,2,0
4446,2004-09-13 07:00,7,2,0
4447,2004-09-13 08:00,8,2,0
4448,2004-09-13 09:00,9,2,0
4449,2004-09-13 10:00,10,2,0
4450,2004-09-13 11:00,11,2,0
4451,2004-09-13 12:00,12,2,0
4452,2004-09-13 13:00,13,2,0
4453,2004-09-13 14:00,14,2,0
4454,2004-09-13 15:00,15,2,0
4455,2004-09-13 16:00,16,2,0
4456,2004-09-13 17:00,17,2,0
4457,2004-09-13 18:00,18,2,0
4458,2004-09-13 19:00,19,2,0
4459,2004-09-13 20:00,20,2,0
4460,2004-09-13 21:00,21,2,0
4461,2004-09-13 22:00,22,2,0
4462,2004-09-13 23:00,23,2,0
4463,2004-09-14 00:00,0,3,0
4464,2004-09-14 01:00,1,3,0
4465,2004-09-14 02:00,2,3,0
4466,2004-09-14 03:00,3,3,0
4467,2004-09-14 04:00,4,3,0
4468,2004-09-14 05:00,5,3,0
4469,2004-09-14 06:00,6,3,0
4470,2004-09-14 07:00,7,3,0
4471,2004-09-14 08:00,8,3,0
4472,2004-09-14 09:00,9,3,0
4473,2004-09-14 10:00,10,3,0
4474,2004-09-14 11:00,11,3,0
4475,2004-09-14 12:00,12,3,0
4476,2004-09-14 13:00,13,3,0
4477,2004-09-14 14:00,14,3,0
4478,2004-09-14 15:00,15,3,0
4479,2004-09-14 16:00,16,3,0
4480,2004-09-14 17:00,17,3,0
4481,2004-09-14 18:00,18,3,0
4482,2004-09-14 19:00,19,3,0
4483,2004-09-14 20:00,20,3,0
4484,2004-09-14 21:00,21,3,0
4485,2004-09-14 22:00,22,3,0
4486,2004-09-14 23:00,23,3,0
4487,2004-09-15 00:00,0,4,0
4488,2004-09-15 01:00,1,4,0
4489,2004-09-15 02:00,2,4,0
4490,2004-09-15 03:00,3,4,0
4491,2004-09-15 04:00,4,4,0
4492,2004-09-15 05:00,5,4,0
4493,2004-09-15 06:00,6,4,0
4494,2004-09-15 07:00,7,4,0
4495,2004-09-15 08:00,8,4,0
4496,2004-09-15 09:00,9,4,0
4497,2004-09-15 10:00,10,4,0
4498,2004-09-15 11:00,11,4,0
4499,2004-09-15 12:00,12,4,0
4500,2004-09-15 13:00,13,4,0
4501,2004-09-15 14:00,14,4,0
4502,2004-09-15 15:00,15,4,0
4503,2004-09-15 16:00,16,4,0
4504,2004-09-15 17:00,17,4,0
4505,2004-09-15 18:00,18,4,0
4506,2004-09-15 19:00,19,4,0
4507,2004-09-15 20:00,20,4,0
4508,2004-09-15 21:00,21,4,0
4509,2004-09-15 22:00,22,4,0
4510,2004-09-15 23:00,23,4,0
4511,2004-09-16 00:00,0,5,0
4512,2004-09-16 01:00,1,5,0
4513,2004-09-16 02:00,2,5,0
4514,2004-09-16 03:00,3,5,0
4515,2004-09-16 04:00,4,5,0
4516,2004-09-16 05:00,5,5,0
4517,2004-09-16 06:00,6,5,0
4518,2004-09-16 07:00,7,5,0
4519,2004-09-16 08:00,8,5,0
4520,2004-09-16 09:00,9,5,0
4521,2004-09-16 10:00,10,5,0
4522,2004-09-16 11:00,11,5,0
4523,2004-09-16 12:00,12,5,0
4524,2004-09-16 13:00,13,5,0
4525,2004-09-16 14:00,14,5,0
4526,2004-09-16 15:00,15,5,0
4527,2004-09-16 16:00,16,5,0
4528,2004-09-16 17:00,17,5,0
4529,2004-09-16 18:00,18,5,0
4530,2004-09-16 19:00,19,5,0
4531,2004-09-16 20:00,20,5,0
4532,2004-09-16 21:00,21,5,0
4533,2004-09-16 22:00,22,5,0
4534,2004-09-16 23:00,23,5,0
4535,2004-09-17 00:00,0,6,0
4536,2004-09-17 01:00,1,6,0
4537,2004-09-17 02:00,2,6,0
4538,2004-09-17 03:00,3,6,0
4539,2004-09-17 04:00,4,6,0
4540,2004-09-17 05:00,5,6,0
4541,2004-09-17 06:00,6,6,0
4542,2004-09-17 07:00,7,6,0
4543,2004-09-17 08:00,8,6,0
4544,2004-09-17 09:00,9,6,0
4545,2004-09-17 10:00,10,6,0
4546,2004-09-17 11:00,11,6,0
4547,2004-09-17 12:00,12,6,0
4548,2004-09-17 13:00,13,6,0
4549,2004-09-17 14:00,14,6,0
4550,2004-09-17 15:00,15,6,0
4551,2004-09-17 16:00,16,6,0
4552,2004-09-17 17:00,17,6,0
4553,2004-09-17 18:00,18,6,0
4554,2004-09-17 19:00,19,6,0
4555,2004-09-17 20:00,20,6,0
4556,2004-09-17 21:00,21,6,0
4557,2004-09-17 22:00,22,6,0
4558,2004-09-17 23:00,23,6,0
4559,2004-09-18 00:00,0,7,1
4560,2004-09-18 01:00,1,7,1
4561,2004-09-18 02:00,2,7,1
4562,2004-09-18 03:00,3,7,1
4563,2004-09-18 04:00,4,7,1
4564,2004-09-18 05:00,5,7,1
4565,2004-09-18 06:00,6,7,1
4566,2004-09-18 07:00,7,7,1
4567,2004-09-18 08:00,8,7,1
4568,2004-09-18 09:00,9,7,1
4569,2004-09-18 10:00,10,7,1
4570,2004-09-18 11:00,11,7,1
4571,2004-09-18 12:00,12,7,1
4572,2004-09-18 13:00,13,7,1
4573,2004-09-18 14:00,14,7,1
4574,2004-09-18 15:00,15,7,1
4575,2004-09-18 16:00,16,7,1
4576,2004-09-18 17:00,17,7,1
4577,2004-09-18 18:00,18,7,1
4578,2004-09-18 19:00,19,7,1
4579,2004-09-18 20:00,20,7,1
4580,2004-09-18 21:00,21,7,1
4581,2004-09-18 22:00,22,7,1
4582,2004-09-18 23:00,23,7,1
4583,2004-09-19 00:00,0,1,1
4584,2004-09-19 01:00,1,1,1
4585,2004-09-19 02:00,2,1,1
4586,2004-09-19 03:00,3,1,1
4587,2004-09-19 04:00,4,1,1
4588,2004-09-19 05:00,5,1,1
4589,2004-09-19 06:00,6,1,1
4590,2004-09-19 07:00,7,1,1
4591,2004-09-19 08:00,8,1,1
4592,2004-09-19 09:00,9,1,1
4593,2004-09-19 10:00,10,1,1
4594,2004-09-19 11:00,11,1,1
4595,2004-09-19 12:00,12,1,1
4596,2004-09-19 13:00,13,1,1
4597,2004-09-19 14:00,14,1,1
4598,2004-09-19 15:00,15,1,1
4599,2004-09-19 16:00,16,1,1
4600,2004-09-19 17:00,17,1,1
4601,2004-09-19 18:00,18,1,1
4602,2004-09-19 19:00,19,1,1
4603,2004-09-19 20:00,20,1,1
4604,2004-09-19 21:00,21,1,1
4605,2004-09-19 22:00,22,1,1
4606,2004-09-19 23:00,23,1,1
4607,2004-09-20 00:00,0,2,0
4608,2004-09-20 01:00,1,2,0
4609,2004-09-20 02:00,2,2,0
4610,2004-09-20 03:00,3,2,0
4611,2004-09-20 04:00,4,2,0
4612,2004-09-20 05:00,5,2,0
4613,2004-09-20 06:00,6,2,0
4614,2004-09-20 07:00,7,2,0
4615,2004-09-20 08:00,8,2,0
4616,2004-09-20 09:00,9,2,0
4617,2004-09-20 10:00,10,2,0
4618,2004-09-20 11:00,11,2,0
4619,2004-09-20 12:00,12,2,0
4620,2004-09-20 13:00,13,2,0
4621,2004-09-20 14:00,14,2,0
4622,2004-09-20 15:00,15,2,0
4623,2004-09-20 16:00,16,2,0
4624,2004-09-20 17:00,17,2,0
4625,2004-09-20 18:00,18,2,0
4626,2004-09-20 19:00,19,2,0
4627,2004-09-20 20:00,20,2,0
4628,2004-09-20 21:00,21,2,0
4629,2004-09-20 22:00,22,2,0
4630,2004-09-20 23:00,23,2,0
4631,2004-09-21 00:00,0,3,0
4632,2004-09-21 01:00,1,3,0
4633,2004-09-21 02:00,2,3,0
4634,2004-09-21 03:00,3,3,0
4635,2004-09-21 04:00,4,3,0
4636,2004-09-21 05:00,5,3,0
4637,2004-09-21 06:00,6,3,0
4638,2004-09-21 07:00,7,3,0
4639,2004-09-21 08:00,8,3,0
4640,2004-09-21 09:00,9,3,0
4641,2004-09-21 10:00,10,3,0
4642,2004-09-21 11:00,11,3,0
4643,2004-09-21 12:00,12,3,0
4644,2004-09-21 13:00,13,3,0
4645,2004-09-21 14:00,14,3,0
4646,2004-09-21 15:00,15,3,0
4647,2004-09-21 16:00,16,3,0
4648,2004-09-21 17:00,17,3,0
4649,2004-09-21 18:00,18,3,0
4650,2004-09-21 19:00,19,3,0
4651,2004-09-21 20:00,20,3,0
4652,2004-09-21 21:00,21,3,0
4653,2004-09-21 22:00,22,3,0
4654,2004-09-21 23:00,23,3,0
4655,2004-09-22 00:00,0,4,0
4656,2004-09-22 01:00,1,4,0
4657,2004-09-22 02:00,2,4,0
4658,2004-09-22 03:00,3,4,0
4659,2004-09-22 04:00,4,4,0
4660,2004-09-22 05:00,5,4,0
4661,2004-09-22 06:00,6,4,0
4662,2004-09-22 07:00,7,4,0
4663,2004-09-22 08:00,8,4,0
4664,2004-09-22 09:00,9,4,0
4665,2004-09-22 10:00,10,4,0
4666,2004-09-22 11:00,11,4,0
4667,2004-09-22 12:00,12,4,0
4668,2004-09-22 13:00,13,4,0
4669,2004-09-22 14:00,14,4,0
4670,2004-09-22 15:00,15,4,0
4671,2004-09-22 16:00,16,4,0
4672,2004-09-22 17:00,17,4,0
4673,2004-09-22 18:00,18,4,0
4674,2004-09-22 19:00,19,4,0
4675,2004-09-22 20:00,20,4,0
4676,2004-09-22 21:00,21,4,0
4677,2004-09-22 22:00,22,4,0
4678,2004-09-22 23:00,23,4,0
4679,2004-09-23 00:00,0,5,0
4680,2004-09-23 01:00,1,5,0
4681,2004-09-23 02:00,2,5,0
4682,2004-09-23 03:00,3,5,0
4683,2004-09-23 04:00,4,5,0
4684,2004-09-23 05:00,5,5,0
4685,2004-09-23 06:00,6,5,0
4686,2004-09-23 07:00,7,5,0
4687,2004-09-23 08:00,8,5,0
4688,2004-09-23 09:00,9,5,0
4689,2004-09-23 10:00,10,5,0
4690,2004-09-23 11:00,11,5,0
4691,2004-09-23 12:00,12,5,0
4692,2004-09-23 13:00,13,5,0
4693,2004-09-23 14:00,14,5,0
4694,2004-09-23 15:00,15,5,0
4695,2004-09-23 16:00,16,5,0
4696,2004-09-23 17:00,17,5,0
4697,2004-09-23 18:00,18,5,0
4698,2004-09-23 19:00,19,5,0
4699,2004-09-23 20:00,20,5,0
4700,2004-09-23 21:00,21,5,0
4701,2004-09-23 22:00,22,5,0
4702,2004-09-23 23:00,23,5,0
4703,2004-09-24 00:00,0,6,0
4704,2004-09-24 01:00,1,6,0
4705,2004-09-24 02:00,2,6,0
4706,2004-09-24 03:00,3,6,0
4707,2004-09-24 04:00,4,6,0
4708,2004-09-24 05:00,5,6,0
4709,2004-09-24 06:00,6,6,0
4710,2004-09-24 07:00,7,6,0
4711,2004-09-24 08:00,8,6,0
4712,2004-09-24 09:00,9,6,0
4713,2004-09-24 10:00,10,6,0
4714,2004-09-24 11:00,11,6,0
4715,2004-09-24 12:00,12,6,0
4716,2004-09-24 13:00,13,6,0
4717,2004-09-24 14:00,14,6,0
4718,2004-09-24 15:00,15,6,0
4719,2004-09-24 16:00,16,6,0
4720,2004-09-24 17:00,17,6,0
4721,2004-09-24 18:00,18,6,0
4722,2004-09-24 19:00,19,6,0
4723,2004-09-24 20:00,20,6,0
4724,2004-09-24 21:00,21,6,0
4725,2004-09-24 22:00,22,6,0
4726,2004-09-24 23:00,23,6,0
4727,2004-09-25 00:00,0,7,1
4728,2004-09-25 01:00,1,7,1
4729,2004-09-25 02:00,2,7,1
4730,2004-09-25 03:00,3,7,1
4731,2004-09-25 04:00,4,7,1
4732,2004-09-25 05:00,5,7,1
4733,2004-09-25 06:00,6,7,1
4734,2004-09-25 07:00,7,7,1
4735,2004-09-25 08:00,8,7,1
4736,2004-09-25 09:00,9,7,1
4737,2004-09-25 10:00,10,7,1
4738,2004-09-25 11:00,11,7,1
4739,2004-09-25 12:00,12,7,1
4740,2004-09-25 13:00,13,7,1
4741,2004-09-25 14:00,14,7,1
4742,2004-09-25 15:00,15,7,1
4743,2004-09-25 16:00,16,7,1
4744,2004-09-25 17:00,17,7,1
4745,2004-09-25 18:00,18,7,1
4746,2004-09-25 19:00,19,7,1
4747,2004-09-25 20:00,20,7,1
4748,2004-09-25 21:00,21,7,1
4749,2004-09-25 22:00,22,7,1
4750,2004-09-25 23:00,23,7,1
4751,2004-09-26 00:00,0,1,1
4752,2004-09-26 01:00,1,1,1
4753,2004-09-26 02:00,2,1,1
4754,2004-09-26 03:00,3,1,1
4755,2004-09-26 04:00,4,1,1
4756,2004-09-26 05:00,5,1,1
4757,2004-09-26 06:00,6,1,1
4758,2004-09-26 07:00,7,1,1
4759,2004-09-26 08:00,8,1,1
4760,2004-09-26 09:00,9,1,1
4761,2004-09-26 10:00,10,1,1
4762,2004-09-26 11:00,11,1,1
4763,2004-09-26 12:00,12,1,1
4764,2004-09-26 13:00,13,1,1
4765,2004-09-26 14:00,14,1,1
4766,2004-09-26 15:00,15,1,1
4767,2004-09-26 16:00,16,1,1
4768,2004-09-26 17:00,17,1,1
4769,2004-09-26 18:00,18,1,1
4770,2004-09-26 19:00,19,1,1
4771,2004-09-26 20:00,20,1,1
4772,2004-09-26 21:00,21,1,1
4773,2004-09-26 22:00,22,1,1
4774,2004-09-26 23:00,23,1,1
4775,2004-09-27 00:00,0,2,0
4776,2004-09-27 01:00,1,2,0
4777,2004-09-27 02:00,2,2,0
4778,2004-09-27 03:00,3,2,0
4779,2004-09-27 04:00,4,2,0
4780,2004-09-27 05:00,5,2,0
4781,2004-09-27 06:00,6,2,0
4782,2004-09-27 07:00,7,2,0
4783,2004-09-27 08:00,8,2,0
4784,2004-09-27 09:00,9,2,0
4785,2004-09-27 10:00,10,2,0
4786,2004-09-27 11:00,11,2,0
4787,2004-09-27 12:00,12,2,0
4788,2004-09-27 13:00,13,2,0
4789,2004-09-27 14:00,14,2,0
4790,2004-09-27 15:00,15,2,0
4791,2004-09-27 16:00,16,2,0
4792,2004-09-27 17:00,17,2,0
4793,2004-09-27 18:00,18,2,0
4794,2004-09-27 19:00,19,2,0
4795,2004-09-27 20:00,20,2,0
4796,2004-09-27 21:00,21,2,0
4797,2004-09-27 22:00,22,2,0
4798,2004-09-27 23:00,23,2,0
4799,2004-09-28 00:00,0,3,0
4800,2004-09-28 01:00,1,3,0
4801,2004-09-28 02:00,2,3,0
4802,2004-09-28 03:00,3,3,0
4803,2004-09-28 04:00,4,3,0
4804,2004-09-28 05:00,5,3,0
4805,2004-09-28 06:00,6,3,0
4806,2004-09-28 07:00,7,3,0
4807,2004-09-28 08:00,8,3,0
4808,2004-09-28 09:00,9,3,0
4809,2004-09-28 10:00,10,3,0
4810,2004-09-28 11:00,11,3,0
4811,2004-09-28 12:00,12,3,0
4812,2004-09-28 13:00,13,3,0
4813,2004-09-28 14:00,14,3,0
4814,2004-09-28 15:00,15,3,0
4815,2004-09-28 16:00,16,3,0
4816,2004-09-28 17:00,17,3,0
4817,2004-09-28 18:00,18,3,0
4818,2004-09-28 19:00,19,3,0
4819,2004-09-28 20:00,20,3,0
4820,2004-09-28 21:00,21,3,0
4821,2004-09-28 22:00,22,3,0
4822,2004-09-28 23:00,23,3,0
4823,2004-09-29 00:00,0,4,0
4824,2004-09-29 01:00,1,4,0
4825,2004-09-29 02:00,2,4,0
4826,2004-09-29 03:00,3,4,0
4827,2004-09-29 04:00,4,4,0
4828,2004-09-29 05:00,5,4,0
4829,2004-09-29 06:00,6,4,0
4830,2004-09-29 07:00,7,4,0
4831,2004-09-29 08:00,8,4,0
4832,2004-09-29 09:00,9,4,0
4833,2004-09-29 10:00,10,4,0
4834,2004-09-29 11:00,11,4,0
4835,2004-09-29 12:00,12,4,0
4836,2004-09-29 13:00,13,4,0
4837,2004-09-29 14:00,14,4,0
4838,2004-09-29 15:00,15,4,0
4839,2004-09-29 16:00,16,4,0
4840,2004-09-29 17:00,17,4,0
4841,2004-09-29 18:00,18,4,0
4842,2004-09-29 19:00,19,4,0
4843,2004-09-29 20:00,20,4,0
4844,2004-09-29 21:00,21,4,0
4845,2004-09-29 22:00,22,4,0
4846,2004-09-29 23:00,23,4,0
4847,2004-09-30 00:00,0,5,0
4848,2004-09-30 01:00,1,5,0
4849,2004-09-30 02:00,2,5,0
4850,2004-09-30 03:00,3,5,0
4851,2004-09-30 04:00,4,5,0
4852,2004-09-30 05:00,5,5,0
4853,2004-09-30 06:00,6,5,0
4854,2004-09-30 07:00,7,5,0
4855,2004-09-30 08:00,8,5,0
4856,2004-09-30 09:00,9,5,0
4857,2004-09-30 10:00,10,5,0
4858,2004-09-30 11:00,11,5,0
4859,2004-09-30 12:00,12,5,0
4860,2004-09-30 13:00,13,5,0
4861,2004-09-30 14:00,14,5,0
4862,2004-09-30 15:00,15,5,0
4863,2004-09-30 16:00,16,5,0
4864,2004-09-30 17:00,17,5,0
4865,2004-09-30 18:00,18,5,0
4866,2004-09-30 19:00,19,5,0
4867,2004-09-30 20:00,20,5,0
4868,2004-09-30 21:00,21,5,0
4869,2004-09-30 22:00,22,5,0
4870,2004-09-30 23:00,23,5,0
4871,2004-10-01 00:00,0,6,0
4872,2004-10-01 01:00,1,6,0
4873,2004-10-01 02:00,2,6,0
4874,2004-10-01 03:00,3,6,0
4875,2004-10-01 04:00,4,6,0
4876,2004-10-01 05:00,5,6,0
4877,2004-10-01 06:00,6,6,0
4878,2004-10-01 07:00,7,6,0
4879,2004-10-01 08:00,8,6,0
4880,2004-10-01 09:00,9,6,0
4881,2004-10-01 10:00,10,6,0
4882,2004-10-01 11:00,11,6,0
4883,2004-10-01 12:00,12,6,0
4884,2004-10-01 13:00,13,6,0
4885,2004-10-01 14:00,14,6,0
4886,2004-10-01 15:00,15,6,0
4887,2004-10-01 16:00,16,6,0
4888,2004-10-01 17:00,17,6,0
4889,2004-10-01 18:00,18,6,0
4890,2004-10-01 19:00,19,6,0
4891,2004-10-01 20:00,20,6,0
4892,2004-10-01 21:00,21,6,0
4893,2004-10-01 22:00,22,6,0
4894,2004-10-01 23:00,23,6,0
4895,2004-10-02 00:00,0,7,1
4896,2004-10-02 01:00,1,7,1
4897,2004-10-02 02:00,2,7,1
4898,2004-10-02 03:00,3,7,1
4899,2004-10-02 04:00,4,7,1
4900,2004-10-02 05:00,5,7,1
4901,2004-10-02 06:00,6,7,1
4902,2004-10-02 07:00,7,7,1
4903,2004-10-02 08:00,8,7,1
4904,2004-10-02 09:00,9,7,1
4905,2004-10-02 10:00,10,7,1
4906,2004-10-02 11:00,11,7,1
4907,2004-10-02 12:00,12,7,1
4908,2004-10-02 13:00,13,7,1
4909,2004-10-02 14:00,14,7,1
4910,2004-10-02 15:00,15,7,1
4911,2004-10-02 16:00,16,7,1
4912,2004-10-02 17:00,17,7,1
4913,2004-10-02 18:00,18,7,1
4914,2004-10-02 19:00,19,7,1
4915,2004-10-02 20:00,20,7,1
4916,2004-10-02 21:00,21,7,1
4917,2004-10-02 22:00,22,7,1
4918,2004-10-02 23:00,23,7,1
4919,2004-10-03 00:00,0,1,1
4920,2004-10-03 01:00,1,1,1
4921,2004-10-03 02:00,2,1,1
4922,2004-10-03 03:00,3,1,1
4923,2004-10-03 04:00,4,1,1
4924,2004-10-03 05:00,5,1,1
4925,2004-10-03 06:00,6,1,1
4926,2004-10-03 07:00,7,1,1
4927,2004-10-03 08:00,8,1,1
4928,2004-10-03 09:00,9,1,1
4929,2004-10-03 10:00,10,1,1
4930,2004-10-03 11:00,11,1,1
4931,2004-10-03 12:00,12,1,1
4932,2004-10-03 13:00,13,1,1
4933,2004-10-03 14:00,14,1,1
4934,2004-10-03 15:00,15,1,1
4935,2004-10-03 16:00,16,1,1
4936,2004-10-03 17:00,17,1,1
4937,2004-10-03 18:00,18,1,1
4938,2004-10-03 19:00,19,1,1
4939,2004-10-03 20:00,20,1,1
4940,2004-10-03 21:00,21,1,1
4941,2004-10-03 22:00,22,1,1
4942,2004-10-03 23:00,23,1,1
4943,2004-10-04 00:00,0,2,0
4944,2004-10-04 01:00,1,2,0
4945,2004-10-04 02:00,2,2,0
4946,2004-10-04 03:00,3,2,0
4947,2004-10-04 04:00,4,2,0
4948,2004-10-04 05:00,5,2,0
4949,2004-10-04 06:00,6,2,0
4950,2004-10-04 07:00,7,2,0
4951,2004-10-04 08:00,8,2,0
4952,2004-10-04 09:00,9,2,0
4953,2004-10-04 10:00,10,2,0
4954,2004-10-04 11:00,11,2,0
4955,2004-10-04 12:00,12,2,0
4956,2004-10-04 13:00,13,2,0
4957,2004-10-04 14:00,14,2,0
4958,2004-10-04 15:00,15,2,0
4959,2004-10-04 16:00,16,2,0
4960,2004-10-04 17:00,17,2,0
4961,2004-10-04 18:00,18,2,0
4962,2004-10-04 19:00,19,2,0
4963,2004-10-04 20:00,20,2,0
4964,2004-10-04 21:00,21,2,0
4965,2004-10-04 22:00,22,2,0
4966,2004-10-04 23:00,23,2,0
4967,2004-10-05 00:00,0,3,0
4968,2004-10-05 01:00,1,3,0
4969,2004-10-05 02:00,2,3,0
4970,2004-10-05 03:00,3,3,0
4971,2004-10-05 04:00,4,3,0
4972,2004-10-05 05:00,5,3,0
4973,2004-10-05 06:00,6,3,0
4974,2004-10-05 07:00,7,3,0
4975,2004-10-05 08:00,8,3,0
4976,2004-10-05 09:00,9,3,0
4977,2004-10-05 10:00,10,3,0
4978,2004-10-05 11:00,11,3,0
4979,2004-10-05 12:00,12,3,0
4980,2004-10-05 13:00,13,3,0
4981,2004-10-05 14:00,14,3,0
4982,2004-10-05 15:00,15,3,0
4983,2004-10-05 16:00,16,3,0
4984,2004-10-05 17:00,17,3,0
4985,2004-10-05 18:00,18,3,0
4986,2004-10-05 19:00,19,3,0
4987,2004-10-05 20:00,20,3,0
4988,2004-10-05 21:00,21,3,0
4989,2004-10-05 22:00,22,3,0
4990,2004-10-05 23:00,23,3,0
4991,2004-10-06 00:00,0,4,0
4992,2004-10-06 01:00,1,4,0
4993,2004-10-06 02:00,2,4,0
4994,2004-10-06 03:00,3,4,0
4995,2004-10-06 04:00,4,4,0
4996,2004-10-06 05:00,5,4,0
4997,2004-10-06 06:00,6,4,0
4998,2004-10-06 07:00,7,4,0
4999,2004-10-06 08:00,8,4,0
5000,2004-10-06 09:00,9,4,0
5001,2004-10-06 10:00,10,4,0
5002,2004-10-06 11:00,11,4,0
5003,2004-10-06 12:00,12,4,0
5004,2004-10-06 13:00,13,4,0
5005,2004-10-06 14:00,14,4,0
5006,2004-10-06 15:00,15,4,0
5007,2004-10-06 16:00,16,4,0
5008,2004-10-06 17:00,17,4,0
5009,2004-10-06 18:00,18,4,0
5010,2004-10-06 19:00,19,4,0
5011,2004-10-06 20:00,20,4,0
5012,2004-10-06 21:00,21,4,0
5013,2004-10-06 22:00,22,4,0
5014,2004-10-06 23:00,23,4,0
5015,2004-10-07 00:00,0,5,0
5016,2004-10-07 01:00,1,5,0
5017,2004-10-07 02:00,2,5,0
5018,2004-10-07 03:00,3,5,0
5019,2004-10-07 04:00,4,5,0
5020,2004-10-07 05:00,5,5,0
5021,2004-10-07 06:00,6,5,0
5022,2004-10-07 07:00,7,5,0
5023,2004-10-07 08:00,8,5,0
5024,2004-10-07 09:00,9,5,0
5025,2004-10-07 10:00,10,5,0
5026,2004-10-07 11:00,11,5,0
5027,2004-10-07 12:00,12,5,0
5028,2004-10-07 13:00,13,5,0
5029,2004-10-07 14:00,14,5,0
5030,2004-10-07 15:00,15,5,0
5031,2004-10-07 16:00,16,5,0
5032,2004-10-07 17:00,17,5,0
5033,2004-10-07 18:00,18,5,0
5034,2004-10-07 19:00,19,5,0
5035,2004-10-07 20:00,20,5,0
5036,2004-10-07 21:00,21,5,0
5037,2004-10-07 22:00,22,5,0
5038,2004-10-07 23:00,23,5,0
5039,2004-10-08 00:00,0,6,0
5040,2004-10-08 01:00,1,6,0
5041,2004-10-08 02:00,2,6,0
5042,2004-10-08 03:00,3,6,0
5043,2004-10-08 04:00,4,6,0
5044,2004-10-08 05:00,5,6,0
5045,2004-10-08 06:00,6,6,0
5046,2004-10-08 07:00,7,6,0
5047,2004-10-08 08:00,8,6,0
5048,2004-10-08 09:00,9,6,0
5049,2004-10-08 10:00,10,6,0
5050,2004-10-08 11:00,11,6,0
5051,2004-10-08 12:00,12,6,0
5052,2004-10-08 13:00,13,6,0
5053,2004-10-08 14:00,14,6,0
5054,2004-10-08 15:00,15,6,0
5055,2004-10-08 16:00,16,6,0
5056,2004-10-08 17:00,17,6,0
5057,2004-10-08 18:00,18,6,0
5058,2004-10-08 19:00,19,6,0
5059,2004-10-08 20:00,20,6,0
5060,2004-10-08 21:00,21,6,0
5061,2004-10-08 22:00,22,6,0
5062,2004-10-08 23:00,23,6,0
5063,2004-10-09 00:00,0,7,1
5064,2004-10-09 01:00,1,7,1
5065,2004-10-09 02:00,2,7,1
5066,2004-10-09 03:00,3,7,1
5067,2004-10-09 04:00,4,7,1
5068,2004-10-09 05:00,5,7,1
5069,2004-10-09 06:00,6,7,1
5070,2004-10-09 07:00,7,7,1
5071,2004-10-09 08:00,8,7,1
5072,2004-10-09 09:00,9,7,1
5073,2004-10-09 10:00,10,7,1
5074,2004-10-09 11:00,11,7,1
5075,2004-10-09 12:00,12,7,1
5076,2004-10-09 13:00,13,7,1
5077,2004-10-09 14:00,14,7,1
5078,2004-10-09 15:00,15,7,1
5079,2004-10-09 16:00,16,7,1
5080,2004-10-09 17:00,17,7,1
5081,2004-10-09 18:00,18,7,1
5082,2004-10-09 19:00,19,7,1
5083,2004-10-09 20:00,20,7,1
5084,2004-10-09 21:00,21,7,1
5085,2004-10-09 22:00,22,7,1
5086,2004-10-09 23:00,23,7,1
5087,2004-10-10 00:00,0,1,1
5088,2004-10-10 01:00,1,1,1
5089,2004-10-10 02:00,2,1,1
5090,2004-10-10 03:00,3,1,1
5091,2004-10-10 04:00,4,1,1
5092,2004-10-10 05:00,5,1,1
5093,2004-10-10 06:00,6,1,1
5094,2004-10-10 07:00,7,1,1
5095,2004-10-10 08:00,8,1,1
5096,2004-10-10 09:00,9,1,1
5097,2004-10-10 10:00,10,1,1
5098,2004-10-10 11:00,11,1,1
5099,2004-10-10 12:00,12,1,1
5100,2004-10-10 13:00,13,1,1
5101,2004-10-10 14:00,14,1,1
5102,2004-10-10 15:00,15,1,1
5103,2004-10-10 16:00,16,1,1
5104,2004-10-10 17:00,17,1,1
5105,2004-10-10 18:00,18,1,1
5106,2004-10-10 19:00,19,1,1
5107,2004-10-10 20:00,20,1,1
5108,2004-10-10 21:00,21,1,1
5109,2004-10-10 22:00,22,1,1
5110,2004-10-10 23:00,23,1,1
5111,2004-10-11 00:00,0,2,0
5112,2004-10-11 01:00,1,2,0
5113,2004-10-11 02:00,2,2,0
5114,2004-10-11 03:00,3,2,0
5115,2004-10-11 04:00,4,2,0
5116,2004-10-11 05:00,5,2,0
5117,2004-10-11 06:00,6,2,0
5118,2004-10-11 07:00,7,2,0
5119,2004-10-11 08:00,8,2,0
5120,2004-10-11 09:00,9,2,0
5121,2004-10-11 10:00,10,2,0
5122,2004-10-11 11:00,11,2,0
5123,2004-10-11 12:00,12,2,0
5124,2004-10-11 13:00,13,2,0
5125,2004-10-11 14:00,14,2,0
5126,2004-10-11 15:00,15,2,0
5127,2004-10-11 16:00,16,2,0
5128,2004-10-11 17:00,17,2,0
5129,2004-10-11 18:00,18,2,0
5130,2004-10-11 19:00,19,2,0
5131,2004-10-11 20:00,20,2,0
5132,2004-10-11 21:00,21,2,0
5133,2004-10-11 22:00,22,2,0
5134,2004-10-11 23:00,23,2,0
5135,2004-10-12 00:00,0,3,0
5136,2004-10-12 01:00,1,3,0
5137,2004-10-12 02:00,2,3,0
5138,2004-10-12 03:00,3,3,0
5139,2004-10-12 04:00,4,3,0
5140,2004-10-12 05:00,5,3,0
5141,2004-10-12 06:00,6,3,0
5142,2004-10-12 07:00,7,3,0
5143,2004-10-12 08:00,8,3,0
5144,2004-10-12 09:00,9,3,0
5145,2004-10-12 10:00,10,3,0
5146,2004-10-12 11:00,11,3,0
5147,2004-10-12 12:00,12,3,0
5148,2004-10-12 13:00,13,3,0
5149,2004-10-12 14:00,14,3,0
5150,2004-10-12 15:00,15,3,0
5151,2004-10-12 16:00,16,3,0
5152,2004-10-12 17:00,17,3,0
5153,2004-10-12 18:00,18,3,0
5154,2004-10-12 19:00,19,3,0
5155,2004-10-12 20:00,20,3,0
5156,2004-10-12 21:00,21,3,0
5157,2004-10-12 22:00,22,3,0
5158,2004-10-12 23:00,23,3,0
5159,2004-10-13 00:00,0,4,0
5160,2004-10-13 01:00,1,4,0
5161,2004-10-13 02:00,2,4,0
5162,2004-10-13 03:00,3,4,0
5163,2004-10-13 04:00,4,4,0
5164,2004-10-13 05:00,5,4,0
5165,2004-10-13 06:00,6,4,0
5166,2004-10-13 07:00,7,4,0
5167,2004-10-13 08:00,8,4,0
5168,2004-10-13 09:00,9,4,0
5169,2004-10-13 10:00,10,4,0
5170,2004-10-13 11:00,11,4,0
5171,2004-10-13 12:00,12,4,0
5172,2004-10-13 13:00,13,4,0
5173,2004-10-13 14:00,14,4,0
5174,2004-10-13 15:00,15,4,0
5175,2004-10-13 16:00,16,4,0
5176,2004-10-13 17:00,17,4,0
5177,2004-10-13 18:00,18,4,0
5178,2004-10-13 19:00,19,4,0
5179,2004-10-13 20:00,20,4,0
5180,2004-10-13 21:00,21,4,0
5181,2004-10-13 22:00,22,4,0
5182,2004-10-13 23:00,23,4,0
5183,2004-10-14 00:00,0,5,0
5184,2004-10-14 01:00,1,5,0
5185,2004-10-14 02:00,2,5,0
5186,2004-10-14 03:00,3,5,0
5187,2004-10-14 04:00,4,5,0
5188,2004-10-14 05:00,5,5,0
5189,2004-10-14 06:00,6,5,0
5190,2004-10-14 07:00,7,5,0
5191,2004-10-14 08:00,8,5,0
5192,2004-10-14 09:00,9,5,0
5193,2004-10-14 10:00,10,5,0
5194,2004-10-14 11:00,11,5,0
5195,2004-10-14 12:00,12,5,0
5196,2004-10-14 13:00,13,5,0
5197,2004-10-14 14:00,14,5,0
5198,2004-10-14 15:00,15,5,0
5199,2004-10-14 16:00,16,5,0
5200,2004-10-14 17:00,17,5,0
5201,2004-10-14 18:00,18,5,0
5202,2004-10-14 19:00,19,5,0
5203,2004-10-14 20:00,20,5,0
5204,2004-10-14 21:00,21,5,0
5205,2004-10-14 22:00,22,5,0
5206,2004-10-14 23:00,23,5,0
5207,2004-10-15 00:00,0,6,0
5208,2004-10-15 01:00,1,6,0
5209,2004-10-15 02:00,2,6,0
5210,2004-10-15 03:00,3,6,0
5211,2004-10-15 04:00,4,6,0
5212,2004-10-15 05:00,5,6,0
5213,2004-10-15 06:00,6,6,0
5214,2004-10-15 07:00,7,6,0
5215,2004-10-15 08:00,8,6,0
5216,2004-10-15 09:00,9,6,0
5217,2004-10-15 10:00,10,6,0
5218,2004-10-15 11:00,11,6,0
5219,2004-10-15 12:00,12,6,0
5220,2004-10-15 13:00,13,6,0
5221,2004-10-15 14:00,14,6,0
5222,2004-10-15 15:00,15,6,0
5223,2004-10-15 16:00,16,6,0
5224,2004-10-15 17:00,17,6,0
5225,2004-10-15 18:00,18,6,0
5226,2004-10-15 19:00,19,6,0
5227,2004-10-15 20:00,20,6,0
5228,2004-10-15 21:00,21,6,0
5229,2004-10-15 22:00,22,6,0
5230,2004-10-15 23:00,23,6,0
5231,2004-10-16 00:00,0,7,1
5232,2004-10-16 01:00,1,7,1
5233,2004-10-16 02:00,2,7,1
5234,2004-10-16 03:00,3,7,1
5235,2004-10-16 04:00,4,7,1
5236,2004-10-16 05:00,5,7,1
5237,2004-10-16 06:00,6,7,1
5238,2004-10-16 07:00,7,7,1
5239,2004-10-16 08:00,8,7,1
5240,2004-10-16 09:00,9,7,1
5241,2004-10-16 10:00,10,7,1
5242,2004-10-16 11:00,11,7,1
5243,2004-10-16 12:00,12,7,1
5244,2004-10-16 13:00,13,7,1
5245,2004-10-16 14:00,14,7,1
5246,2004-10-16 15:00,15,7,1
5247,2004-10-16 16:00,16,7,1
5248,2004-10-16 17:00,17,7,1
5249,2004-10-16 18:00,18,7,1
5250,2004-10-16 19:00,19,7,1
5251,2004-10-16 20:00,20,7,1
5252,2004-10-16 21:00,21,7,1
5253,2004-10-16 22:00,22,7,1
5254,2004-10-16 23:00,23,7,1
5255,2004-10-17 00:00,0,1,1
5256,2004-10-17 01:00,1,1,1
5257,2004-10-17 02:00,2,1,1
5258,2004-10-17 03:00,3,1,1
5259,2004-10-17 04:00,4,1,1
5260,2004-10-17 05:00,5,1,1
5261,2004-10-17 06:00,6,1,1
5262,2004-10-17 07:00,7,1,1
5263,2004-10-17 08:00,8,1,1
5264,2004-10-17 09:00,9,1,1
5265,2004-10-17 10:00,10,1,1
5266,2004-10-17 11:00,11,1,1
5267,2004-10-17 12:00,12,1,1
5268,2004-10-17 13:00,13,1,1
5269,2004-10-17 14:00,14,1,1
5270,2004-10-17 15:00,15,1,1
5271,2004-10-17 16:00,16,1,1
5272,2004-10-17 17:00,17,1,1
5273,2004-10-17 18:00,18,1,1
5274,2004-10-17 19:00,19,1,1
5275,2004-10-17 20:00,20,1,1
5276,2004-10-17 21:00,21,1,1
5277,2004-10-17 22:00,22,1,1
5278,2004-10-17 23:00,23,1,1
5279,2004-10-18 00:00,0,2,0
5280,2004-10-18 01:00,1,2,0
5281,2004-10-18 02:00,2,2,0
5282,2004-10-18 03:00,3,2,0
5283,2004-10-18 04:00,4,2,0
5284,2004-10-18 05:00,5,2,0
5285,2004-10-18 06:00,6,2,0
5286,2004-10-18 07:00,7,2,0
5287,2004-10-18 08:00,8,2,0
5288,2004-10-18 09:00,9,2,0
5289,2004-10-18 10:00,10,2,0
5290,2004-10-18 11:00,11,2,0
5291,2004-10-18 12:00,12,2,0
5292,2004-10-18 13:00,13,2,0
5293,2004-10-18 14:00,14,2,0
5294,2004-10-18 15:00,15,2,0
5295,2004-10-18 16:00,16,2,0
5296,2004-10-18 17:00,17,2,0
5297,2004-10-18 18:00,18,2,0
5298,2004-10-18 19:00,19,2,0
5299,2004-10-18 20:00,20,2,0
5300,2004-10-18 21:00,21,2,0
5301,2004-10-18 22:00,22,2,0
5302,2004-10-18 23:00,23,2,0
5303,2004-10-19 00:00,0,3,0
5304,2004-10-19 01:00,1,3,0
5305,2004-10-19 02:00,2,3,0
5306,2004-10-19 03:00,3,3,0
5307,2004-10-19 04:00,4,3,0
5308,2004-10-19 05:00,5,3,0
5309,2004-10-19 06:00,6,3,0
5310,2004-10-19 07:00,7,3,0
5311,2004-10-19 08:00,8,3,0
5312,2004-10-19 09:00,9,3,0
5313,2004-10-19 10:00,10,3,0
5314,2004-10-19 11:00,11,3,0
5315,2004-10-19 12:00,12,3,0
5316,2004-10-19 13:00,13,3,0
5317,2004-10-19 14:00,14,3,0
5318,2004-10-19 15:00,15,3,0
5319,2004-10-19 16:00,16,3,0
5320,2004-10-19 17:00,17,3,0
5321,2004-10-19 18:00,18,3,0
5322,2004-10-19 19:00,19,3,0
5323,2004-10-19 20:00,20,3,0
5324,2004-10-19 21:00,21,3,0
5325,2004-10-19 22:00,22,3,0
5326,2004-10-19 23:00,23,3,0
5327,2004-10-20 00:00,0,4,0
5328,2004-10-20 01:00,1,4,0
5329,2004-10-20 02:00,2,4,0
5330,2004-10-20 03:00,3,4,0
5331,2004-10-20 04:00,4,4,0
5332,2004-10-20 05:00,5,4,0
5333,2004-10-20 06:00,6,4,0
5334,2004-10-20 07:00,7,4,0
5335,2004-10-20 08:00,8,4,0
5336,2004-10-20 09:00,9,4,0
5337,2004-10-20 10:00,10,4,0
5338,2004-10-20 11:00,11,4,0
5339,2004-10-20 12:00,12,4,0
5340,2004-10-20 13:00,13,4,0
5341,2004-10-20 14:00,14,4,0
5342,2004-10-20 15:00,15,4,0
5343,2004-10-20 16:00,16,4,0
5344,2004-10-20 17:00,17,4,0
5345,2004-10-20 18:00,18,4,0
5346,2004-10-20 19:00,19,4,0
5347,2004-10-20 20:00,20,4,0
5348,2004-10-20 21:00,21,4,0
5349,2004-10-20 22:00,22,4,0
5350,2004-10-20 23:00,23,4,0
5351,2004-10-21 00:00,0,5,0
5352,2004-10-21 01:00,1,5,0
5353,2004-10-21 02:00,2,5,0
5354,2004-10-21 03:00,3,5,0
5355,2004-10-21 04:00,4,5,0
5356,2004-10-21 05:00,5,5,0
5357,2004-10-21 06:00,6,5,0
5358,2004-10-21 07:00,7,5,0
5359,2004-10-21 08:00,8,5,0
5360,2004-10-21 09:00,9,5,0
5361,2004-10-21 10:00,10,5,0
5362,2004-10-21 11:00,11,5,0
5363,2004-10-21 12:00,12,5,0
5364,2004-10-21 13:00,13,5,0
5365,2004-10-21 14:00,14,5,0
5366,2004-10-21 15:00,15,5,0
5367,2004-10-21 16:00,16,5,0
5368,2004-10-21 17:00,17,5,0
5369,2004-10-21 18:00,18,5,0
5370,2004-10-21 19:00,19,5,0
5371,2004-10-21 20:00,20,5,0
5372,2004-10-21 21:00,21,5,0
5373,2004-10-21 22:00,22,5,0
5374,2004-10-21 23:00,23,5,0
5375,2004-10-22 00:00,0,6,0
5376,2004-10-22 01:00,1,6,0
5377,2004-10-22 02:00,2,6,0
5378,2004-10-22 03:00,3,6,0
5379,2004-10-22 04:00,4,6,0
5380,2004-10-22 05:00,5,6,0
5381,2004-10-22 06:00,6,6,0
5382,2004-10-22 07:00,7,6,0
5383,2004-10-22 08:00,8,6,0
5384,2004-10-22 09:00,9,6,0
5385,2004-10-22 10:00,10,6,0
5386,2004-10-22 11:00,11,6,0
5387,2004-10-22 12:00,12,6,0
5388,2004-10-22 13:00,13,6,0
5389,2004-10-22 14:00,14,6,0
5390,2004-10-22 15:00,15,6,0
5391,2004-10-22 16:00,16,6,0
5392,2004-10-22 17:00,17,6,0
5393,2004-10-22 18:00,18,6,0
5394,2004-10-22 19:00,19,6,0
5395,2004-10-22 20:00,20,6,0
5396,2004-10-22 21:00,21,6,0
5397,2004-10-22 22:00,22,6,0
5398,2004-10-22 23:00,23,6,0
5399,2004-10-23 00:00,0,7,1
5400,2004-10-23 01:00,1,7,1
5401,2004-10-23 02:00,2,7,1
5402,2004-10-23 03:00,3,7,1
5403,2004-10-23 04:00,4,7,1
5404,2004-10-23 05:00,5,7,1
5405,2004-10-23 06:00,6,7,1
5406,2004-10-23 07:00,7,7,1
5407,2004-10-23 08:00,8,7,1
5408,2004-10-23 09:00,9,7,1
5409,2004-10-23 10:00,10,7,1
5410,2004-10-23 11:00,11,7,1
5411,2004-10-23 12:00,12,7,1
5412,2004-10-23 13:00,13,7,1
5413,2004-10-23 14:00,14,7,1
5414,2004-10-23 15:00,15,7,1
5415,2004-10-23 16:00,16,7,1
5416,2004-10-23 17:00,17,7,1
5417,2004-10-23 18:00,18,7,1
5418,2004-10-23 19:00,19,7,1
5419,2004-10-23 20:00,20,7,1
5420,2004-10-23 21:00,21,7,1
5421,2004-10-23 22:00,22,7,1
5422,2004-10-23 23:00,23,7,1
5423,2004-10-24 00:00,0,1,1
5424,2004-10-24 01:00,1,1,1
5425,2004-10-24 02:00,2,1,1
5426,2004-10-24 03:00,3,1,1
5427,2004-10-24 04:00,4,1,1
5428,2004-10-24 05:00,5,1,1
5429,2004-10-24 06:00,6,1,1
5430,2004-10-24 07:00,7,1,1
5431,2004-10-24 08:00,8,1,1
5432,2004-10-24 09:00,9,1,1
5433,2004-10-24 10:00,10,1,1
5434,2004-10-24 11:00,11,1,1
5435,2004-10-24 12:00,12,1,1
5436,2004-10-24 13:00,13,1,1
5437,2004-10-24 14:00,14,1,1
5438,2004-10-24 15:00,15,1,1
5439,2004-10-24 16:00,16,1,1
5440,2004-10-24 17:00,17,1,1
5441,2004-10-24 18:00,18,1,1
5442,2004-10-24 19:00,19,1,1
5443,2004-10-24 20:00,20,1,1
5444,2004-10-24 21:00,21,1,1
5445,2004-10-24 22:00,22,1,1
5446,2004-10-24 23:00,23,1,1
5447,2004-10-25 00:00,0,2,0
5448,2004-10-25 01:00,1,2,0
5449,2004-10-25 02:00,2,2,0
5450,2004-10-25 03:00,3,2,0
5451,2004-10-25 04:00,4,2,0
5452,2004-10-25 05:00,5,2,0
5453,2004-10-25 06:00,6,2,0
5454,2004-10-25 07:00,7,2,0
5455,2004-10-25 08:00,8,2,0
5456,2004-10-25 09:00,9,2,0
5457,2004-10-25 10:00,10,2,0
5458,2004-10-25 11:00,11,2,0
5459,2004-10-25 12:00,12,2,0
5460,2004-10-25 13:00,13,2,0
5461,2004-10-25 14:00,14,2,0
5462,2004-10-25 15:00,15,2,0
5463,2004-10-25 16:00,16,2,0
5464,2004-10-25 17:00,17,2,0
5465,2004-10-25 18:00,18,2,0
5466,2004-10-25 19:00,19,2,0
5467,2004-10-25 20:00,20,2,0
5468,2004-10-25 21:00,21,2,0
5469,2004-10-25 22:00,22,2,0
5470,2004-10-25 23:00,23,2,0
5471,2004-10-26 00:00,0,3,0
5472,2004-10-26 01:00,1,3,0
5473,2004-10-26 02:00,2,3,0
5474,2004-10-26 03:00,3,3,0
5475,2004-10-26 04:00,4,3,0
5476,2004-10-26 05:00,5,3,0
5477,2004-10-26 06:00,6,3,0
5478,2004-10-26 07:00,7,3,0
5479,2004-10-26 08:00,8,3,0
5480,2004-10-26 09:00,9,3,0
5481,2004-10-26 10:00,10,3,0
5482,2004-10-26 11:00,11,3,0
5483,2004-10-26 12:00,12,3,0
5484,2004-10-26 13:00,13,3,0
5485,2004-10-26 14:00,14,3,0
5486,2004-10-26 15:00,15,3,0
5487,2004-10-26 16:00,16,3,0
5488,2004-10-26 17:00,17,3,0
5489,2004-10-26 18:00,18,3,0
5490,2004-10-26 19:00,19,3,0
5491,2004-10-26 20:00,20,3,0
5492,2004-10-26 21:00,21,3,0
5493,2004-10-26 22:00,22,3,0
5494,2004-10-26 23:00,23,3,0
5495,2004-10-27 00:00,0,4,0
5496,2004-10-27 01:00,1,4,0
5497,2004-10-27 02:00,2,4,0
5498,2004-10-27 03:00,3,4,0
5499,2004-10-27 04:00,4,4,0
5500,2004-10-27 05:00,5,4,0
5501,2004-10-27 06:00,6,4,0
5502,2004-10-27 07:00,7,4,0
5503,2004-10-27 08:00,8,4,0
5504,2004-10-27 09:00,9,4,0
5505,2004-10-27 10:00,10,4,0
5506,2004-10-27 11:00,11,4,0
5507,2004-10-27 12:00,12,4,0
5508,2004-10-27 13:00,13,4,0
5509,2004-10-27 14:00,14,4,0
5510,2004-10-27 15:00,15,4,0
5511,2004-10-27 16:00,16,4,0
5512,2004-10-27 17:00,17,4,0
5513,2004-10-27 18:00,18,4,0
5514,2004-10-27 19:00,19,4,0
5515,2004-10-27 20:00,20,4,0
5516,2004-10-27 21:00,21,4,0
5517,2004-10-27 22:00,22,4,0
5518,2004-10-27 23:00,23,4,0
5519,2004-10-28 00:00,0,5,0
5520,2004-10-28 01:00,1,5,0
5521,2004-10-28 02:00,2,5,0
5522,2004-10-28 03:00,3,5,0
5523,2004-10-28 04:00,4,5,0
5524,2004-10-28 05:00,5,5,0
5525,2004-10-28 06:00,6,5,0
5526,2004-10-28 07:00,7,5,0
5527,2004-10-28 08:00,8,5,0
5528,2004-10-28 09:00,9,5,0
5529,2004-10-28 10:00,10,5,0
5530,2004-10-28 11:00,11,5,0
5531,2004-10-28 12:00,12,5,0
5532,2004-10-28 13:00,13,5,0
5533,2004-10-28 14:00,14,5,0
5534,2004-10-28 15:00,15,5,0
5535,2004-10-28 16:00,16,5,0
5536,2004-10-28 17:00,17,5,0
5537,2004-10-28 18:00,18,5,0
5538,2004-10-28 19:00,19,5,0
5539,2004-10-28 20:00,20,5,0
5540,2004-10-28 21:00,21,5,0
5541,2004-10-28 22:00,22,5,0
5542,2004-10-28 23:00,23,5,0
5543,2004-10-29 00:00,0,6,0
5544,2004-10-29 01:00,1,6,0
5545,2004-10-29 02:00,2,6,0
5546,2004-10-29 03:00,3,6,0
5547,2004-10-29 04:00,4,6,0
5548,2004-10-29 05:00,5,6,0
5549,2004-10-29 06:00,6,6,0
5550,2004-10-29 07:00,7,6,0
5551,2004-10-29 08:00,8,6,0
5552,2004-10-29 09:00,9,6,0
5553,2004-10-29 10:00,10,6,0
5554,2004-10-29 11:00,11,6,0
5555,2004-10-29 12:00,12,6,0
5556,2004-10-29 13:00,13,6,0
5557,2004-10-29 14:00,14,6,0
5558,2004-10-29 15:00,15,6,0
5559,2004-10-29 16:00,16,6,0
5560,2004-10-29 17:00,17,6,0
5561,2004-10-29 18:00,18,6,0
5562,2004-10-29 19:00,19,6,0
5563,2004-10-29 20:00,20,6,0
5564,2004-10-29 21:00,21,6,0
5565,2004-10-29 22:00,22,6,0
5566,2004-10-29 23:00,23,6,0
5567,2004-10-30 00:00,0,7,1
5568,2004-10-30 01:00,1,7,1
5569,2004-10-30 02:00,2,7,1
5570,2004-10-30 03:00,3,7,1
5571,2004-10-30 04:00,4,7,1
5572,2004-10-30 05:00,5,7,1
5573,2004-10-30 06:00,6,7,1
5574,2004-10-30 07:00,7,7,1
5575,2004-10-30 08:00,8,7,1
5576,2004-10-30 09:00,9,7,1
5577,2004-10-30 10:00,10,7,1
5578,2004-10-30 11:00,11,7,1
5579,2004-10-30 12:00,12,7,1
5580,2004-10-30 13:00,13,7,1
5581,2004-10-30 14:00,14,7,1
5582,2004-10-30 15:00,15,7,1
5583,2004-10-30 16:00,16,7,1
5584,2004-10-30 17:00,17,7,1
5585,2004-10-30 18:00,18,7,1
5586,2004-10-30 19:00,19,7,1
5587,2004-10-30 20:00,20,7,1
5588,2004-10-30 21:00,21,7,1
5589,2004-10-30 22:00,22,7,1
5590,2004-10-30 23:00,23,7,1
5591,2004-10-31 00:00,0,1,1
5592,2004-10-31 01:00,1,1,1
5593,2004-10-31 02:00,2,1,1
5594,2004-10-31 03:00,3,1,1
5595,2004-10-31 04:00,4,1,1
5596,2004-10-31 05:00,5,1,1
5597,2004-10-31 06:00,6,1,1
5598,2004-10-31 07:00,7,1,1
5599,2004-10-31 08:00,8,1,1
5600,2004-10-31 09:00,9,1,1
5601,2004-10-31 10:00,10,1,1
5602,2004-10-31 11:00,11,1,1
5603,2004-10-31 12:00,12,1,1
5604,2004-10-31 13:00,13,1,1
5605,2004-10-31 14:00,14,1,1
5606,2004-10-31 15:00,15,1,1
5607,2004-10-31 16:00,16,1,1
5608,2004-10-31 17:00,17,1,1
5609,2004-10-31 18:00,18,1,1
5610,2004-10-31 19:00,19,1,1
5611,2004-10-31 20:00,20,1,1
5612,2004-10-31 21:00,21,1,1
5613,2004-10-31 22:00,22,1,1
5614,2004-10-31 23:00,23,1,1
5615,2004-11-01 00:00,0,2,0
5616,2004-11-01 01:00,1,2,0
5617,2004-11-01 02:00,2,2,0
5618,2004-11-01 03:00,3,2,0
5619,2004-11-01 04:00,4,2,0
5620,2004-11-01 05:00,5,2,0
5621,2004-11-01 06:00,6,2,0
5622,2004-11-01 07:00,7,2,0
5623,2004-11-01 08:00,8,2,0
5624,2004-11-01 09:00,9,2,0
5625,2004-11-01 10:00,10,2,0
5626,2004-11-01 11:00,11,2,0
5627,2004-11-01 12:00,12,2,0
5628,2004-11-01 13:00,13,2,0
5629,2004-11-01 14:00,14,2,0
5630,2004-11-01 15:00,15,2,0
5631,2004-11-01 16:00,16,2,0
5632,2004-11-01 17:00,17,2,0
5633,2004-11-01 18:00,18,2,0
5634,2004-11-01 19:00,19,2,0
5635,2004-11-01 20:00,20,2,0
5636,2004-11-01 21:00,21,2,0
5637,2004-11-01 22:00,22,2,0
5638,2004-11-01 23:00,23,2,0
5639,2004-11-02 00:00,0,3,0
5640,2004-11-02 01:00,1,3,0
5641,2004-11-02 02:00,2,3,0
5642,2004-11-02 03:00,3,3,0
5643,2004-11-02 04:00,4,3,0
5644,2004-11-02 05:00,5,3,0
5645,2004-11-02 06:00,6,3,0
5646,2004-11-02 07:00,7,3,0
5647,2004-11-02 08:00,8,3,0
5648,2004-11-02 09:00,9,3,0
5649,2004-11-02 10:00,10,3,0
5650,2004-11-02 11:00,11,3,0
5651,2004-11-02 12:00,12,3,0
5652,2004-11-02 13:00,13,3,0
5653,2004-11-02 14:00,14,3,0
5654,2004-11-02 15:00,15,3,0
5655,2004-11-02 16:00,16,3,0
5656,2004-11-02 17:00,17,3,0
5657,2004-11-02 18:00,18,3,0
5658,2004-11-02 19:00,19,3,0
5659,2004-11-02 20:00,20,3,0
5660,2004-11-02 21:00,21,3,0
5661,2004-11-02 22:00,22,3,0
5662,2004-11-02 23:00,23,3,0
5663,2004-11-03 00:00,0,4,0
5664,2004-11-03 01:00,1,4,0
5665,2004-11-03 02:00,2,4,0
5666,2004-11-03 03:00,3,4,0
5667,2004-11-03 04:00,4,4,0
5668,2004-11-03 05:00,5,4,0
5669,2004-11-03 06:00,6,4,0
5670,2004-11-03 07:00,7,4,0
5671,2004-11-03 08:00,8,4,0
5672,2004-11-03 09:00,9,4,0
5673,2004-11-03 10:00,10,4,0
5674,2004-11-03 11:00,11,4,0
5675,2004-11-03 12:00,12,4,0
5676,2004-11-03 13:00,13,4,0
5677,2004-11-03 14:00,14,4,0
5678,2004-11-03 15:00,15,4,0
5679,2004-11-03 16:00,16,4,0
5680,2004-11-03 17:00,17,4,0
5681,2004-11-03 18:00,18,4,0
5682,2004-11-03 19:00,19,4,0
5683,2004-11-03 20:00,20,4,0
5684,2004-11-03 21:00,21,4,0
5685,2004-11-03 22:00,22,4,0
5686,2004-11-03 23:00,23,4,0
5687,2004-11-04 00:00,0,5,0
5688,2004-11-04 01:00,1,5,0
5689,2004-11-04 02:00,2,5,0
5690,2004-11-04 03:00,3,5,0
5691,2004-11-04 04:00,4,5,0
5692,2004-11-04 05:00,5,5,0
5693,2004-11-04 06:00,6,5,0
5694,2004-11-04 07:00,7,5,0
5695,2004-11-04 08:00,8,5,0
5696,2004-11-04 09:00,9,5,0
5697,2004-11-04 10:00,10,5,0
5698,2004-11-04 11:00,11,5,0
5699,2004-11-04 12:00,12,5,0
5700,2004-11-04 13:00,13,5,0
5701,2004-11-04 14:00,14,5,0
5702,2004-11-04 15:00,15,5,0
5703,2004-11-04 16:00,16,5,0
5704,2004-11-04 17:00,17,5,0
5705,2004-11-04 18:00,18,5,0
5706,2004-11-04 19:00,19,5,0
5707,2004-11-04 20:00,20,5,0
5708,2004-11-04 21:00,21,5,0
5709,2004-11-04 22:00,22,5,0
5710,2004-11-04 23:00,23,5,0
5711,2004-11-05 00:00,0,6,0
5712,2004-11-05 01:00,1,6,0
5713,2004-11-05 02:00,2,6,0
5714,2004-11-05 03:00,3,6,0
5715,2004-11-05 04:00,4,6,0
5716,2004-11-05 05:00,5,6,0
5717,2004-11-05 06:00,6,6,0
5718,2004-11-05 07:00,7,6,0
5719,2004-11-05 08:00,8,6,0
5720,2004-11-05 09:00,9,6,0
5721,2004-11-05 10:00,10,6,0
5722,2004-11-05 11:00,11,6,0
5723,2004-11-05 12:00,12,6,0
5724,2004-11-05 13:00,13,6,0
5725,2004-11-05 14:00,14,6,0
5726,2004-11-05 15:00,15,6,0
5727,2004-11-05 16:00,16,6,0
5728,2004-11-05 17:00,17,6,0
5729,2004-11-05 18:00,18,6,0
5730,2004-11-05 19:00,19,6,0
5731,2004-11-05 20:00,20,6,0
5732,2004-11-05 21:00,21,6,0
5733,2004-11-05 22:00,22,6,0
5734,2004-11-05 23:00,23,6,0
5735,2004-11-06 00:00,0,7,1
5736,2004-11-06 01:00,1,7,1
5737,2004-11-06 02:00,2,7,1
5738,2004-11-06 03:00,3,7,1
5739,2004-11-06 04:00,4,7,1
5740,2004-11-06 05:00,5,7,1
5741,2004-11-06 06:00,6,7,1
5742,2004-11-06 07:00,7,7,1
5743,2004-11-06 08:00,8,7,1
5744,2004-11-06 09:00,9,7,1
5745,2004-11-06 10:00,10,7,1
5746,2004-11-06 11:00,11,7,1
5747,2004-11-06 12:00,12,7,1
5748,2004-11-06 13:00,13,7,1
5749,2004-11-06 14:00,14,7,1
5750,2004-11-06 15:00,15,7,1
5751,2004-11-06 16:00,16,7,1
5752,2004-11-06 17:00,17,7,1
5753,2004-11-06 18:00,18,7,1
5754,2004-11-06 19:00,19,7,1
5755,2004-11-06 20:00,20,7,1
5756,2004-11-06 21:00,21,7,1
5757,2004-11-06 22:00,22,7,1
5758,2004-11-06 23:00,23,7,1
5759,2004-11-07 00:00,0,1,1
5760,2004-11-07 01:00,1,1,1
5761,2004-11-07 02:00,2,1,1
5762,2004-11-07 03:00,3,1,1
5763,2004-11-07 04:00,4,1,1
5764,2004-11-07 05:00,5,1,1
5765,2004-11-07 06:00,6,1,1
5766,2004-11-07 07:00,7,1,1
5767,2004-11-07 08:00,8,1,1
5768,2004-11-07 09:00,9,1,1
5769,2004-11-07 10:00,10,1,1
5770,2004-11-07 11:00,11,1,1
5771,2004-11-07 12:00,12,1,1
5772,2004-11-07 13:00,13,1,1
5773,2004-11-07 14:00,14,1,1
5774,2004-11-07 15:00,15,1,1
5775,2004-11-07 16:00,16,1,1
5776,2004-11-07 17:00,17,1,1
5777,2004-11-07 18:00,18,1,1
5778,2004-11-07 19:00,19,1,1
5779,2004-11-07 20:00,20,1,1
5780,2004-11-07 21:00,21,1,1
5781,2004-11-07 22:00,22,1,1
5782,2004-11-07 23:00,23,1,1
5783,2004-11-08 00:00,0,2,0
5784,2004-11-08 01:00,1,2,0
5785,2004-11-08 02:00,2,2,0
5786,2004-11-08 03:00,3,2,0
5787,2004-11-08 04:00,4,2,0
5788,2004-11-08 05:00,5,2,0
5789,2004-11-08 06:00,6,2,0
5790,2004-11-08 07:00,7,2,0
5791,2004-11-08 08:00,8,2,0
5792,2004-11-08 09:00,9,2,0
5793,2004-11-08 10:00,10,2,0
5794,2004-11-08 11:00,11,2,0
5795,2004-11-08 12:00,12,2,0
5796,2004-11-08 13:00,13,2,0
5797,2004-11-08 14:00,14,2,0
5798,2004-11-08 15:00,15,2,0
5799,2004-11-08 16:00,16,2,0
5800,2004-11-08 17:00,17,2,0
5801,2004-11-08 18:00,18,2,0
5802,2004-11-08 19:00,19,2,0
5803,2004-11-08 20:00,20,2,0
5804,2004-11-08 21:00,21,2,0
5805,2004-11-08 22:00,22,2,0
5806,2004-11-08 23:00,23,2,0
5807,2004-11-09 00:00,0,3,0
5808,2004-11-09 01:00,1,3,0
5809,2004-11-09 02:00,2,3,0
5810,2004-11-09 03:00,3,3,0
5811,2004-11-09 04:00,4,3,0
5812,2004-11-09 05:00,5,3,0
5813,2004-11-09 06:00,6,3,0
5814,2004-11-09 07:00,7,3,0
5815,2004-11-09 08:00,8,3,0
5816,2004-11-09 09:00,9,3,0
5817,2004-11-09 10:00,10,3,0
5818,2004-11-09 11:00,11,3,0
5819,2004-11-09 12:00,12,3,0
5820,2004-11-09 13:00,13,3,0
5821,2004-11-09 14:00,14,3,0
5822,2004-11-09 15:00,15,3,0
5823,2004-11-09 16:00,16,3,0
5824,2004-11-09 17:00,17,3,0
5825,2004-11-09 18:00,18,3,0
5826,2004-11-09 19:00,19,3,0
5827,2004-11-09 20:00,20,3,0
5828,2004-11-09 21:00,21,3,0
5829,2004-11-09 22:00,22,3,0
5830,2004-11-09 23:00,23,3,0
5831,2004-11-10 00:00,0,4,0
5832,2004-11-10 01:00,1,4,0
5833,2004-11-10 02:00,2,4,0
5834,2004-11-10 03:00,3,4,0
5835,2004-11-10 04:00,4,4,0
5836,2004-11-10 05:00,5,4,0
5837,2004-11-10 06:00,6,4,0
5838,2004-11-10 07:00,7,4,0
5839,2004-11-10 08:00,8,4,0
5840,2004-11-10 09:00,9,4,0
5841,2004-11-10 10:00,10,4,0
5842,2004-11-10 11:00,11,4,0
5843,2004-11-10 12:00,12,4,0
5844,2004-11-10 13:00,13,4,0
5845,2004-11-10 14:00,14,4,0
5846,2004-11-10 15:00,15,4,0
5847,2004-11-10 16:00,16,4,0
5848,2004-11-10 17:00,17,4,0
5849,2004-11-10 18:00,18,4,0
5850,2004-11-10 19:00,19,4,0
5851,2004-11-10 20:00,20,4,0
5852,2004-11-10 21:00,21,4,0
5853,2004-11-10 22:00,22,4,0
5854,2004-11-10 23:00,23,4,0
5855,2004-11-11 00:00,0,5,0
5856,2004-11-11 01:00,1,5,0
5857,2004-11-11 02:00,2,5,0
5858,2004-11-11 03:00,3,5,0
5859,2004-11-11 04:00,4,5,0
5860,2004-11-11 05:00,5,5,0
5861,2004-11-11 06:00,6,5,0
5862,2004-11-11 07:00,7,5,0
5863,2004-11-11 08:00,8,5,0
5864,2004-11-11 09:00,9,5,0
5865,2004-11-11 10:00,10,5,0
5866,2004-11-11 11:00,11,5,0
5867,2004-11-11 12:00,12,5,0
5868,2004-11-11 13:00,13,5,0
5869,2004-11-11 14:00,14,5,0
5870,2004-11-11 15:00,15,5,0
5871,2004-11-11 16:00,16,5,0
5872,2004-11-11 17:00,17,5,0
5873,2004-11-11 18:00,18,5,0
5874,2004-11-11 19:00,19,5,0
5875,2004-11-11 20:00,20,5,0
5876,2004-11-11 21:00,21,5,0
5877,2004-11-11 22:00,22,5,0
5878,2004-11-11 23:00,23,5,0
5879,2004-11-12 00:00,0,6,0
5880,2004-11-12 01:00,1,6,0
5881,2004-11-12 02:00,2,6,0
5882,2004-11-12 03:00,3,6,0
5883,2004-11-12 04:00,4,6,0
5884,2004-11-12 05:00,5,6,0
5885,2004-11-12 06:00,6,6,0
5886,2004-11-12 07:00,7,6,0
5887,2004-11-12 08:00,8,6,0
5888,2004-11-12 09:00,9,6,0
5889,2004-11-12 10:00,10,6,0
5890,2004-11-12 11:00,11,6,0
5891,2004-11-12 12:00,12,6,0
5892,2004-11-12 13:00,13,6,0
5893,2004-11-12 14:00,14,6,0
5894,2004-11-12 15:00,15,6,0
5895,2004-11-12 16:00,16,6,0
5896,2004-11-12 17:00,17,6,0
5897,2004-11-12 18:00,18,6,0
5898,2004-11-12 19:00,19,6,0
5899,2004-11-12 20:00,20,6,0
5900,2004-11-12 21:00,21,6,0
5901,2004-11-12 22:00,22,6,0
5902,2004-11-12 23:00,23,6,0
5903,2004-11-13 00:00,0,7,1
5904,2004-11-13 01:00,1,7,1
5905,2004-11-13 02:00,2,7,1
5906,2004-11-13 03:00,3,7,1
5907,2004-11-13 04:00,4,7,1
5908,2004-11-13 05:00,5,7,1
5909,2004-11-13 06:00,6,7,1
5910,2004-11-13 07:00,7,7,1
5911,2004-11-13 08:00,8,7,1
5912,2004-11-13 09:00,9,7,1
5913,2004-11-13 10:00,10,7,1
5914,2004-11-13 11:00,11,7,1
5915,2004-11-13 12:00,12,7,1
5916,2004-11-13 13:00,13,7,1
5917,2004-11-13 14:00,14,7,1
5918,2004-11-13 15:00,15,7,1
5919,2004-11-13 16:00,16,7,1
5920,2004-11-13 17:00,17,7,1
5921,2004-11-13 18:00,18,7,1
5922,2004-11-13 19:00,19,7,1
5923,2004-11-13 20:00,20,7,1
5924,2004-11-13 21:00,21,7,1
5925,2004-11-13 22:00,22,7,1
5926,2004-11-13 23:00,23,7,1
5927,2004-11-14 00:00,0,1,1
5928,2004-11-14 01:00,1,1,1
5929,2004-11-14 02:00,2,1,1
5930,2004-11-14 03:00,3,1,1
5931,2004-11-14 04:00,4,1,1
5932,2004-11-14 05:00,5,1,1
5933,2004-11-14 06:00,6,1,1
5934,2004-11-14 07:00,7,1,1
5935,2004-11-14 08:00,8,1,1
5936,2004-11-14 09:00,9,1,1
5937,2004-11-14 10:00,10,1,1
5938,2004-11-14 11:00,11,1,1
5939,2004-11-14 12:00,12,1,1
5940,2004-11-14 13:00,13,1,1
5941,2004-11-14 14:00,14,1,1
5942,2004-11-14 15:00,15,1,1
5943,2004-11-14 16:00,16,1,1
5944,2004-11-14 17:00,17,1,1
5945,2004-11-14 18:00,18,1,1
5946,2004-11-14 19:00,19,1,1
5947,2004-11-14 20:00,20,1,1
5948,2004-11-14 21:00,21,1,1
5949,2004-11-14 22:00,22,1,1
5950,2004-11-14 23:00,23,1,1
5951,2004-11-15 00:00,0,2,0
5952,2004-11-15 01:00,1,2,0
5953,2004-11-15 02:00,2,2,0
5954,2004-11-15 03:00,3,2,0
5955,2004-11-15 04:00,4,2,0
5956,2004-11-15 05:00,5,2,0
5957,2004-11-15 06:00,6,2,0
5958,2004-11-15 07:00,7,2,0
5959,2004-11-15 08:00,8,2,0
5960,2004-11-15 09:00,9,2,0
5961,2004-11-15 10:00,10,2,0
5962,2004-11-15 11:00,11,2,0
5963,2004-11-15 12:00,12,2,0
5964,2004-11-15 13:00,13,2,0
5965,2004-11-15 14:00,14,2,0
5966,2004-11-15 15:00,15,2,0
5967,2004-11-15 16:00,16,2,0
5968,2004-11-15 17:00,17,2,0
5969,2004-11-15 18:00,18,2,0
5970,2004-11-15 19:00,19,2,0
5971,2004-11-15 20:00,20,2,0
5972,2004-11-15 21:00,21,2,0
5973,2004-11-15 22:00,22,2,0
5974,2004-11-15 23:00,23,2,0
5975,2004-11-16 00:00,0,3,0
5976,2004-11-16 01:00,1,3,0
5977,2004-11-16 02:00,2,3,0
5978,2004-11-16 03:00,3,3,0
5979,2004-11-16 04:00,4,3,0
5980,2004-11-16 05:00,5,3,0
5981,2004-11-16 06:00,6,3,0
5982,2004-11-16 07:00,7,3,0
5983,2004-11-16 08:00,8,3,0
5984,2004-11-16 09:00,9,3,0
5985,2004-11-16 10:00,10,3,0
5986,2004-11-16 11:00,11,3,0
5987,2004-11-16 12:00,12,3,0
5988,2004-11-16 13:00,13,3,0
5989,2004-11-16 14:00,14,3,0
5990,2004-11-16 15:00,15,3,0
5991,2004-11-16 16:00,16,3,0
5992,2004-11-16 17:00,17,3,0
5993,2004-11-16 18:00,18,3,0
5994,2004-11-16 19:00,19,3,0
5995,2004-11-16 20:00,20,3,0
5996,2004-11-16 21:00,21,3,0
5997,2004-11-16 22:00,22,3,0
5998,2004-11-16 23:00,23,3,0
5999,2004-11-17 00:00,0,4,0
6000,2004-11-17 01:00,1,4,0
6001,2004-11-17 02:00,2,4,0
6002,2004-11-17 03:00,3,4,0
6003,2004-11-17 04:00,4,4,0
6004,2004-11-17 05:00,5,4,0
6005,2004-11-17 06:00,6,4,0
6006,2004-11-17 07:00,7,4,0
6007,2004-11-17 08:00,8,4,0
6008,2004-11-17 09:00,9,4,0
6009,2004-11-17 10:00,10,4,0
6010,2004-11-17 11:00,11,4,0
6011,2004-11-17 12:00,12,4,0
6012,2004-11-17 13:00,13,4,0
6013,2004-11-17 14:00,14,4,0
6014,2004-11-17 15:00,15,4,0
6015,2004-11-17 16:00,16,4,0
6016,2004-11-17 17:00,17,4,0
6017,2004-11-17 18:00,18,4,0
6018,2004-11-17 19:00,19,4,0
6019,2004-11-17 20:00,20,4,0
6020,2004-11-17 21:00,21,4,0
6021,2004-11-17 22:00,22,4,0
6022,2004-11-17 23:00,23,4,0
6023,2004-11-18 00:00,0,5,0
6024,2004-11-18 01:00,1,5,0
6025,2004-11-18 02:00,2,5,0
6026,2004-11-18 03:00,3,5,0
6027,2004-11-18 04:00,4,5,0
6028,2004-11-18 05:00,5,5,0
6029,2004-11-18 06:00,6,5,0
6030,2004-11-18 07:00,7,5,0
6031,2004-11-18 08:00,8,5,0
6032,2004-11-18 09:00,9,5,0
6033,2004-11-18 10:00,10,5,0
6034,2004-11-18 11:00,11,5,0
6035,2004-11-18 12:00,12,5,0
6036,2004-11-18 13:00,13,5,0
6037,2004-11-18 14:00,14,5,0
6038,2004-11-18 15:00,15,5,0
6039,2004-11-18 16:00,16,5,0
6040,2004-11-18 17:00,17,5,0
6041,2004-11-18 18:00,18,5,0
6042,2004-11-18 19:00,19,5,0
6043,2004-11-18 20:00,20,5,0
6044,2004-11-18 21:00,21,5,0
6045,2004-11-18 22:00,22,5,0
6046,2004-11-18 23:00,23,5,0
6047,2004-11-19 00:00,0,6,0
6048,2004-11-19 01:00,1,6,0
6049,2004-11-19 02:00,2,6,0
6050,2004-11-19 03:00,3,6,0
6051,2004-11-19 04:00,4,6,0
6052,2004-11-19 05:00,5,6,0
6053,2004-11-19 06:00,6,6,0
6054,2004-11-19 07:00,7,6,0
6055,2004-11-19 08:00,8,6,0
6056,2004-11-19 09:00,9,6,0
6057,2004-11-19 10:00,10,6,0
6058,2004-11-19 11:00,11,6,0
6059,2004-11-19 12:00,12,6,0
6060,2004-11-19 13:00,13,6,0
6061,2004-11-19 14:00,14,6,0
6062,2004-11-19 15:00,15,6,0
6063,2004-11-19 16:00,16,6,0
6064,2004-11-19 17:00,17,6,0
6065,2004-11-19 18:00,18,6,0
6066,2004-11-19 19:00,19,6,0
6067,2004-11-19 20:00,20,6,0
6068,2004-11-19 21:00,21,6,0
6069,2004-11-19 22:00,22,6,0
6070,2004-11-19 23:00,23,6,0
6071,2004-11-20 00:00,0,7,1
6072,2004-11-20 01:00,1,7,1
6073,2004-11-20 02:00,2,7,1
6074,2004-11-20 03:00,3,7,1
6075,2004-11-20 04:00,4,7,1
6076,2004-11-20 05:00,5,7,1
6077,2004-11-20 06:00,6,7,1
6078,2004-11-20 07:00,7,7,1
6079,2004-11-20 08:00,8,7,1
6080,2004-11-20 09:00,9,7,1
6081,2004-11-20 10:00,10,7,1
6082,2004-11-20 11:00,11,7,1
6083,2004-11-20 12:00,12,7,1
6084,2004-11-20 13:00,13,7,1
6085,2004-11-20 14:00,14,7,1
6086,2004-11-20 15:00,15,7,1
6087,2004-11-20 16:00,16,7,1
6088,2004-11-20 17:00,17,7,1
6089,2004-11-20 18:00,18,7,1
6090,2004-11-20 19:00,19,7,1
6091,2004-11-20 20:00,20,7,1
6092,2004-11-20 21:00,21,7,1
6093,2004-11-20 22:00,22,7,1
6094,2004-11-20 23:00,23,7,1
6095,2004-11-21 00:00,0,1,1
6096,2004-11-21 01:00,1,1,1
6097,2004-11-21 02:00,2,1,1
6098,2004-11-21 03:00,3,1,1
6099,2004-11-21 04:00,4,1,1
6100,2004-11-21 05:00,5,1,1
6101,2004-11-21 06:00,6,1,1
6102,2004-11-21 07:00,7,1,1
6103,2004-11-21 08:00,8,1,1
6104,2004-11-21 09:00,9,1,1
6105,2004-11-21 10:00,10,1,1
6106,2004-11-21 11:00,11,1,1
6107,2004-11-21 12:00,12,1,1
6108,2004-11-21 13:00,13,1,1
6109,2004-11-21 14:00,14,1,1
6110,2004-11-21 15:00,15,1,1
6111,2004-11-21 16:00,16,1,1
6112,2004-11-21 17:00,17,1,1
6113,2004-11-21 18:00,18,1,1
6114,2004-11-21 19:00,19,1,1
6115,2004-11-21 20:00,20,1,1
6116,2004-11-21 21:00,21,1,1
6117,2004-11-21 22:00,22,1,1
6118,2004-11-21 23:00,23,1,1
6119,2004-11-22 00:00,0,2,0
6120,2004-11-22 01:00,1,2,0
6121,2004-11-22 02:00,2,2,0
6122,2004-11-22 03:00,3,2,0
6123,2004-11-22 04:00,4,2,0
6124,2004-11-22 05:00,5,2,0
6125,2004-11-22 06:00,6,2,0
6126,2004-11-22 07:00,7,2,0
6127,2004-11-22 08:00,8,2,0
6128,2004-11-22 09:00,9,2,0
6129,2004-11-22 10:00,10,2,0
6130,2004-11-22 11:00,11,2,0
6131,2004-11-22 12:00,12,2,0
6132,2004-11-22 13:00,13,2,0
6133,2004-11-22 14:00,14,2,0
6134,2004-11-22 15:00,15,2,0
6135,2004-11-22 16:00,16,2,0
6136,2004-11-22 17:00,17,2,0
6137,2004-11-22 18:00,18,2,0
6138,2004-11-22 19:00,19,2,0
6139,2004-11-22 20:00,20,2,0
6140,2004-11-22 21:00,21,2,0
6141,2004-11-22 22:00,22,2,0
6142,2004-11-22 23:00,23,2,0
6143,2004-11-23 00:00,0,3,0
6144,2004-11-23 01:00,1,3,0
6145,2004-11-23 02:00,2,3,0
6146,2004-11-23 03:00,3,3,0
6147,2004-11-23 04:00,4,3,0
6148,2004-11-23 05:00,5,3,0
6149,2004-11-23 06:00,6,3,0
6150,2004-11-23 07:00,7,3,0
6151,2004-11-23 08:00,8,3,0
6152,2004-11-23 09:00,9,3,0
6153,2004-11-23 10:00,10,3,0
6154,2004-11-23 11:00,11,3,0
6155,2004-11-23 12:00,12,3,0
6156,2004-11-23 13:00,13,3,0
6157,2004-11-23 14:00,14,3,0
6158,2004-11-23 15:00,15,3,0
6159,2004-11-23 16:00,16,3,0
6160,2004-11-23 17:00,17,3,0
6161,2004-11-23 18:00,18,3,0
6162,2004-11-23 19:00,19,3,0
6163,2004-11-23 20:00,20,3,0
6164,2004-11-23 21:00,21,3,0
6165,2004-11-23 22:00,22,3,0
6166,2004-11-23 23:00,23,3,0
6167,2004-11-24 00:00,0,4,0
6168,2004-11-24 01:00,1,4,0
6169,2004-11-24 02:00,2,4,0
6170,2004-11-24 03:00,3,4,0
6171,2004-11-24 04:00,4,4,0
6172,2004-11-24 05:00,5,4,0
6173,2004-11-24 06:00,6,4,0
6174,2004-11-24 07:00,7,4,0
6175,2004-11-24 08:00,8,4,0
6176,2004-11-24 09:00,9,4,0
6177,2004-11-24 10:00,10,4,0
6178,2004-11-24 11:00,11,4,0
6179,2004-11-24 12:00,12,4,0
6180,2004-11-24 13:00,13,4,0
6181,2004-11-24 14:00,14,4,0
6182,2004-11-24 15:00,15,4,0
6183,2004-11-24 16:00,16,4,0
6184,2004-11-24 17:00,17,4,0
6185,2004-11-24 18:00,18,4,0
6186,2004-11-24 19:00,19,4,0
6187,2004-11-24 20:00,20,4,0
6188,2004-11-24 21:00,21,4,0
6189,2004-11-24 22:00,22,4,0
6190,2004-11-24 23:00,23,4,0
6191,2004-11-25 00:00,0,5,0
6192,2004-11-25 01:00,1,5,0
6193,2004-11-25 02:00,2,5,0
6194,2004-11-25 03:00,3,5,0
6195,2004-11-25 04:00,4,5,0
6196,2004-11-25 05:00,5,5,0
6197,2004-11-25 06:00,6,5,0
6198,2004-11-25 07:00,7,5,0
6199,2004-11-25 08:00,8,5,0
6200,2004-11-25 09:00,9,5,0
6201,2004-11-25 10:00,10,5,0
6202,2004-11-25 11:00,11,5,0
6203,2004-11-25 12:00,12,5,0
6204,2004-11-25 13:00,13,5,0
6205,2004-11-25 14:00,14,5,0
6206,2004-11-25 15:00,15,5,0
6207,2004-11-25 16:00,16,5,0
6208,2004-11-25 17:00,17,5,0
6209,2004-11-25 18:00,18,5,0
6210,2004-11-25 19:00,19,5,0
6211,2004-11-25 20:00,20,5,0
6212,2004-11-25 21:00,21,5,0
6213,2004-11-25 22:00,22,5,0
6214,2004-11-25 23:00,23,5,0
6215,2004-11-26 00:00,0,6,0
6216,2004-11-26 01:00,1,6,0
6217,2004-11-26 02:00,2,6,0
6218,2004-11-26 03:00,3,6,0
6219,2004-11-26 04:00,4,6,0
6220,2004-11-26 05:00,5,6,0
6221,2004-11-26 06:00,6,6,0
6222,2004-11-26 07:00,7,6,0
6223,2004-11-26 08:00,8,6,0
6224,2004-11-26 09:00,9,6,0
6225,2004-11-26 10:00,10,6,0
6226,2004-11-26 11:00,11,6,0
6227,2004-11-26 12:00,12,6,0
6228,2004-11-26 13:00,13,6,0
6229,2004-11-26 14:00,14,6,0
6230,2004-11-26 15:00,15,6,0
6231,2004-11-26 16:00,16,6,0
6232,2004-11-26 17:00,17,6,0
6233,2004-11-26 18:00,18,6,0
6234,2004-11-26 19:00,19,6,0
6235,2004-11-26 20:00,20,6,0
6236,2004-11-26 21:00,21,6,0
6237,2004-11-26 22:00,22,6,0
6238,2004-11-26 23:00,23,6,0
6239,2004-11-27 00:00,0,7,1
6240,2004-11-27 01:00,1,7,1
6241,2004-11-27 02:00,2,7,1
6242,2004-11-27 03:00,3,7,1
6243,2004-11-27 04:00,4,7,1
6244,2004-11-27 05:00,5,7,1
6245,2004-11-27 06:00,6,7,1
6246,2004-11-27 07:00,7,7,1
6247,2004-11-27 08:00,8,7,1
6248,2004-11-27 09:00,9,7,1
6249,2004-11-27 10:00,10,7,1
6250,2004-11-27 11:00,11,7,1
6251,2004-11-27 12:00,12,7,1
6252,2004-11-27 13:00,13,7,1
6253,2004-11-27 14:00,14,7,1
6254,2004-11-27 15:00,15,7,1
6255,2004-11-27 16:00,16,7,1
6256,2004-11-27 17:00,17,7,1
6257,2004-11-27 18:00,18,7,1
6258,2004-11-27 19:00,19,7,1
6259,2004-11-27 20:00,20,7,1
6260,2004-11-27 21:00,21,7,1
6261,2004-11-27 22:00,22,7,1
6262,2004-11-27 23:00,23,7,1
6263,2004-11-28 00:00,0,1,1
6264,2004-11-28 01:00,1,1,1
6265,2004-11-28 02:00,2,1,1
6266,2004-11-28 03:00,3,1,1
6267,2004-11-28 04:00,4,1,1
6268,2004-11-28 05:00,5,1,1
6269,2004-11-28 06:00,6,1,1
6270,2004-11-28 07:00,7,1,1
6271,2004-11-28 08:00,8,1,1
6272,2004-11-28 09:00,9,1,1
6273,2004-11-28 10:00,10,1,1
6274,2004-11-28 11:00,11,1,1
6275,2004-11-28 12:00,12,1,1
6276,2004-11-28 13:00,13,1,1
6277,2004-11-28 14:00,14,1,1
6278,2004-11-28 15:00,15,1,1
6279,2004-11-28 16:00,16,1,1
6280,2004-11-28 17:00,17,1,1
6281,2004-11-28 18:00,18,1,1
6282,2004-11-28 19:00,19,1,1
6283,2004-11-28 20:00,20,1,1
6284,2004-11-28 21:00,21,1,1
6285,2004-11-28 22:00,22,1,1
6286,2004-11-28 23:00,23,1,1
6287,2004-11-29 00:00,0,2,0
6288,2004-11-29 01:00,1,2,0
6289,2004-11-29 02:00,2,2,0
6290,2004-11-29 03:00,3,2,0
6291,2004-11-29 04:00,4,2,0
6292,2004-11-29 05:00,5,2,0
6293,2004-11-29 06:00,6,2,0
6294,2004-11-29 07:00,7,2,0
6295,2004-11-29 08:00,8,2,0
6296,2004-11-29 09:00,9,2,0
6297,2004-11-29 10:00,10,2,0
6298,2004-11-29 11:00,11,2,0
6299,2004-11-29 12:00,12,2,0
6300,2004-11-29 13:00,13,2,0
6301,2004-11-29 14:00,14,2,0
6302,2004-11-29 15:00,15,2,0
6303,2004-11-29 16:00,16,2,0
6304,2004-11-29 17:00,17,2,0
6305,2004-11-29 18:00,18,2,0
6306,2004-11-29 19:00,19,2,0
6307,2004-11-29 20:00,20,2,0
6308,2004-11-29 21:00,21,2,0
6309,2004-11-29 22:00,22,2,0
6310,2004-11-29 23:00,23,2,0
6311,2004-11-30 00:00,0,3,0
6312,2004-11-30 01:00,1,3,0
6313,2004-11-30 02:00,2,3,0
6314,2004-11-30 03:00,3,3,0
6315,2004-11-30 04:00,4,3,0
6316,2004-11-30 05:00,5,3,0
6317,2004-11-30 06:00,6,3,0
6318,2004-11-30 07:00,7,3,0
6319,2004-11-30 08:00,8,3,0
6320,2004-11-30 09:00,9,3,0
6321,2004-11-30 10:00,10,3,0
6322,2004-11-30 11:00,11,3,0
6323,2004-11-30 12:00,12,3,0
6324,2004-11-30 13:00,13,3,0
6325,2004-11-30 14:00,14,3,0
6326,2004-11-30 15:00,15,3,0
6327,2004-11-30 16:00,16,3,0
6328,2004-11-30 17:00,17,3,0
6329,2004-11-30 18:00,18,3,0
6330,2004-11-30 19:00,19,3,0
6331,2004-11-30 20:00,20,3,0
6332,2004-11-30 21:00,21,3,0
6333,2004-11-30 22:00,22,3,0
6334,2004-11-30 23:00,23,3,0
6335,2004-12-01 00:00,0,4,0
6336,2004-12-01 01:00,1,4,0
6337,2004-12-01 02:00,2,4,0
6338,2004-12-01 03:00,3,4,0
6339,2004-12-01 04:00,4,4,0
6340,2004-12-01 05:00,5,4,0
6341,2004-12-01 06:00,6,4,0
6342,2004-12-01 07:00,7,4,0
6343,2004-12-01 08:00,8,4,0
6344,2004-12-01 09:00,9,4,0
6345,2004-12-01 10:00,10,4,0
6346,2004-12-01 11:00,11,4,0
6347,2004-12-01 12:00,12,4,0
6348,2004-12-01 13:00,13,4,0
6349,2004-12-01 14:00,14,4,0
6350,2004-12-01 15:00,15,4,0
6351,2004-12-01 16:00,16,4,0
6352,2004-12-01 17:00,17,4,0
6353,2004-12-01 18:00,18,4,0
6354,2004-12-01 19:00,19,4,0
6355,2004-12-01 20:00,20,4,0
6356,2004-12-01 21:00,21,4,0
6357,2004-12-01 22:00,22,4,0
6358,2004-12-01 23:00,23,4,0
6359,2004-12-02 00:00,0,5,0
6360,2004-12-02 01:00,1,5,0
6361,2004-12-02 02:00,2,5,0
6362,2004-12-02 03:00,3,5,0
6363,2004-12-02 04:00,4,5,0
6364,2004-12-02 05:00,5,5,0
6365,2004-12-02 06:00,6,5,0
6366,2004-12-02 07:00,7,5,0
6367,2004-12-02 08:00,8,5,0
6368,2004-12-02 09:00,9,5,0
6369,2004-12-02 10:00,10,5,0
6370,2004-12-02 11:00,11,5,0
6371,2004-12-02 12:00,12,5,0
6372,2004-12-02 13:00,13,5,0
6373,2004-12-02 14:00,14,5,0
6374,2004-12-02 15:00,15,5,0
6375,2004-12-02 16:00,16,5,0
6376,2004-12-02 17:00,17,5,0
6377,2004-12-02 18:00,18,5,0
6378,2004-12-02 19:00,19,5,0
6379,2004-12-02 20:00,20,5,0
6380,2004-12-02 21:00,21,5,0
6381,2004-12-02 22:00,22,5,0
6382,2004-12-02 23:00,23,5,0
6383,2004-12-03 00:00,0,6,0
6384,2004-12-03 01:00,1,6,0
6385,2004-12-03 02:00,2,6,0
6386,2004-12-03 03:00,3,6,0
6387,2004-12-03 04:00,4,6,0
6388,2004-12-03 05:00,5,6,0
6389,2004-12-03 06:00,6,6,0
6390,2004-12-03 07:00,7,6,0
6391,2004-12-03 08:00,8,6,0
6392,2004-12-03 09:00,9,6,0
6393,2004-12-03 10:00,10,6,0
6394,2004-12-03 11:00,11,6,0
6395,2004-12-03 12:00,12,6,0
6396,2004-12-03 13:00,13,6,0
6397,2004-12-03 14:00,14,6,0
6398,2004-12-03 15:00,15,6,0
6399,2004-12-03 16:00,16,6,0
6400,2004-12-03 17:00,17,6,0
6401,2004-12-03 18:00,18,6,0
6402,2004-12-03 19:00,19,6,0
6403,2004-12-03 20:00,20,6,0
6404,2004-12-03 21:00,21,6,0
6405,2004-12-03 22:00,22,6,0
6406,2004-12-03 23:00,23,6,0
6407,2004-12-04 00:00,0,7,1
6408,2004-12-04 01:00,1,7,1
6409,2004-12-04 02:00,2,7,1
6410,2004-12-04 03:00,3,7,1
6411,2004-12-04 04:00,4,7,1
6412,2004-12-04 05:00,5,7,1
6413,2004-12-04 06:00,6,7,1
6414,2004-12-04 07:00,7,7,1
6415,2004-12-04 08:00,8,7,1
6416,2004-12-04 09:00,9,7,1
6417,2004-12-04 10:00,10,7,1
6418,2004-12-04 11:00,11,7,1
6419,2004-12-04 12:00,12,7,1
6420,2004-12-04 13:00,13,7,1
6421,2004-12-04 14:00,14,7,1
6422,2004-12-04 15:00,15,7,1
6423,2004-12-04 16:00,16,7,1
6424,2004-12-04 17:00,17,7,1
6425,2004-12-04 18:00,18,7,1
6426,2004-12-04 19:00,19,7,1
6427,2004-12-04 20:00,20,7,1
6428,2004-12-04 21:00,21,7,1
6429,2004-12-04 22:00,22,7,1
6430,2004-12-04 23:00,23,7,1
6431,2004-12-05 00:00,0,1,1
6432,2004-12-05 01:00,1,1,1
6433,2004-12-05 02:00,2,1,1
6434,2004-12-05 03:00,3,1,1
6435,2004-12-05 04:00,4,1,1
6436,2004-12-05 05:00,5,1,1
6437,2004-12-05 06:00,6,1,1
6438,2004-12-05 07:00,7,1,1
6439,2004-12-05 08:00,8,1,1
6440,2004-12-05 09:00,9,1,1
6441,2004-12-05 10:00,10,1,1
6442,2004-12-05 11:00,11,1,1
6443,2004-12-05 12:00,12,1,1
6444,2004-12-05 13:00,13,1,1
6445,2004-12-05 14:00,14,1,1
6446,2004-12-05 15:00,15,1,1
6447,2004-12-05 16:00,16,1,1
6448,2004-12-05 17:00,17,1,1
6449,2004-12-05 18:00,18,1,1
6450,2004-12-05 19:00,19,1,1
6451,2004-12-05 20:00,20,1,1
6452,2004-12-05 21:00,21,1,1
6453,2004-12-05 22:00,22,1,1
6454,2004-12-05 23:00,23,1,1
6455,2004-12-06 00:00,0,2,0
6456,2004-12-06 01:00,1,2,0
6457,2004-12-06 02:00,2,2,0
6458,2004-12-06 03:00,3,2,0
6459,2004-12-06 04:00,4,2,0
6460,2004-12-06 05:00,5,2,0
6461,2004-12-06 06:00,6,2,0
6462,2004-12-06 07:00,7,2,0
6463,2004-12-06 08:00,8,2,0
6464,2004-12-06 09:00,9,2,0
6465,2004-12-06 10:00,10,2,0
6466,2004-12-06 11:00,11,2,0
6467,2004-12-06 12:00,12,2,0
6468,2004-12-06 13:00,13,2,0
6469,2004-12-06 14:00,14,2,0
6470,2004-12-06 15:00,15,2,0
6471,2004-12-06 16:00,16,2,0
6472,2004-12-06 17:00,17,2,0
6473,2004-12-06 18:00,18,2,0
6474,2004-12-06 19:00,19,2,0
6475,2004-12-06 20:00,20,2,0
6476,2004-12-06 21:00,21,2,0
6477,2004-12-06 22:00,22,2,0
6478,2004-12-06 23:00,23,2,0
6479,2004-12-07 00:00,0,3,0
6480,2004-12-07 01:00,1,3,0
6481,2004-12-07 02:00,2,3,0
6482,2004-12-07 03:00,3,3,0
6483,2004-12-07 04:00,4,3,0
6484,2004-12-07 05:00,5,3,0
6485,2004-12-07 06:00,6,3,0
6486,2004-12-07 07:00,7,3,0
6487,2004-12-07 08:00,8,3,0
6488,2004-12-07 09:00,9,3,0
6489,2004-12-07 10:00,10,3,0
6490,2004-12-07 11:00,11,3,0
6491,2004-12-07 12:00,12,3,0
6492,2004-12-07 13:00,13,3,0
6493,2004-12-07 14:00,14,3,0
6494,2004-12-07 15:00,15,3,0
6495,2004-12-07 16:00,16,3,0
6496,2004-12-07 17:00,17,3,0
6497,2004-12-07 18:00,18,3,0
6498,2004-12-07 19:00,19,3,0
6499,2004-12-07 20:00,20,3,0
6500,2004-12-07 21:00,21,3,0
6501,2004-12-07 22:00,22,3,0
6502,2004-12-07 23:00,23,3,0
6503,2004-12-08 00:00,0,4,0
6504,2004-12-08 01:00,1,4,0
6505,2004-12-08 02:00,2,4,0
6506,2004-12-08 03:00,3,4,0
6507,2004-12-08 04:00,4,4,0
6508,2004-12-08 05:00,5,4,0
6509,2004-12-08 06:00,6,4,0
6510,2004-12-08 07:00,7,4,0
6511,2004-12-08 08:00,8,4,0
6512,2004-12-08 09:00,9,4,0
6513,2004-12-08 10:00,10,4,0
6514,2004-12-08 11:00,11,4,0
6515,2004-12-08 12:00,12,4,0
6516,2004-12-08 13:00,13,4,0
6517,2004-12-08 14:00,14,4,0
6518,2004-12-08 15:00,15,4,0
6519,2004-12-08 16:00,16,4,0
6520,2004-12-08 17:00,17,4,0
6521,2004-12-08 18:00,18,4,0
6522,2004-12-08 19:00,19,4,0
6523,2004-12-08 20:00,20,4,0
6524,2004-12-08 21:00,21,4,0
6525,2004-12-08 22:00,22,4,0
6526,2004-12-08 23:00,23,4,0
6527,2004-12-09 00:00,0,5,0
6528,2004-12-09 01:00,1,5,0
6529,2004-12-09 02:00,2,5,0
6530,2004-12-09 03:00,3,5,0
6531,2004-12-09 04:00,4,5,0
6532,2004-12-09 05:00,5,5,0
6533,2004-12-09 06:00,6,5,0
6534,2004-12-09 07:00,7,5,0
6535,2004-12-09 08:00,8,5,0
6536,2004-12-09 09:00,9,5,0
6537,2004-12-09 10:00,10,5,0
6538,2004-12-09 11:00,11,5,0
6539,2004-12-09 12:00,12,5,0
6540,2004-12-09 13:00,13,5,0
6541,2004-12-09 14:00,14,5,0
6542,2004-12-09 15:00,15,5,0
6543,2004-12-09 16:00,16,5,0
6544,2004-12-09 17:00,17,5,0
6545,2004-12-09 18:00,18,5,0
6546,2004-12-09 19:00,19,5,0
6547,2004-12-09 20:00,20,5,0
6548,2004-12-09 21:00,21,5,0
6549,2004-12-09 22:00,22,5,0
6550,2004-12-09 23:00,23,5,0
6551,2004-12-10 00:00,0,6,0
6552,2004-12-10 01:00,1,6,0
6553,2004-12-10 02:00,2,6,0
6554,2004-12-10 03:00,3,6,0
6555,2004-12-10 04:00,4,6,0
6556,2004-12-10 05:00,5,6,0
6557,2004-12-10 06:00,6,6,0
6558,2004-12-10 07:00,7,6,0
6559,2004-12-10 08:00,8,6,0
6560,2004-12-10 09:00,9,6,0
6561,2004-12-10 10:00,10,6,0
6562,2004-12-10 11:00,11,6,0
6563,2004-12-10 12:00,12,6,0
6564,2004-12-10 13:00,13,6,0
6565,2004-12-10 14:00,14,6,0
6566,2004-12-10 15:00,15,6,0
6567,2004-12-10 16:00,16,6,0
6568,2004-12-10 17:00,17,6,0
6569,2004-12-10 18:00,18,6,0
6570,2004-12-10 19:00,19,6,0
6571,2004-12-10 20:00,20,6,0
6572,2004-12-10 21:00,21,6,0
6573,2004-12-10 22:00,22,6,0
6574,2004-12-10 23:00,23,6,0
6575,2004-12-11 00:00,0,7,1
6576,2004-12-11 01:00,1,7,1
6577,2004-12-11 02:00,2,7,1
6578,2004-12-11 03:00,3,7,1
6579,2004-12-11 04:00,4,7,1
6580,2004-12-11 05:00,5,7,1
6581,2004-12-11 06:00,6,7,1
6582,2004-12-11 07:00,7,7,1
6583,2004-12-11 08:00,8,7,1
6584,2004-12-11 09:00,9,7,1
6585,2004-12-11 10:00,10,7,1
6586,2004-12-11 11:00,11,7,1
6587,2004-12-11 12:00,12,7,1
6588,2004-12-11 13:00,13,7,1
6589,2004-12-11 14:00,14,7,1
6590,2004-12-11 15:00,15,7,1
6591,2004-12-11 16:00,16,7,1
6592,2004-12-11 17:00,17,7,1
6593,2004-12-11 18:00,18,7,1
6594,2004-12-11 19:00,19,7,1
6595,2004-12-11 20:00,20,7,1
6596,2004-12-11 21:00,21,7,1
6597,2004-12-11 22:00,22,7,1
6598,2004-12-11 23:00,23,7,1
6599,2004-12-12 00:00,0,1,1
6600,2004-12-12 01:00,1,1,1
6601,2004-12-12 02:00,2,1,1
6602,2004-12-12 03:00,3,1,1
6603,2004-12-12 04:00,4,1,1
6604,2004-12-12 05:00,5,1,1
6605,2004-12-12 06:00,6,1,1
6606,2004-12-12 07:00,7,1,1
6607,2004-12-12 08:00,8,1,1
6608,2004-12-12 09:00,9,1,1
6609,2004-12-12 10:00,10,1,1
6610,2004-12-12 11:00,11,1,1
6611,2004-12-12 12:00,12,1,1
6612,2004-12-12 13:00,13,1,1
6613,2004-12-12 14:00,14,1,1
6614,2004-12-12 15:00,15,1,1
6615,2004-12-12 16:00,16,1,1
6616,2004-12-12 17:00,17,1,1
6617,2004-12-12 18:00,18,1,1
6618,2004-12-12 19:00,19,1,1
6619,2004-12-12 20:00,20,1,1
6620,2004-12-12 21:00,21,1,1
6621,2004-12-12 22:00,22,1,1
6622,2004-12-12 23:00,23,1,1
6623,2004-12-13 00:00,0,2,0
6624,2004-12-13 01:00,1,2,0
6625,2004-12-13 02:00,2,2,0
6626,2004-12-13 03:00,3,2,0
6627,2004-12-13 04:00,4,2,0
6628,2004-12-13 05:00,5,2,0
6629,2004-12-13 06:00,6,2,0
6630,2004-12-13 07:00,7,2,0
6631,2004-12-13 08:00,8,2,0
6632,2004-12-13 09:00,9,2,0
6633,2004-12-13 10:00,10,2,0
6634,2004-12-13 11:00,11,2,0
6635,2004-12-13 12:00,12,2,0
6636,2004-12-13 13:00,13,2,0
6637,2004-12-13 14:00,14,2,0
6638,2004-12-13 15:00,15,2,0
6639,2004-12-13 16:00,16,2,0
6640,2004-12-13 17:00,17,2,0
6641,2004-12-13 18:00,18,2,0
6642,2004-12-13 19:00,19,2,0
6643,2004-12-13 20:00,20,2,0
6644,2004-12-13 21:00,21,2,0
6645,2004-12-13 22:00,22,2,0
6646,2004-12-13 23:00,23,2,0
6647,2004-12-14 00:00,0,3,0
6648,2004-12-14 01:00,1,3,0
6649,2004-12-14 02:00,2,3,0
6650,2004-12-14 03:00,3,3,0
6651,2004-12-14 04:00,4,3,0
6652,2004-12-14 05:00,5,3,0
6653,2004-12-14 06:00,6,3,0
6654,2004-12-14 07:00,7,3,0
6655,2004-12-14 08:00,8,3,0
6656,2004-12-14 09:00,9,3,0
6657,2004-12-14 10:00,10,3,0
6658,2004-12-14 11:00,11,3,0
6659,2004-12-14 12:00,12,3,0
6660,2004-12-14 13:00,13,3,0
6661,2004-12-14 14:00,14,3,0
6662,2004-12-14 15:00,15,3,0
6663,2004-12-14 16:00,16,3,0
6664,2004-12-14 17:00,17,3,0
6665,2004-12-14 18:00,18,3,0
6666,2004-12-14 19:00,19,3,0
6667,2004-12-14 20:00,20,3,0
6668,2004-12-14 21:00,21,3,0
6669,2004-12-14 22:00,22,3,0
6670,2004-12-14 23:00,23,3,0
6671,2004-12-15 00:00,0,4,0
6672,2004-12-15 01:00,1,4,0
6673,2004-12-15 02:00,2,4,0
6674,2004-12-15 03:00,3,4,0
6675,2004-12-15 04:00,4,4,0
6676,2004-12-15 05:00,5,4,0
6677,2004-12-15 06:00,6,4,0
6678,2004-12-15 07:00,7,4,0
6679,2004-12-15 08:00,8,4,0
6680,2004-12-15 09:00,9,4,0
6681,2004-12-15 10:00,10,4,0
6682,2004-12-15 11:00,11,4,0
6683,2004-12-15 12:00,12,4,0
6684,2004-12-15 13:00,13,4,0
6685,2004-12-15 14:00,14,4,0
6686,2004-12-15 15:00,15,4,0
6687,2004-12-15 16:00,16,4,0
6688,2004-12-15 17:00,17,4,0
6689,2004-12-15 18:00,18,4,0
6690,2004-12-15 19:00,19,4,0
6691,2004-12-15 20:00,20,4,0
6692,2004-12-15 21:00,21,4,0
6693,2004-12-15 22:00,22,4,0
6694,2004-12-15 23:00,23,4,0
6695,2004-12-16 00:00,0,5,0
6696,2004-12-16 01:00,1,5,0
6697,2004-12-16 02:00,2,5,0
6698,2004-12-16 03:00,3,5,0
6699,2004-12-16 04:00,4,5,0
6700,2004-12-16 05:00,5,5,0
6701,2004-12-16 06:00,6,5,0
6702,2004-12-16 07:00,7,5,0
6703,2004-12-16 08:00,8,5,0
6704,2004-12-16 09:00,9,5,0
6705,2004-12-16 10:00,10,5,0
6706,2004-12-16 11:00,11,5,0
6707,2004-12-16 12:00,12,5,0
6708,2004-12-16 13:00,13,5,0
6709,2004-12-16 14:00,14,5,0
6710,2004-12-16 15:00,15,5,0
6711,2004-12-16 16:00,16,5,0
6712,2004-12-16 17:00,17,5,0
6713,2004-12-16 18:00,18,5,0
6714,2004-12-16 19:00,19,5,0
6715,2004-12-16 20:00,20,5,0
6716,2004-12-16 21:00,21,5,0
6717,2004-12-16 22:00,22,5,0
6718,2004-12-16 23:00,23,5,0
6719,2004-12-17 00:00,0,6,0
6720,2004-12-17 01:00,1,6,0
6721,2004-12-17 02:00,2,6,0
6722,2004-12-17 03:00,3,6,0
6723,2004-12-17 04:00,4,6,0
6724,2004-12-17 05:00,5,6,0
6725,2004-12-17 06:00,6,6,0
6726,2004-12-17 07:00,7,6,0
6727,2004-12-17 08:00,8,6,0
6728,2004-12-17 09:00,9,6,0
6729,2004-12-17 10:00,10,6,0
6730,2004-12-17 11:00,11,6,0
6731,2004-12-17 12:00,12,6,0
6732,2004-12-17 13:00,13,6,0
6733,2004-12-17 14:00,14,6,0
6734,2004-12-17 15:00,15,6,0
6735,2004-12-17 16:00,16,6,0
6736,2004-12-17 17:00,17,6,0
6737,2004-12-17 18:00,18,6,0
6738,2004-12-17 19:00,19,6,0
6739,2004-12-17 20:00,20,6,0
6740,2004-12-17 21:00,21,6,0
6741,2004-12-17 22:00,22,6,0
6742,2004-12-17 23:00,23,6,0
6743,2004-12-18 00:00,0,7,1
6744,2004-12-18 01:00,1,7,1
6745,2004-12-18 02:00,2,7,1
6746,2004-12-18 03:00,3,7,1
6747,2004-12-18 04:00,4,7,1
6748,2004-12-18 05:00,5,7,1
6749,2004-12-18 06:00,6,7,1
6750,2004-12-18 07:00,7,7,1
6751,2004-12-18 08:00,8,7,1
6752,2004-12-18 09:00,9,7,1
6753,2004-12-18 10:00,10,7,1
6754,2004-12-18 11:00,11,7,1
6755,2004-12-18 12:00,12,7,1
6756,2004-12-18 13:00,13,7,1
6757,2004-12-18 14:00,14,7,1
6758,2004-12-18 15:00,15,7,1
6759,2004-12-18 16:00,16,7,1
6760,2004-12-18 17:00,17,7,1
6761,2004-12-18 18:00,18,7,1
6762,2004-12-18 19:00,19,7,1
6763,2004-12-18 20:00,20,7,1
6764,2004-12-18 21:00,21,7,1
6765,2004-12-18 22:00,22,7,1
6766,2004-12-18 23:00,23,7,1
6767,2004-12-19 00:00,0,1,1
6768,2004-12-19 01:00,1,1,1
6769,2004-12-19 02:00,2,1,1
6770,2004-12-19 03:00,3,1,1
6771,2004-12-19 04:00,4,1,1
6772,2004-12-19 05:00,5,1,1
6773,2004-12-19 06:00,6,1,1
6774,2004-12-19 07:00,7,1,1
6775,2004-12-19 08:00,8,1,1
6776,2004-12-19 09:00,9,1,1
6777,2004-12-19 10:00,10,1,1
6778,2004-12-19 11:00,11,1,1
6779,2004-12-19 12:00,12,1,1
6780,2004-12-19 13:00,13,1,1
6781,2004-12-19 14:00,14,1,1
6782,2004-12-19 15:00,15,1,1
6783,2004-12-19 16:00,16,1,1
6784,2004-12-19 17:00,17,1,1
6785,2004-12-19 18:00,18,1,1
6786,2004-12-19 19:00,19,1,1
6787,2004-12-19 20:00,20,1,1
6788,2004-12-19 21:00,21,1,1
6789,2004-12-19 22:00,22,1,1
6790,2004-12-19 23:00,23,1,1
6791,2004-12-20 00:00,0,2,0
6792,2004-12-20 01:00,1,2,0
6793,2004-12-20 02:00,2,2,0
6794,2004-12-20 03:00,3,2,0
6795,2004-12-20 04:00,4,2,0
6796,2004-12-20 05:00,5,2,0
6797,2004-12-20 06:00,6,2,0
6798,2004-12-20 07:00,7,2,0
6799,2004-12-20 08:00,8,2,0
6800,2004-12-20 09:00,9,2,0
6801,2004-12-20 10:00,10,2,0
6802,2004-12-20 11:00,11,2,0
6803,2004-12-20 12:00,12,2,0
6804,2004-12-20 13:00,13,2,0
6805,2004-12-20 14:00,14,2,0
6806,2004-12-20 15:00,15,2,0
6807,2004-12-20 16:00,16,2,0
6808,2004-12-20 17:00,17,2,0
6809,2004-12-20 18:00,18,2,0
6810,2004-12-20 19:00,19,2,0
6811,2004-12-20 20:00,20,2,0
6812,2004-12-20 21:00,21,2,0
6813,2004-12-20 22:00,22,2,0
6814,2004-12-20 23:00,23,2,0
6815,2004-12-21 00:00,0,3,0
6816,2004-12-21 01:00,1,3,0
6817,2004-12-21 02:00,2,3,0
6818,2004-12-21 03:00,3,3,0
6819,2004-12-21 04:00,4,3,0
6820,2004-12-21 05:00,5,3,0
6821,2004-12-21 06:00,6,3,0
6822,2004-12-21 07:00,7,3,0
6823,2004-12-21 08:00,8,3,0
6824,2004-12-21 09:00,9,3,0
6825,2004-12-21 10:00,10,3,0
6826,2004-12-21 11:00,11,3,0
6827,2004-12-21 12:00,12,3,0
6828,2004-12-21 13:00,13,3,0
6829,2004-12-21 14:00,14,3,0
6830,2004-12-21 15:00,15,3,0
6831,2004-12-21 16:00,16,3,0
6832,2004-12-21 17:00,17,3,0
6833,2004-12-21 18:00,18,3,0
6834,2004-12-21 19:00,19,3,0
6835,2004-12-21 20:00,20,3,0
6836,2004-12-21 21:00,21,3,0
6837,2004-12-21 22:00,22,3,0
6838,2004-12-21 23:00,23,3,0
6839,2004-12-22 00:00,0,4,0
6840,2004-12-22 01:00,1,4,0
6841,2004-12-22 02:00,2,4,0
6842,2004-12-22 03:00,3,4,0
6843,2004-12-22 04:00,4,4,0
6844,2004-12-22 05:00,5,4,0
6845,2004-12-22 06:00,6,4,0
6846,2004-12-22 07:00,7,4,0
6847,2004-12-22 08:00,8,4,0
6848,2004-12-22 09:00,9,4,0
6849,2004-12-22 10:00,10,4,0
6850,2004-12-22 11:00,11,4,0
6851,2004-12-22 12:00,12,4,0
6852,2004-12-22 13:00,13,4,0
6853,2004-12-22 14:00,14,4,0
6854,2004-12-22 15:00,15,4,0
6855,2004-12-22 16:00,16,4,0
6856,2004-12-22 17:00,17,4,0
6857,2004-12-22 18:00,18,4,0
6858,2004-12-22 19:00,19,4,0
6859,2004-12-22 20:00,20,4,0
6860,2004-12-22 21:00,21,4,0
6861,2004-12-22 22:00,22,4,0
6862,2004-12-22 23:00,23,4,0
6863,2004-12-23 00:00,0,5,0
6864,2004-12-23 01:00,1,5,0
6865,2004-12-23 02:00,2,5,0
6866,2004-12-23 03:00,3,5,0
6867,2004-12-23 04:00,4,5,0
6868,2004-12-23 05:00,5,5,0
6869,2004-12-23 06:00,6,5,0
6870,2004-12-23 07:00,7,5,0
6871,2004-12-23 08:00,8,5,0
6872,2004-12-23 09:00,9,5,0
6873,2004-12-23 10:00,10,5,0
6874,2004-12-23 11:00,11,5,0
6875,2004-12-23 12:00,12,5,0
6876,2004-12-23 13:00,13,5,0
6877,2004-12-23 14:00,14,5,0
6878,2004-12-23 15:00,15,5,0
6879,2004-12-23 16:00,16,5,0
6880,2004-12-23 17:00,17,5,0
6881,2004-12-23 18:00,18,5,0
6882,2004-12-23 19:00,19,5,0
6883,2004-12-23 20:00,20,5,0
6884,2004-12-23 21:00,21,5,0
6885,2004-12-23 22:00,22,5,0
6886,2004-12-23 23:00,23,5,0
6887,2004-12-24 00:00,0,6,0
6888,2004-12-24 01:00,1,6,0
6889,2004-12-24 02:00,2,6,0
6890,2004-12-24 03:00,3,6,0
6891,2004-12-24 04:00,4,6,0
6892,2004-12-24 05:00,5,6,0
6893,2004-12-24 06:00,6,6,0
6894,2004-12-24 07:00,7,6,0
6895,2004-12-24 08:00,8,6,0
6896,2004-12-24 09:00,9,6,0
6897,2004-12-24 10:00,10,6,0
6898,2004-12-24 11:00,11,6,0
6899,2004-12-24 12:00,12,6,0
6900,2004-12-24 13:00,13,6,0
6901,2004-12-24 14:00,14,6,0
6902,2004-12-24 15:00,15,6,0
6903,2004-12-24 16:00,16,6,0
6904,2004-12-24 17:00,17,6,0
6905,2004-12-24 18:00,18,6,0
6906,2004-12-24 19:00,19,6,0
6907,2004-12-24 20:00,20,6,0
6908,2004-12-24 21:00,21,6,0
6909,2004-12-24 22:00,22,6,0
6910,2004-12-24 23:00,23,6,0
6911,2004-12-25 00:00,0,7,1
6912,2004-12-25 01:00,1,7,1
6913,2004-12-25 02:00,2,7,1
6914,2004-12-25 03:00,3,7,1
6915,2004-12-25 04:00,4,7,1
6916,2004-12-25 05:00,5,7,1
6917,2004-12-25 06:00,6,7,1
6918,2004-12-25 07:00,7,7,1
6919,2004-12-25 08:00,8,7,1
6920,2004-12-25 09:00,9,7,1
6921,2004-12-25 10:00,10,7,1
6922,2004-12-25 11:00,11,7,1
6923,2004-12-25 12:00,12,7,1
6924,2004-12-25 13:00,13,7,1
6925,2004-12-25 14:00,14,7,1
6926,2004-12-25 15:00,15,7,1
6927,2004-12-25 16:00,16,7,1
6928,2004-12-25 17:00,17,7,1
6929,2004-12-25 18:00,18,7,1
6930,2004-12-25 19:00,19,7,1
6931,2004-12-25 20:00,20,7,1
6932,2004-12-25 21:00,21,7,1
6933,2004-12-25 22:00,22,7,1
6934,2004-12-25 23:00,23,7,1
6935,2004-12-26 00:00,0,1,1
6936,2004-12-26 01:00,1,1,1
6937,2004-12-26 02:00,2,1,1
6938,2004-12-26 03:00,3,1,1
6939,2004-12-26 04:00,4,1,1
6940,2004-12-26 05:00,5,1,1
6941,2004-12-26 06:00,6,1,1
6942,2004-12-26 07:00,7,1,1
6943,2004-12-26 08:00,8,1,1
6944,2004-12-26 09:00,9,1,1
6945,2004-12-26 10:00,10,1,1
6946,2004-12-26 11:00,11,1,1
6947,2004-12-26 12:00,12,1,1
6948,2004-12-26 13:00,13,1,1
6949,2004-12-26 14:00,14,1,1
6950,2004-12-26 15:00,15,1,1
6951,2004-12-26 16:00,16,1,1
6952,2004-12-26 17:00,17,1,1
6953,2004-12-26 18:00,18,1,1
6954,2004-12-26 19:00,19,1,1
6955,2004-12-26 20:00,20,1,1
6956,2004-12-26 21:00,21,1,1
6957,2004-12-26 22:00,22,1,1
6958,2004-12-26 23:00,23,1,1
6959,2004-12-27 00:00,0,2,0
6960,2004-12-27 01:00,1,2,0
6961,2004-12-27 02:00,2,2,0
6962,2004-12-27 03:00,3,2,0
6963,2004-12-27 04:00,4,2,0
6964,2004-12-27 05:00,5,2,0
6965,2004-12-27 06:00,6,2,0
6966,2004-12-27 07:00,7,2,0
6967,2004-12-27 08:00,8,2,0
6968,2004-12-27 09:00,9,2,0
6969,2004-12-27 10:00,10,2,0
6970,2004-12-27 11:00,11,2,0
6971,2004-12-27 12:00,12,2,0
6972,2004-12-27 13:00,13,2,0
6973,2004-12-27 14:00,14,2,0
6974,2004-12-27 15:00,15,2,0
6975,2004-12-27 16:00,16,2,0
6976,2004-12-27 17:00,17,2,0
6977,2004-12-27 18:00,18,2,0
6978,2004-12-27 19:00,19,2,0
6979,2004-12-27 20:00,20,2,0
6980,2004-12-27 21:00,21,2,0
6981,2004-12-27 22:00,22,2,0
6982,2004-12-27 23:00,23,2,0
6983,2004-12-28 00:00,0,3,0
6984,2004-12-28 01:00,1,3,0
6985,2004-12-28 02:00,2,3,0
6986,2004-12-28 03:00,3,3,0
6987,2004-12-28 04:00,4,3,0
6988,2004-12-28 05:00,5,3,0
6989,2004-12-28 06:00,6,3,0
6990,2004-12-28 07:00,7,3,0
6991,2004-12-28 08:00,8,3,0
6992,2004-12-28 09:00,9,3,0
6993,2004-12-28 10:00,10,3,0
6994,2004-12-28 11:00,11,3,0
6995,2004-12-28 12:00,12,3,0
6996,2004-12-28 13:00,13,3,0
6997,2004-12-28 14:00,14,3,0
6998,2004-12-28 15:00,15,3,0
6999,2004-12-28 16:00,16,3,0
7000,2004-12-28 17:00,17,3,0
7001,2004-12-28 18:00,18,3,0
7002,2004-12-28 19:00,19,3,0
7003,2004-12-28 20:00,20,3,0
7004,2004-12-28 21:00,21,3,0
7005,2004-12-28 22:00,22,3,0
7006,2004-12-28 23:00,23,3,0
7007,2004-12-29 00:00,0,4,0
7008,2004-12-29 01:00,1,4,0
7009,2004-12-29 02:00,2,4,0
7010,2004-12-29 03:00,3,4,0
7011,2004-12-29 04:00,4,4,0
7012,2004-12-29 05:00,5,4,0
7013,2004-12-29 06:00,6,4,0
7014,2004-12-29 07:00,7,4,0
7015,2004-12-29 08:00,8,4,0
7016,2004-12-29 09:00,9,4,0
7017,2004-12-29 10:00,10,4,0
7018,2004-12-29 11:00,11,4,0
7019,2004-12-29 12:00,12,4,0
7020,2004-12-29 13:00,13,4,0
7021,2004-12-29 14:00,14,4,0
7022,2004-12-29 15:00,15,4,0
7023,2004-12-29 16:00,16,4,0
7024,2004-12-29 17:00,17,4,0
7025,2004-12-29 18:00,18,4,0
7026,2004-12-29 19:00,19,4,0
7027,2004-12-29 20:00,20,4,0
7028,2004-12-29 21:00,21,4,0
7029,2004-12-29 22:00,22,4,0
7030,2004-12-29 23:00,23,4,0
7031,2004-12-30 00:00,0,5,0
7032,2004-12-30 01:00,1,5,0
7033,2004-12-30 02:00,2,5,0
7034,2004-12-30 03:00,3,5,0
7035,2004-12-30 04:00,4,5,0
7036,2004-12-30 05:00,5,5,0
7037,2004-12-30 06:00,6,5,0
7038,2004-12-30 07:00,7,5,0
7039,2004-12-30 08:00,8,5,0
7040,2004-12-30 09:00,9,5,0
7041,2004-12-30 10:00,10,5,0
7042,2004-12-30 11:00,11,5,0
7043,2004-12-30 12:00,12,5,0
7044,2004-12-30 13:00,13,5,0
7045,2004-12-30 14:00,14,5,0
7046,2004-12-30 15:00,15,5,0
7047,2004-12-30 16:00,16,5,0
7048,2004-12-30 17:00,17,5,0
7049,2004-12-30 18:00,18,5,0
7050,2004-12-30 19:00,19,5,0
7051,2004-12-30 20:00,20,5,0
7052,2004-12-30 21:00,21,5,0
7053,2004-12-30 22:00,22,5,0
7054,2004-12-30 23:00,23,5,0
7055,2004-12-31 00:00,0,6,0
7056,2004-12-31 01:00,1,6,0
7057,2004-12-31 02:00,2,6,0
7058,2004-12-31 03:00,3,6,0
7059,2004-12-31 04:00,4,6,0
7060,2004-12-31 05:00,5,6,0
7061,2004-12-31 06:00,6,6,0
7062,2004-12-31 07:00,7,6,0
7063,2004-12-31 08:00,8,6,0
7064,2004-12-31 09:00,9,6,0
7065,2004-12-31 10:00,10,6,0
7066,2004-12-31 11:00,11,6,0
7067,2004-12-31 12:00,12,6,0
7068,2004-12-31 13:00,13,6,0
7069,2004-12-31 14:00,14,6,0
7070,2004-12-31 15:00,15,6,0
7071,2004-12-31 16:00,16,6,0
7072,2004-12-31 17:00,17,6,0
7073,2004-12-31 18:00,18,6,0
7074,2004-12-31 19:00,19,6,0
7075,2004-12-31 20:00,20,6,0
7076,2004-12-31 21:00,21,6,0
7077,2004-12-31 22:00,22,6,0
7078,2004-12-31 23:00,23,6,0
7079,2005-01-01 00:00,0,7,1
7080,2005-01-01 01:00,1,7,1
7081,2005-01-01 02:00,2,7,1
7082,2005-01-01 03:00,3,7,1
7083,2005-01-01 04:00,4,7,1
7084,2005-01-01 05:00,5,7,1
7085,2005-01-01 06:00,6,7,1
7086,2005-01-01 07:00,7,7,1
7087,2005-01-01 08:00,8,7,1
7088,2005-01-01 09:00,9,7,1
7089,2005-01-01 10:00,10,7,1
7090,2005-01-01 11:00,11,7,1
7091,2005-01-01 12:00,12,7,1
7092,2005-01-01 13:00,13,7,1
7093,2005-01-01 14:00,14,7,1
7094,2005-01-01 15:00,15,7,1
7095,2005-01-01 16:00,16,7,1
7096,2005-01-01 17:00,17,7,1
7097,2005-01-01 18:00,18,7,1
7098,2005-01-01 19:00,19,7,1
7099,2005-01-01 20:00,20,7,1
7100,2005-01-01 21:00,21,7,1
7101,2005-01-01 22:00,22,7,1
7102,2005-01-01 23:00,23,7,1
7103,2005-01-02 00:00,0,1,1
7104,2005-01-02 01:00,1,1,1
7105,2005-01-02 02:00,2,1,1
7106,2005-01-02 03:00,3,1,1
7107,2005-01-02 04:00,4,1,1
7108,2005-01-02 05:00,5,1,1
7109,2005-01-02 06:00,6,1,1
7110,2005-01-02 07:00,7,1,1
7111,2005-01-02 08:00,8,1,1
7112,2005-01-02 09:00,9,1,1
7113,2005-01-02 10:00,10,1,1
7114,2005-01-02 11:00,11,1,1
7115,2005-01-02 12:00,12,1,1
7116,2005-01-02 13:00,13,1,1
7117,2005-01-02 14:00,14,1,1
7118,2005-01-02 15:00,15,1,1
7119,2005-01-02 16:00,16,1,1
7120,2005-01-02 17:00,17,1,1
7121,2005-01-02 18:00,18,1,1
7122,2005-01-02 19:00,19,1,1
7123,2005-01-02 20:00,20,1,1
7124,2005-01-02 21:00,21,1,1
7125,2005-01-02 22:00,22,1,1
7126,2005-01-02 23:00,23,1,1
7127,2005-01-03 00:00,0,2,0
7128,2005-01-03 01:00,1,2,0
7129,2005-01-03 02:00,2,2,0
7130,2005-01-03 03:00,3,2,0
7131,2005-01-03 04:00,4,2,0
7132,2005-01-03 05:00,5,2,0
7133,2005-01-03 06:00,6,2,0
7134,2005-01-03 07:00,7,2,0
7135,2005-01-03 08:00,8,2,0
7136,2005-01-03 09:00,9,2,0
7137,2005-01-03 10:00,10,2,0
7138,2005-01-03 11:00,11,2,0
7139,2005-01-03 12:00,12,2,0
7140,2005-01-03 13:00,13,2,0
7141,2005-01-03 14:00,14,2,0
7142,2005-01-03 15:00,15,2,0
7143,2005-01-03 16:00,16,2,0
7144,2005-01-03 17:00,17,2,0
7145,2005-01-03 18:00,18,2,0
7146,2005-01-03 19:00,19,2,0
7147,2005-01-03 20:00,20,2,0
7148,2005-01-03 21:00,21,2,0
7149,2005-01-03 22:00,22,2,0
7150,2005-01-03 23:00,23,2,0
7151,2005-01-04 00:00,0,3,0
7152,2005-01-04 01:00,1,3,0
7153,2005-01-04 02:00,2,3,0
7154,2005-01-04 03:00,3,3,0
7155,2005-01-04 04:00,4,3,0
7156,2005-01-04 05:00,5,3,0
7157,2005-01-04 06:00,6,3,0
7158,2005-01-04 07:00,7,3,0
7159,2005-01-04 08:00,8,3,0
7160,2005-01-04 09:00,9,3,0
7161,2005-01-04 10:00,10,3,0
7162,2005-01-04 11:00,11,3,0
7163,2005-01-04 12:00,12,3,0
7164,2005-01-04 13:00,13,3,0
7165,2005-01-04 14:00,14,3,0
7166,2005-01-04 15:00,15,3,0
7167,2005-01-04 16:00,16,3,0
7168,2005-01-04 17:00,17,3,0
7169,2005-01-04 18:00,18,3,0
7170,2005-01-04 19:00,19,3,0
7171,2005-01-04 20:00,20,3,0
7172,2005-01-04 21:00,21,3,0
7173,2005-01-04 22:00,22,3,0
7174,2005-01-04 23:00,23,3,0
7175,2005-01-05 00:00,0,4,0
7176,2005-01-05 01:00,1,4,0
7177,2005-01-05 02:00,2,4,0
7178,2005-01-05 03:00,3,4,0
7179,2005-01-05 04:00,4,4,0
7180,2005-01-05 05:00,5,4,0
7181,2005-01-05 06:00,6,4,0
7182,2005-01-05 07:00,7,4,0
7183,2005-01-05 08:00,8,4,0
7184,2005-01-05 09:00,9,4,0
7185,2005-01-05 10:00,10,4,0
7186,2005-01-05 11:00,11,4,0
7187,2005-01-05 12:00,12,4,0
7188,2005-01-05 13:00,13,4,0
7189,2005-01-05 14:00,14,4,0
7190,2005-01-05 15:00,15,4,0
7191,2005-01-05 16:00,16,4,0
7192,2005-01-05 17:00,17,4,0
7193,2005-01-05 18:00,18,4,0
7194,2005-01-05 19:00,19,4,0
7195,2005-01-05 20:00,20,4,0
7196,2005-01-05 21:00,21,4,0
7197,2005-01-05 22:00,22,4,0
7198,2005-01-05 23:00,23,4,0
7199,2005-01-06 00:00,0,5,0
7200,2005-01-06 01:00,1,5,0
7201,2005-01-06 02:00,2,5,0
7202,2005-01-06 03:00,3,5,0
7203,2005-01-06 04:00,4,5,0
7204,2005-01-06 05:00,5,5,0
7205,2005-01-06 06:00,6,5,0
7206,2005-01-06 07:00,7,5,0
7207,2005-01-06 08:00,8,5,0
7208,2005-01-06 09:00,9,5,0
7209,2005-01-06 10:00,10,5,0
7210,2005-01-06 11:00,11,5,0
7211,2005-01-06 12:00,12,5,0
7212,2005-01-06 13:00,13,5,0
7213,2005-01-06 14:00,14,5,0
7214,2005-01-06 15:00,15,5,0
7215,2005-01-06 16:00,16,5,0
7216,2005-01-06 17:00,17,5,0
7217,2005-01-06 18:00,18,5,0
7218,2005-01-06 19:00,19,5,0
7219,2005-01-06 20:00,20,5,0
7220,2005-01-06 21:00,21,5,0
7221,2005-01-06 22:00,22,5,0
7222,2005-01-06 23:00,23,5,0
7223,2005-01-07 00:00,0,6,0
7224,2005-01-07 01:00,1,6,0
7225,2005-01-07 02:00,2,6,0
7226,2005-01-07 03:00,3,6,0
7227,2005-01-07 04:00,4,6,0
7228,2005-01-07 05:00,5,6,0
7229,2005-01-07 06:00,6,6,0
7230,2005-01-07 07:00,7,6,0
7231,2005-01-07 08:00,8,6,0
7232,2005-01-07 09:00,9,6,0
7233,2005-01-07 10:00,10,6,0
7234,2005-01-07 11:00,11,6,0
7235,2005-01-07 12:00,12,6,0
7236,2005-01-07 13:00,13,6,0
7237,2005-01-07 14:00,14,6,0
7238,2005-01-07 15:00,15,6,0
7239,2005-01-07 16:00,16,6,0
7240,2005-01-07 17:00,17,6,0
7241,2005-01-07 18:00,18,6,0
7242,2005-01-07 19:00,19,6,0
7243,2005-01-07 20:00,20,6,0
7244,2005-01-07 21:00,21,6,0
7245,2005-01-07 22:00,22,6,0
7246,2005-01-07 23:00,23,6,0
7247,2005-01-08 00:00,0,7,1
7248,2005-01-08 01:00,1,7,1
7249,2005-01-08 02:00,2,7,1
7250,2005-01-08 03:00,3,7,1
7251,2005-01-08 04:00,4,7,1
7252,2005-01-08 05:00,5,7,1
7253,2005-01-08 06:00,6,7,1
7254,2005-01-08 07:00,7,7,1
7255,2005-01-08 08:00,8,7,1
7256,2005-01-08 09:00,9,7,1
7257,2005-01-08 10:00,10,7,1
7258,2005-01-08 11:00,11,7,1
7259,2005-01-08 12:00,12,7,1
7260,2005-01-08 13:00,13,7,1
7261,2005-01-08 14:00,14,7,1
7262,2005-01-08 15:00,15,7,1
7263,2005-01-08 16:00,16,7,1
7264,2005-01-08 17:00,17,7,1
7265,2005-01-08 18:00,18,7,1
7266,2005-01-08 19:00,19,7,1
7267,2005-01-08 20:00,20,7,1
7268,2005-01-08 21:00,21,7,1
7269,2005-01-08 22:00,22,7,1
7270,2005-01-08 23:00,23,7,1
7271,2005-01-09 00:00,0,1,1
7272,2005-01-09 01:00,1,1,1
7273,2005-01-09 02:00,2,1,1
7274,2005-01-09 03:00,3,1,1
7275,2005-01-09 04:00,4,1,1
7276,2005-01-09 05:00,5,1,1
7277,2005-01-09 06:00,6,1,1
7278,2005-01-09 07:00,7,1,1
7279,2005-01-09 08:00,8,1,1
7280,2005-01-09 09:00,9,1,1
7281,2005-01-09 10:00,10,1,1
7282,2005-01-09 11:00,11,1,1
7283,2005-01-09 12:00,12,1,1
7284,2005-01-09 13:00,13,1,1
7285,2005-01-09 14:00,14,1,1
7286,2005-01-09 15:00,15,1,1
7287,2005-01-09 16:00,16,1,1
7288,2005-01-09 17:00,17,1,1
7289,2005-01-09 18:00,18,1,1
7290,2005-01-09 19:00,19,1,1
7291,2005-01-09 20:00,20,1,1
7292,2005-01-09 21:00,21,1,1
7293,2005-01-09 22:00,22,1,1
7294,2005-01-09 23:00,23,1,1
7295,2005-01-10 00:00,0,2,0
7296,2005-01-10 01:00,1,2,0
7297,2005-01-10 02:00,2,2,0
7298,2005-01-10 03:00,3,2,0
7299,2005-01-10 04:00,4,2,0
7300,2005-01-10 05:00,5,2,0
7301,2005-01-10 06:00,6,2,0
7302,2005-01-10 07:00,7,2,0
7303,2005-01-10 08:00,8,2,0
7304,2005-01-10 09:00,9,2,0
7305,2005-01-10 10:00,10,2,0
7306,2005-01-10 11:00,11,2,0
7307,2005-01-10 12:00,12,2,0
7308,2005-01-10 13:00,13,2,0
7309,2005-01-10 14:00,14,2,0
7310,2005-01-10 15:00,15,2,0
7311,2005-01-10 16:00,16,2,0
7312,2005-01-10 17:00,17,2,0
7313,2005-01-10 18:00,18,2,0
7314,2005-01-10 19:00,19,2,0
7315,2005-01-10 20:00,20,2,0
7316,2005-01-10 21:00,21,2,0
7317,2005-01-10 22:00,22,2,0
7318,2005-01-10 23:00,23,2,0
7319,2005-01-11 00:00,0,3,0
7320,2005-01-11 01:00,1,3,0
7321,2005-01-11 02:00,2,3,0
7322,2005-01-11 03:00,3,3,0
7323,2005-01-11 04:00,4,3,0
7324,2005-01-11 05:00,5,3,0
7325,2005-01-11 06:00,6,3,0
7326,2005-01-11 07:00,7,3,0
7327,2005-01-11 08:00,8,3,0
7328,2005-01-11 09:00,9,3,0
7329,2005-01-11 10:00,10,3,0
7330,2005-01-11 11:00,11,3,0
7331,2005-01-11 12:00,12,3,0
7332,2005-01-11 13:00,13,3,0
7333,2005-01-11 14:00,14,3,0
7334,2005-01-11 15:00,15,3,0
7335,2005-01-11 16:00,16,3,0
7336,2005-01-11 17:00,17,3,0
7337,2005-01-11 18:00,18,3,0
7338,2005-01-11 19:00,19,3,0
7339,2005-01-11 20:00,20,3,0
7340,2005-01-11 21:00,21,3,0
7341,2005-01-11 22:00,22,3,0
7342,2005-01-11 23:00,23,3,0
7343,2005-01-12 00:00,0,4,0
7344,2005-01-12 01:00,1,4,0
7345,2005-01-12 02:00,2,4,0
7346,2005-01-12 03:00,3,4,0
7347,2005-01-12 04:00,4,4,0
7348,2005-01-12 05:00,5,4,0
7349,2005-01-12 06:00,6,4,0
7350,2005-01-12 07:00,7,4,0
7351,2005-01-12 08:00,8,4,0
7352,2005-01-12 09:00,9,4,0
7353,2005-01-12 10:00,10,4,0
7354,2005-01-12 11:00,11,4,0
7355,2005-01-12 12:00,12,4,0
7356,2005-01-12 13:00,13,4,0
7357,2005-01-12 14:00,14,4,0
7358,2005-01-12 15:00,15,4,0
7359,2005-01-12 16:00,16,4,0
7360,2005-01-12 17:00,17,4,0
7361,2005-01-12 18:00,18,4,0
7362,2005-01-12 19:00,19,4,0
7363,2005-01-12 20:00,20,4,0
7364,2005-01-12 21:00,21,4,0
7365,2005-01-12 22:00,22,4,0
7366,2005-01-12 23:00,23,4,0
7367,2005-01-13 00:00,0,5,0
7368,2005-01-13 01:00,1,5,0
7369,2005-01-13 02:00,2,5,0
7370,2005-01-13 03:00,3,5,0
7371,2005-01-13 04:00,4,5,0
7372,2005-01-13 05:00,5,5,0
7373,2005-01-13 06:00,6,5,0
7374,2005-01-13 07:00,7,5,0
7375,2005-01-13 08:00,8,5,0
7376,2005-01-13 09:00,9,5,0
7377,2005-01-13 10:00,10,5,0
7378,2005-01-13 11:00,11,5,0
7379,2005-01-13 12:00,12,5,0
7380,2005-01-13 13:00,13,5,0
7381,2005-01-13 14:00,14,5,0
7382,2005-01-13 15:00,15,5,0
7383,2005-01-13 16:00,16,5,0
7384,2005-01-13 17:00,17,5,0
7385,2005-01-13 18:00,18,5,0
7386,2005-01-13 19:00,19,5,0
7387,2005-01-13 20:00,20,5,0
7388,2005-01-13 21:00,21,5,0
7389,2005-01-13 22:00,22,5,0
7390,2005-01-13 23:00,23,5,0
7391,2005-01-14 00:00,0,6,0
7392,2005-01-14 01:00,1,6,0
7393,2005-01-14 02:00,2,6,0
7394,2005-01-14 03:00,3,6,0
7395,2005-01-14 04:00,4,6,0
7396,2005-01-14 05:00,5,6,0
7397,2005-01-14 06:00,6,6,0
7398,2005-01-14 07:00,7,6,0
7399,2005-01-14 08:00,8,6,0
7400,2005-01-14 09:00,9,6,0
7401,2005-01-14 10:00,10,6,0
7402,2005-01-14 11:00,11,6,0
7403,2005-01-14 12:00,12,6,0
7404,2005-01-14 13:00,13,6,0
7405,2005-01-14 14:00,14,6,0
7406,2005-01-14 15:00,15,6,0
7407,2005-01-14 16:00,16,6,0
7408,2005-01-14 17:00,17,6,0
7409,2005-01-14 18:00,18,6,0
7410,2005-01-14 19:00,19,6,0
7411,2005-01-14 20:00,20,6,0
7412,2005-01-14 21:00,21,6,0
7413,2005-01-14 22:00,22,6,0
7414,2005-01-14 23:00,23,6,0
7415,2005-01-15 00:00,0,7,1
7416,2005-01-15 01:00,1,7,1
7417,2005-01-15 02:00,2,7,1
7418,2005-01-15 03:00,3,7,1
7419,2005-01-15 04:00,4,7,1
7420,2005-01-15 05:00,5,7,1
7421,2005-01-15 06:00,6,7,1
7422,2005-01-15 07:00,7,7,1
7423,2005-01-15 08:00,8,7,1
7424,2005-01-15 09:00,9,7,1
7425,2005-01-15 10:00,10,7,1
7426,2005-01-15 11:00,11,7,1
7427,2005-01-15 12:00,12,7,1
7428,2005-01-15 13:00,13,7,1
7429,2005-01-15 14:00,14,7,1
7430,2005-01-15 15:00,15,7,1
7431,2005-01-15 16:00,16,7,1
7432,2005-01-15 17:00,17,7,1
7433,2005-01-15 18:00,18,7,1
7434,2005-01-15 19:00,19,7,1
7435,2005-01-15 20:00,20,7,1
7436,2005-01-15 21:00,21,7,1
7437,2005-01-15 22:00,22,7,1
7438,2005-01-15 23:00,23,7,1
7439,2005-01-16 00:00,0,1,1
7440,2005-01-16 01:00,1,1,1
7441,2005-01-16 02:00,2,1,1
7442,2005-01-16 03:00,3,1,1
7443,2005-01-16 04:00,4,1,1
7444,2005-01-16 05:00,5,1,1
7445,2005-01-16 06:00,6,1,1
7446,2005-01-16 07:00,7,1,1
7447,2005-01-16 08:00,8,1,1
7448,2005-01-16 09:00,9,1,1
7449,2005-01-16 10:00,10,1,1
7450,2005-01-16 11:00,11,1,1
7451,2005-01-16 12:00,12,1,1
7452,2005-01-16 13:00,13,1,1
7453,2005-01-16 14:00,14,1,1
7454,2005-01-16 15:00,15,1,1
7455,2005-01-16 16:00,16,1,1
7456,2005-01-16 17:00,17,1,1
7457,2005-01-16 18:00,18,1,1
7458,2005-01-16 19:00,19,1,1
7459,2005-01-16 20:00,20,1,1
7460,2005-01-16 21:00,21,1,1
7461,2005-01-16 22:00,22,1,1
7462,2005-01-16 23:00,23,1,1
7463,2005-01-17 00:00,0,2,0
7464,2005-01-17 01:00,1,2,0
7465,2005-01-17 02:00,2,2,0
7466,2005-01-17 03:00,3,2,0
7467,2005-01-17 04:00,4,2,0
7468,2005-01-17 05:00,5,2,0
7469,2005-01-17 06:00,6,2,0
7470,2005-01-17 07:00,7,2,0
7471,2005-01-17 08:00,8,2,0
7472,2005-01-17 09:00,9,2,0
7473,2005-01-17 10:00,10,2,0
7474,2005-01-17 11:00,11,2,0
7475,2005-01-17 12:00,12,2,0
7476,2005-01-17 13:00,13,2,0
7477,2005-01-17 14:00,14,2,0
7478,2005-01-17 15:00,15,2,0
7479,2005-01-17 16:00,16,2,0
7480,2005-01-17 17:00,17,2,0
7481,2005-01-17 18:00,18,2,0
7482,2005-01-17 19:00,19,2,0
7483,2005-01-17 20:00,20,2,0
7484,2005-01-17 21:00,21,2,0
7485,2005-01-17 22:00,22,2,0
7486,2005-01-17 23:00,23,2,0
7487,2005-01-18 00:00,0,3,0
7488,2005-01-18 01:00,1,3,0
7489,2005-01-18 02:00,2,3,0
7490,2005-01-18 03:00,3,3,0
7491,2005-01-18 04:00,4,3,0
7492,2005-01-18 05:00,5,3,0
7493,2005-01-18 06:00,6,3,0
7494,2005-01-18 07:00,7,3,0
7495,2005-01-18 08:00,8,3,0
7496,2005-01-18 09:00,9,3,0
7497,2005-01-18 10:00,10,3,0
7498,2005-01-18 11:00,11,3,0
7499,2005-01-18 12:00,12,3,0
7500,2005-01-18 13:00,13,3,0
7501,2005-01-18 14:00,14,3,0
7502,2005-01-18 15:00,15,3,0
7503,2005-01-18 16:00,16,3,0
7504,2005-01-18 17:00,17,3,0
7505,2005-01-18 18:00,18,3,0
7506,2005-01-18 19:00,19,3,0
7507,2005-01-18 20:00,20,3,0
7508,2005-01-18 21:00,21,3,0
7509,2005-01-18 22:00,22,3,0
7510,2005-01-18 23:00,23,3,0
7511,2005-01-19 00:00,0,4,0
7512,2005-01-19 01:00,1,4,0
7513,2005-01-19 02:00,2,4,0
7514,2005-01-19 03:00,3,4,0
7515,2005-01-19 04:00,4,4,0
7516,2005-01-19 05:00,5,4,0
7517,2005-01-19 06:00,6,4,0
7518,2005-01-19 07:00,7,4,0
7519,2005-01-19 08:00,8,4,0
7520,2005-01-19 09:00,9,4,0
7521,2005-01-19 10:00,10,4,0
7522,2005-01-19 11:00,11,4,0
7523,2005-01-19 12:00,12,4,0
7524,2005-01-19 13:00,13,4,0
7525,2005-01-19 14:00,14,4,0
7526,2005-01-19 15:00,15,4,0
7527,2005-01-19 16:00,16,4,0
7528,2005-01-19 17:00,17,4,0
7529,2005-01-19 18:00,18,4,0
7530,2005-01-19 19:00,19,4,0
7531,2005-01-19 20:00,20,4,0
7532,2005-01-19 21:00,21,4,0
7533,2005-01-19 22:00,22,4,0
7534,2005-01-19 23:00,23,4,0
7535,2005-01-20 00:00,0,5,0
7536,2005-01-20 01:00,1,5,0
7537,2005-01-20 02:00,2,5,0
7538,2005-01-20 03:00,3,5,0
7539,2005-01-20 04:00,4,5,0
7540,2005-01-20 05:00,5,5,0
7541,2005-01-20 06:00,6,5,0
7542,2005-01-20 07:00,7,5,0
7543,2005-01-20 08:00,8,5,0
7544,2005-01-20 09:00,9,5,0
7545,2005-01-20 10:00,10,5,0
7546,2005-01-20 11:00,11,5,0
7547,2005-01-20 12:00,12,5,0
7548,2005-01-20 13:00,13,5,0
7549,2005-01-20 14:00,14,5,0
7550,2005-01-20 15:00,15,5,0
7551,2005-01-20 16:00,16,5,0
7552,2005-01-20 17:00,17,5,0
7553,2005-01-20 18:00,18,5,0
7554,2005-01-20 19:00,19,5,0
7555,2005-01-20 20:00,20,5,0
7556,2005-01-20 21:00,21,5,0
7557,2005-01-20 22:00,22,5,0
7558,2005-01-20 23:00,23,5,0
7559,2005-01-21 00:00,0,6,0
7560,2005-01-21 01:00,1,6,0
7561,2005-01-21 02:00,2,6,0
7562,2005-01-21 03:00,3,6,0
7563,2005-01-21 04:00,4,6,0
7564,2005-01-21 05:00,5,6,0
7565,2005-01-21 06:00,6,6,0
7566,2005-01-21 07:00,7,6,0
7567,2005-01-21 08:00,8,6,0
7568,2005-01-21 09:00,9,6,0
7569,2005-01-21 10:00,10,6,0
7570,2005-01-21 11:00,11,6,0
7571,2005-01-21 12:00,12,6,0
7572,2005-01-21 13:00,13,6,0
7573,2005-01-21 14:00,14,6,0
7574,2005-01-21 15:00,15,6,0
7575,2005-01-21 16:00,16,6,0
7576,2005-01-21 17:00,17,6,0
7577,2005-01-21 18:00,18,6,0
7578,2005-01-21 19:00,19,6,0
7579,2005-01-21 20:00,20,6,0
7580,2005-01-21 21:00,21,6,0
7581,2005-01-21 22:00,22,6,0
7582,2005-01-21 23:00,23,6,0
7583,2005-01-22 00:00,0,7,1
7584,2005-01-22 01:00,1,7,1
7585,2005-01-22 02:00,2,7,1
7586,2005-01-22 03:00,3,7,1
7587,2005-01-22 04:00,4,7,1
7588,2005-01-22 05:00,5,7,1
7589,2005-01-22 06:00,6,7,1
7590,2005-01-22 07:00,7,7,1
7591,2005-01-22 08:00,8,7,1
7592,2005-01-22 09:00,9,7,1
7593,2005-01-22 10:00,10,7,1
7594,2005-01-22 11:00,11,7,1
7595,2005-01-22 12:00,12,7,1
7596,2005-01-22 13:00,13,7,1
7597,2005-01-22 14:00,14,7,1
7598,2005-01-22 15:00,15,7,1
7599,2005-01-22 16:00,16,7,1
7600,2005-01-22 17:00,17,7,1
7601,2005-01-22 18:00,18,7,1
7602,2005-01-22 19:00,19,7,1
7603,2005-01-22 20:00,20,7,1
7604,2005-01-22 21:00,21,7,1
7605,2005-01-22 22:00,22,7,1
7606,2005-01-22 23:00,23,7,1
7607,2005-01-23 00:00,0,1,1
7608,2005-01-23 01:00,1,1,1
7609,2005-01-23 02:00,2,1,1
7610,2005-01-23 03:00,3,1,1
7611,2005-01-23 04:00,4,1,1
7612,2005-01-23 05:00,5,1,1
7613,2005-01-23 06:00,6,1,1
7614,2005-01-23 07:00,7,1,1
7615,2005-01-23 08:00,8,1,1
7616,2005-01-23 09:00,9,1,1
7617,2005-01-23 10:00,10,1,1
7618,2005-01-23 11:00,11,1,1
7619,2005-01-23 12:00,12,1,1
7620,2005-01-23 13:00,13,1,1
7621,2005-01-23 14:00,14,1,1
7622,2005-01-23 15:00,15,1,1
7623,2005-01-23 16:00,16,1,1
7624,2005-01-23 17:00,17,1,1
7625,2005-01-23 18:00,18,1,1
7626,2005-01-23 19:00,19,1,1
7627,2005-01-23 20:00,20,1,1
7628,2005-01-23 21:00,21,1,1
7629,2005-01-23 22:00,22,1,1
7630,2005-01-23 23:00,23,1,1
7631,2005-01-24 00:00,0,2,0
7632,2005-01-24 01:00,1,2,0
7633,2005-01-24 02:00,2,2,0
7634,2005-01-24 03:00,3,2,0
7635,2005-01-24 04:00,4,2,0
7636,2005-01-24 05:00,5,2,0
7637,2005-01-24 06:00,6,2,0
7638,2005-01-24 07:00,7,2,0
7639,2005-01-24 08:00,8,2,0
7640,2005-01-24 09:00,9,2,0
7641,2005-01-24 10:00,10,2,0
7642,2005-01-24 11:00,11,2,0
7643,2005-01-24 12:00,12,2,0
7644,2005-01-24 13:00,13,2,0
7645,2005-01-24 14:00,14,2,0
7646,2005-01-24 15:00,15,2,0
7647,2005-01-24 16:00,16,2,0
7648,2005-01-24 17:00,17,2,0
7649,2005-01-24 18:00,18,2,0
7650,2005-01-24 19:00,19,2,0
7651,2005-01-24 20:00,20,2,0
7652,2005-01-24 21:00,21,2,0
7653,2005-01-24 22:00,22,2,0
7654,2005-01-24 23:00,23,2,0
7655,2005-01-25 00:00,0,3,0
7656,2005-01-25 01:00,1,3,0
7657,2005-01-25 02:00,2,3,0
7658,2005-01-25 03:00,3,3,0
7659,2005-01-25 04:00,4,3,0
7660,2005-01-25 05:00,5,3,0
7661,2005-01-25 06:00,6,3,0
7662,2005-01-25 07:00,7,3,0
7663,2005-01-25 08:00,8,3,0
7664,2005-01-25 09:00,9,3,0
7665,2005-01-25 10:00,10,3,0
7666,2005-01-25 11:00,11,3,0
7667,2005-01-25 12:00,12,3,0
7668,2005-01-25 13:00,13,3,0
7669,2005-01-25 14:00,14,3,0
7670,2005-01-25 15:00,15,3,0
7671,2005-01-25 16:00,16,3,0
7672,2005-01-25 17:00,17,3,0
7673,2005-01-25 18:00,18,3,0
7674,2005-01-25 19:00,19,3,0
7675,2005-01-25 20:00,20,3,0
7676,2005-01-25 21:00,21,3,0
7677,2005-01-25 22:00,22,3,0
7678,2005-01-25 23:00,23,3,0
7679,2005-01-26 00:00,0,4,0
7680,2005-01-26 01:00,1,4,0
7681,2005-01-26 02:00,2,4,0
7682,2005-01-26 03:00,3,4,0
7683,2005-01-26 04:00,4,4,0
7684,2005-01-26 05:00,5,4,0
7685,2005-01-26 06:00,6,4,0
7686,2005-01-26 07:00,7,4,0
7687,2005-01-26 08:00,8,4,0
7688,2005-01-26 09:00,9,4,0
7689,2005-01-26 10:00,10,4,0
7690,2005-01-26 11:00,11,4,0
7691,2005-01-26 12:00,12,4,0
7692,2005-01-26 13:00,13,4,0
7693,2005-01-26 14:00,14,4,0
7694,2005-01-26 15:00,15,4,0
7695,2005-01-26 16:00,16,4,0
7696,2005-01-26 17:00,17,4,0
7697,2005-01-26 18:00,18,4,0
7698,2005-01-26 19:00,19,4,0
7699,2005-01-26 20:00,20,4,0
7700,2005-01-26 21:00,21,4,0
7701,2005-01-26 22:00,22,4,0
7702,2005-01-26 23:00,23,4,0
7703,2005-01-27 00:00,0,5,0
7704,2005-01-27 01:00,1,5,0
7705,2005-01-27 02:00,2,5,0
7706,2005-01-27 03:00,3,5,0
7707,2005-01-27 04:00,4,5,0
7708,2005-01-27 05:00,5,5,0
7709,2005-01-27 06:00,6,5,0
7710,2005-01-27 07:00,7,5,0
7711,2005-01-27 08:00,8,5,0
7712,2005-01-27 09:00,9,5,0
7713,2005-01-27 10:00,10,5,0
7714,2005-01-27 11:00,11,5,0
7715,2005-01-27 12:00,12,5,0
7716,2005-01-27 13:00,13,5,0
7717,2005-01-27 14:00,14,5,0
7718,2005-01-27 15:00,15,5,0
7719,2005-01-27 16:00,16,5,0
7720,2005-01-27 17:00,17,5,0
7721,2005-01-27 18:00,18,5,0
7722,2005-01-27 19:00,19,5,0
7723,2005-01-27 20:00,20,5,0
7724,2005-01-27 21:00,21,5,0
7725,2005-01-27 22:00,22,5,0
7726,2005-01-27 23:00,23,5,0
7727,2005-01-28 00:00,0,6,0
7728,2005-01-28 01:00,1,6,0
7729,2005-01-28 02:00,2,6,0
7730,2005-01-28 03:00,3,6,0
7731,2005-01-28 04:00,4,6,0
7732,2005-01-28 05:00,5,6,0
7733,2005-01-28 06:00,6,6,0
7734,2005-01-28 07:00,7,6,0
7735,2005-01-28 08:00,8,6,0
7736,2005-01-28 09:00,9,6,0
7737,2005-01-28 10:00,10,6,0
7738,2005-01-28 11:00,11,6,0
7739,2005-01-28 12:00,12,6,0
7740,2005-01-28 13:00,13,6,0
7741,2005-01-28 14:00,14,6,0
7742,2005-01-28 15:00,15,6,0
7743,2005-01-28 16:00,16,6,0
7744,2005-01-28 17:00,17,6,0
7745,2005-01-28 18:00,18,6,0
7746,2005-01-28 19:00,19,6,0
7747,2005-01-28 20:00,20,6,0
7748,2005-01-28 21:00,21,6,0
7749,2005-01-28 22:00,22,6,0
7750,2005-01-28 23:00,23,6,0
7751,2005-01-29 00:00,0,7,1
7752,2005-01-29 01:00,1,7,1
7753,2005-01-29 02:00,2,7,1
7754,2005-01-29 03:00,3,7,1
7755,2005-01-29 04:00,4,7,1
7756,2005-01-29 05:00,5,7,1
7757,2005-01-29 06:00,6,7,1
7758,2005-01-29 07:00,7,7,1
7759,2005-01-29 08:00,8,7,1
7760,2005-01-29 09:00,9,7,1
7761,2005-01-29 10:00,10,7,1
7762,2005-01-29 11:00,11,7,1
7763,2005-01-29 12:00,12,7,1
7764,2005-01-29 13:00,13,7,1
7765,2005-01-29 14:00,14,7,1
7766,2005-01-29 15:00,15,7,1
7767,2005-01-29 16:00,16,7,1
7768,2005-01-29 17:00,17,7,1
7769,2005-01-29 18:00,18,7,1
7770,2005-01-29 19:00,19,7,1
7771,2005-01-29 20:00,20,7,1
7772,2005-01-29 21:00,21,7,1
7773,2005-01-29 22:00,22,7,1
7774,2005-01-29 23:00,23,7,1
7775,2005-01-30 00:00,0,1,1
7776,2005-01-30 01:00,1,1,1
7777,2005-01-30 02:00,2,1,1
7778,2005-01-30 03:00,3,1,1
7779,2005-01-30 04:00,4,1,1
7780,2005-01-30 05:00,5,1,1
7781,2005-01-30 06:00,6,1,1
7782,2005-01-30 07:00,7,1,1
7783,2005-01-30 08:00,8,1,1
7784,2005-01-30 09:00,9,1,1
7785,2005-01-30 10:00,10,1,1
7786,2005-01-30 11:00,11,1,1
7787,2005-01-30 12:00,12,1,1
7788,2005-01-30 13:00,13,1,1
7789,2005-01-30 14:00,14,1,1
7790,2005-01-30 15:00,15,1,1
7791,2005-01-30 16:00,16,1,1
7792,2005-01-30 17:00,17,1,1
7793,2005-01-30 18:00,18,1,1
7794,2005-01-30 19:00,19,1,1
7795,2005-01-30 20:00,20,1,1
7796,2005-01-30 21:00,21,1,1
7797,2005-01-30 22:00,22,1,1
7798,2005-01-30 23:00,23,1,1
7799,2005-01-31 00:00,0,2,0
7800,2005-01-31 01:00,1,2,0
7801,2005-01-31 02:00,2,2,0
7802,2005-01-31 03:00,3,2,0
7803,2005-01-31 04:00,4,2,0
7804,2005-01-31 05:00,5,2,0
7805,2005-01-31 06:00,6,2,0
7806,2005-01-31 07:00,7,2,0
7807,2005-01-31 08:00,8,2,0
7808,2005-01-31 09:00,9,2,0
7809,2005-01-31 10:00,10,2,0
7810,2005-01-31 11:00,11,2,0
7811,2005-01-31 12:00,12,2,0
7812,2005-01-31 13:00,13,2,0
7813,2005-01-31 14:00,14,2,0
7814,2005-01-31 15:00,15,2,0
7815,2005-01-31 16:00,16,2,0
7816,2005-01-31 17:00,17,2,0
7817,2005-01-31 18:00,18,2,0
7818,2005-01-31 19:00,19,2,0
7819,2005-01-31 20:00,20,2,0
7820,2005-01-31 21:00,21,2,0
7821,2005-01-31 22:00,22,2,0
7822,2005-01-31 23:00,23,2,0
7823,2005-02-01 00:00,0,3,0
7824,2005-02-01 01:00,1,3,0
7825,2005-02-01 02:00,2,3,0
7826,2005-02-01 03:00,3,3,0
7827,2005-02-01 04:00,4,3,0
7828,2005-02-01 05:00,5,3,0
7829,2005-02-01 06:00,6,3,0
7830,2005-02-01 07:00,7,3,0
7831,2005-02-01 08:00,8,3,0
7832,2005-02-01 09:00,9,3,0
7833,2005-02-01 10:00,10,3,0
7834,2005-02-01 11:00,11,3,0
7835,2005-02-01 12:00,12,3,0
7836,2005-02-01 13:00,13,3,0
7837,2005-02-01 14:00,14,3,0
7838,2005-02-01 15:00,15,3,0
7839,2005-02-01 16:00,16,3,0
7840,2005-02-01 17:00,17,3,0
7841,2005-02-01 18:00,18,3,0
7842,2005-02-01 19:00,19,3,0
7843,2005-02-01 20:00,20,3,0
7844,2005-02-01 21:00,21,3,0
7845,2005-02-01 22:00,22,3,0
7846,2005-02-01 23:00,23,3,0
7847,2005-02-02 00:00,0,4,0
7848,2005-02-02 01:00,1,4,0
7849,2005-02-02 02:00,2,4,0
7850,2005-02-02 03:00,3,4,0
7851,2005-02-02 04:00,4,4,0
7852,2005-02-02 05:00,5,4,0
7853,2005-02-02 06:00,6,4,0
7854,2005-02-02 07:00,7,4,0
7855,2005-02-02 08:00,8,4,0
7856,2005-02-02 09:00,9,4,0
7857,2005-02-02 10:00,10,4,0
7858,2005-02-02 11:00,11,4,0
7859,2005-02-02 12:00,12,4,0
7860,2005-02-02 13:00,13,4,0
7861,2005-02-02 14:00,14,4,0
7862,2005-02-02 15:00,15,4,0
7863,2005-02-02 16:00,16,4,0
7864,2005-02-02 17:00,17,4,0
7865,2005-02-02 18:00,18,4,0
7866,2005-02-02 19:00,19,4,0
7867,2005-02-02 20:00,20,4,0
7868,2005-02-02 21:00,21,4,0
7869,2005-02-02 22:00,22,4,0
7870,2005-02-02 23:00,23,4,0
7871,2005-02-03 00:00,0,5,0
7872,2005-02-03 01:00,1,5,0
7873,2005-02-03 02:00,2,5,0
7874,2005-02-03 03:00,3,5,0
7875,2005-02-03 04:00,4,5,0
7876,2005-02-03 05:00,5,5,0
7877,2005-02-03 06:00,6,5,0
7878,2005-02-03 07:00,7,5,0
7879,2005-02-03 08:00,8,5,0
7880,2005-02-03 09:00,9,5,0
7881,2005-02-03 10:00,10,5,0
7882,2005-02-03 11:00,11,5,0
7883,2005-02-03 12:00,12,5,0
7884,2005-02-03 13:00,13,5,0
7885,2005-02-03 14:00,14,5,0
7886,2005-02-03 15:00,15,5,0
7887,2005-02-03 16:00,16,5,0
7888,2005-02-03 17:00,17,5,0
7889,2005-02-03 18:00,18,5,0
7890,2005-02-03 19:00,19,5,0
7891,2005-02-03 20:00,20,5,0
7892,2005-02-03 21:00,21,5,0
7893,2005-02-03 22:00,22,5,0
7894,2005-02-03 23:00,23,5,0
7895,2005-02-04 00:00,0,6,0
7896,2005-02-04 01:00,1,6,0
7897,2005-02-04 02:00,2,6,0
7898,2005-02-04 03:00,3,6,0
7899,2005-02-04 04:00,4,6,0
7900,2005-02-04 05:00,5,6,0
7901,2005-02-04 06:00,6,6,0
7902,2005-02-04 07:00,7,6,0
7903,2005-02-04 08:00,8,6,0
7904,2005-02-04 09:00,9,6,0
7905,2005-02-04 10:00,10,6,0
7906,2005-02-04 11:00,11,6,0
7907,2005-02-04 12:00,12,6,0
7908,2005-02-04 13:00,13,6,0
7909,2005-02-04 14:00,14,6,0
7910,2005-02-04 15:00,15,6,0
7911,2005-02-04 16:00,16,6,0
7912,2005-02-04 17:00,17,6,0
7913,2005-02-04 18:00,18,6,0
7914,2005-02-04 19:00,19,6,0
7915,2005-02-04 20:00,20,6,0
7916,2005-02-04 21:00,21,6,0
7917,2005-02-04 22:00,22,6,0
7918,2005-02-04 23:00,23,6,0
7919,2005-02-05 00:00,0,7,1
7920,2005-02-05 01:00,1,7,1
7921,2005-02-05 02:00,2,7,1
7922,2005-02-05 03:00,3,7,1
7923,2005-02-05 04:00,4,7,1
7924,2005-02-05 05:00,5,7,1
7925,2005-02-05 06:00,6,7,1
7926,2005-02-05 07:00,7,7,1
7927,2005-02-05 08:00,8,7,1
7928,2005-02-05 09:00,9,7,1
7929,2005-02-05 10:00,10,7,1
7930,2005-02-05 11:00,11,7,1
7931,2005-02-05 12:00,12,7,1
7932,2005-02-05 13:00,13,7,1
7933,2005-02-05 14:00,14,7,1
7934,2005-02-05 15:00,15,7,1
7935,2005-02-05 16:00,16,7,1
7936,2005-02-05 17:00,17,7,1
7937,2005-02-05 18:00,18,7,1
7938,2005-02-05 19:00,19,7,1
7939,2005-02-05 20:00,20,7,1
7940,2005-02-05 21:00,21,7,1
7941,2005-02-05 22:00,22,7,1
7942,2005-02-05 23:00,23,7,1
7943,2005-02-06 00:00,0,1,1
7944,2005-02-06 01:00,1,1,1
7945,2005-02-06 02:00,2,1,1
7946,2005-02-06 03:00,3,1,1
7947,2005-02-06 04:00,4,1,1
7948,2005-02-06 05:00,5,1,1
7949,2005-02-06 06:00,6,1,1
7950,2005-02-06 07:00,7,1,1
7951,2005-02-06 08:00,8,1,1
7952,2005-02-06 09:00,9,1,1
7953,2005-02-06 10:00,10,1,1
7954,2005-02-06 11:00,11,1,1
7955,2005-02-06 12:00,12,1,1
7956,2005-02-06 13:00,13,1,1
7957,2005-02-06 14:00,14,1,1
7958,2005-02-06 15:00,15,1,1
7959,2005-02-06 16:00,16,1,1
7960,2005-02-06 17:00,17,1,1
7961,2005-02-06 18:00,18,1,1
7962,2005-02-06 19:00,19,1,1
7963,2005-02-06 20:00,20,1,1
7964,2005-02-06 21:00,21,1,1
7965,2005-02-06 22:00,22,1,1
7966,2005-02-06 23:00,23,1,1
7967,2005-02-07 00:00,0,2,0
7968,2005-02-07 01:00,1,2,0
7969,2005-02-07 02:00,2,2,0
7970,2005-02-07 03:00,3,2,0
7971,2005-02-07 04:00,4,2,0
7972,2005-02-07 05:00,5,2,0
7973,2005-02-07 06:00,6,2,0
7974,2005-02-07 07:00,7,2,0
7975,2005-02-07 08:00,8,2,0
7976,2005-02-07 09:00,9,2,0
7977,2005-02-07 10:00,10,2,0
7978,2005-02-07 11:00,11,2,0
7979,2005-02-07 12:00,12,2,0
7980,2005-02-07 13:00,13,2,0
7981,2005-02-07 14:00,14,2,0
7982,2005-02-07 15:00,15,2,0
7983,2005-02-07 16:00,16,2,0
7984,2005-02-07 17:00,17,2,0
7985,2005-02-07 18:00,18,2,0
7986,2005-02-07 19:00,19,2,0
7987,2005-02-07 20:00,20,2,0
7988,2005-02-07 21:00,21,2,0
7989,2005-02-07 22:00,22,2,0
7990,2005-02-07 23:00,23,2,0
7991,2005-02-08 00:00,0,3,0
7992,2005-02-08 01:00,1,3,0
7993,2005-02-08 02:00,2,3,0
7994,2005-02-08 03:00,3,3,0
7995,2005-02-08 04:00,4,3,0
7996,2005-02-08 05:00,5,3,0
7997,2005-02-08 06:00,6,3,0
7998,2005-02-08 07:00,7,3,0
7999,2005-02-08 08:00,8,3,0
8000,2005-02-08 09:00,9,3,0
8001,2005-02-08 10:00,10,3,0
8002,2005-02-08 11:00,11,3,0
8003,2005-02-08 12:00,12,3,0
8004,2005-02-08 13:00,13,3,0
8005,2005-02-08 14:00,14,3,0
8006,2005-02-08 15:00,15,3,0
8007,2005-02-08 16:00,16,3,0
8008,2005-02-08 17:00,17,3,0
8009,2005-02-08 18:00,18,3,0
8010,2005-02-08 19:00,19,3,0
8011,2005-02-08 20:00,20,3,0
8012,2005-02-08 21:00,21,3,0
8013,2005-02-08 22:00,22,3,0
8014,2005-02-08 23:00,23,3,0
8015,2005-02-09 00:00,0,4,0
8016,2005-02-09 01:00,1,4,0
8017,2005-02-09 02:00,2,4,0
8018,2005-02-09 03:00,3,4,0
8019,2005-02-09 04:00,4,4,0
8020,2005-02-09 05:00,5,4,0
8021,2005-02-09 06:00,6,4,0
8022,2005-02-09 07:00,7,4,0
8023,2005-02-09 08:00,8,4,0
8024,2005-02-09 09:00,9,4,0
8025,2005-02-09 10:00,10,4,0
8026,2005-02-09 11:00,11,4,0
8027,2005-02-09 12:00,12,4,0
8028,2005-02-09 13:00,13,4,0
8029,2005-02-09 14:00,14,4,0
8030,2005-02-09 15:00,15,4,0
8031,2005-02-09 16:00,16,4,0
8032,2005-02-09 17:00,17,4,0
8033,2005-02-09 18:00,18,4,0
8034,2005-02-09 19:00,19,4,0
8035,2005-02-09 20:00,20,4,0
8036,2005-02-09 21:00,21,4,0
8037,2005-02-09 22:00,22,4,0
8038,2005-02-09 23:00,23,4,0
8039,2005-02-10 00:00,0,5,0
8040,2005-02-10 01:00,1,5,0
8041,2005-02-10 02:00,2,5,0
8042,2005-02-10 03:00,3,5,0
8043,2005-02-10 04:00,4,5,0
8044,2005-02-10 05:00,5,5,0
8045,2005-02-10 06:00,6,5,0
8046,2005-02-10 07:00,7,5,0
8047,2005-02-10 08:00,8,5,0
8048,2005-02-10 09:00,9,5,0
8049,2005-02-10 10:00,10,5,0
8050,2005-02-10 11:00,11,5,0
8051,2005-02-10 12:00,12,5,0
8052,2005-02-10 13:00,13,5,0
8053,2005-02-10 14:00,14,5,0
8054,2005-02-10 15:00,15,5,0
8055,2005-02-10 16:00,16,5,0
8056,2005-02-10 17:00,17,5,0
8057,2005-02-10 18:00,18,5,0
8058,2005-02-10 19:00,19,5,0
8059,2005-02-10 20:00,20,5,0
8060,2005-02-10 21:00,21,5,0
8061,2005-02-10 22:00,22,5,0
8062,2005-02-10 23:00,23,5,0
8063,2005-02-11 00:00,0,6,0
8064,2005-02-11 01:00,1,6,0
8065,2005-02-11 02:00,2,6,0
8066,2005-02-11 03:00,3,6,0
8067,2005-02-11 04:00,4,6,0
8068,2005-02-11 05:00,5,6,0
8069,2005-02-11 06:00,6,6,0
8070,2005-02-11 07:00,7,6,0
8071,2005-02-11 08:00,8,6,0
8072,2005-02-11 09:00,9,6,0
8073,2005-02-11 10:00,10,6,0
8074,2005-02-11 11:00,11,6,0
8075,2005-02-11 12:00,12,6,0
8076,2005-02-11 13:00,13,6,0
8077,2005-02-11 14:00,14,6,0
8078,2005-02-11 15:00,15,6,0
8079,2005-02-11 16:00,16,6,0
8080,2005-02-11 17:00,17,6,0
8081,2005-02-11 18:00,18,6,0
8082,2005-02-11 19:00,19,6,0
8083,2005-02-11 20:00,20,6,0
8084,2005-02-11 21:00,21,6,0
8085,2005-02-11 22:00,22,6,0
8086,2005-02-11 23:00,23,6,0
8087,2005-02-12 00:00,0,7,1
8088,2005-02-12 01:00,1,7,1
8089,2005-02-12 02:00,2,7,1
8090,2005-02-12 03:00,3,7,1
8091,2005-02-12 04:00,4,7,1
8092,2005-02-12 05:00,5,7,1
8093,2005-02-12 06:00,6,7,1
8094,2005-02-12 07:00,7,7,1
8095,2005-02-12 08:00,8,7,1
8096,2005-02-12 09:00,9,7,1
8097,2005-02-12 10:00,10,7,1
8098,2005-02-12 11:00,11,7,1
8099,2005-02-12 12:00,12,7,1
8100,2005-02-12 13:00,13,7,1
8101,2005-02-12 14:00,14,7,1
8102,2005-02-12 15:00,15,7,1
8103,2005-02-12 16:00,16,7,1
8104,2005-02-12 17:00,17,7,1
8105,2005-02-12 18:00,18,7,1
8106,2005-02-12 19:00,19,7,1
8107,2005-02-12 20:00,20,7,1
8108,2005-02-12 21:00,21,7,1
8109,2005-02-12 22:00,22,7,1
8110,2005-02-12 23:00,23,7,1
8111,2005-02-13 00:00,0,1,1
8112,2005-02-13 01:00,1,1,1
8113,2005-02-13 02:00,2,1,1
8114,2005-02-13 03:00,3,1,1
8115,2005-02-13 04:00,4,1,1
8116,2005-02-13 05:00,5,1,1
8117,2005-02-13 06:00,6,1,1
8118,2005-02-13 07:00,7,1,1
8119,2005-02-13 08:00,8,1,1
8120,2005-02-13 09:00,9,1,1
8121,2005-02-13 10:00,10,1,1
8122,2005-02-13 11:00,11,1,1
8123,2005-02-13 12:00,12,1,1
8124,2005-02-13 13:00,13,1,1
8125,2005-02-13 14:00,14,1,1
8126,2005-02-13 15:00,15,1,1
8127,2005-02-13 16:00,16,1,1
8128,2005-02-13 17:00,17,1,1
8129,2005-02-13 18:00,18,1,1
8130,2005-02-13 19:00,19,1,1
8131,2005-02-13 20:00,20,1,1
8132,2005-02-13 21:00,21,1,1
8133,2005-02-13 22:00,22,1,1
8134,2005-02-13 23:00,23,1,1
8135,2005-02-14 00:00,0,2,0
8136,2005-02-14 01:00,1,2,0
8137,2005-02-14 02:00,2,2,0
8138,2005-02-14 03:00,3,2,0
8139,2005-02-14 04:00,4,2,0
8140,2005-02-14 05:00,5,2,0
8141,2005-02-14 06:00,6,2,0
8142,2005-02-14 07:00,7,2,0
8143,2005-02-14 08:00,8,2,0
8144,2005-02-14 09:00,9,2,0
8145,2005-02-14 10:00,10,2,0
8146,2005-02-14 11:00,11,2,0
8147,2005-02-14 12:00,12,2,0
8148,2005-02-14 13:00,13,2,0
8149,2005-02-14 14:00,14,2,0
8150,2005-02-14 15:00,15,2,0
8151,2005-02-14 16:00,16,2,0
8152,2005-02-14 17:00,17,2,0
8153,2005-02-14 18:00,18,2,0
8154,2005-02-14 19:00,19,2,0
8155,2005-02-14 20:00,20,2,0
8156,2005-02-14 21:00,21,2,0
8157,2005-02-14 22:00,22,2,0
8158,2005-02-14 23:00,23,2,0
8159,2005-02-15 00:00,0,3,0
8160,2005-02-15 01:00,1,3,0
8161,2005-02-15 02:00,2,3,0
8162,2005-02-15 03:00,3,3,0
8163,2005-02-15 04:00,4,3,0
8164,2005-02-15 05:00,5,3,0
8165,2005-02-15 06:00,6,3,0
8166,2005-02-15 07:00,7,3,0
8167,2005-02-15 08:00,8,3,0
8168,2005-02-15 09:00,9,3,0
8169,2005-02-15 10:00,10,3,0
8170,2005-02-15 11:00,11,3,0
8171,2005-02-15 12:00,12,3,0
8172,2005-02-15 13:00,13,3,0
8173,2005-02-15 14:00,14,3,0
8174,2005-02-15 15:00,15,3,0
8175,2005-02-15 16:00,16,3,0
8176,2005-02-15 17:00,17,3,0
8177,2005-02-15 18:00,18,3,0
8178,2005-02-15 19:00,19,3,0
8179,2005-02-15 20:00,20,3,0
8180,2005-02-15 21:00,21,3,0
8181,2005-02-15 22:00,22,3,0
8182,2005-02-15 23:00,23,3,0
8183,2005-02-16 00:00,0,4,0
8184,2005-02-16 01:00,1,4,0
8185,2005-02-16 02:00,2,4,0
8186,2005-02-16 03:00,3,4,0
8187,2005-02-16 04:00,4,4,0
8188,2005-02-16 05:00,5,4,0
8189,2005-02-16 06:00,6,4,0
8190,2005-02-16 07:00,7,4,0
8191,2005-02-16 08:00,8,4,0
8192,2005-02-16 09:00,9,4,0
8193,2005-02-16 10:00,10,4,0
8194,2005-02-16 11:00,11,4,0
8195,2005-02-16 12:00,12,4,0
8196,2005-02-16 13:00,13,4,0
8197,2005-02-16 14:00,14,4,0
8198,2005-02-16 15:00,15,4,0
8199,2005-02-16 16:00,16,4,0
8200,2005-02-16 17:00,17,4,0
8201,2005-02-16 18:00,18,4,0
8202,2005-02-16 19:00,19,4,0
8203,2005-02-16 20:00,20,4,0
8204,2005-02-16 21:00,21,4,0
8205,2005-02-16 22:00,22,4,0
8206,2005-02-16 23:00,23,4,0
8207,2005-02-17 00:00,0,5,0
8208,2005-02-17 01:00,1,5,0
8209,2005-02-17 02:00,2,5,0
8210,2005-02-17 03:00,3,5,0
8211,2005-02-17 04:00,4,5,0
8212,2005-02-17 05:00,5,5,0
8213,2005-02-17 06:00,6,5,0
8214,2005-02-17 07:00,7,5,0
8215,2005-02-17 08:00,8,5,0
8216,2005-02-17 09:00,9,5,0
8217,2005-02-17 10:00,10,5,0
8218,2005-02-17 11:00,11,5,0
8219,2005-02-17 12:00,12,5,0
8220,2005-02-17 13:00,13,5,0
8221,2005-02-17 14:00,14,5,0
8222,2005-02-17 15:00,15,5,0
8223,2005-02-17 16:00,16,5,0
8224,2005-02-17 17:00,17,5,0
8225,2005-02-17 18:00,18,5,0
8226,2005-02-17 19:00,19,5,0
8227,2005-02-17 20:00,20,5,0
8228,2005-02-17 21:00,21,5,0
8229,2005-02-17 22:00,22,5,0
8230,2005-02-17 23:00,23,5,0
8231,2005-02-18 00:00,0,6,0
8232,2005-02-18 01:00,1,6,0
8233,2005-02-18 02:00,2,6,0
8234,2005-02-18 03:00,3,6,0
8235,2005-02-18 04:00,4,6,0
8236,2005-02-18 05:00,5,6,0
8237,2005-02-18 06:00,6,6,0
8238,2005-02-18 07:00,7,6,0
8239,2005-02-18 08:00,8,6,0
8240,2005-02-18 09:00,9,6,0
8241,2005-02-18 10:00,10,6,0
8242,2005-02-18 11:00,11,6,0
8243,2005-02-18 12:00,12,6,0
8244,2005-02-18 13:00,13,6,0
8245,2005-02-18 14:00,14,6,0
8246,2005-02-18 15:00,15,6,0
8247,2005-02-18 16:00,16,6,0
8248,2005-02-18 17:00,17,6,0
8249,2005-02-18 18:00,18,6,0
8250,2005-02-18 19:00,19,6,0
8251,2005-02-18 20:00,20,6,0
8252,2005-02-18 21:00,21,6,0
8253,2005-02-18 22:00,22,6,0
8254,2005-02-18 23:00,23,6,0
8255,2005-02-19 00:00,0,7,1
8256,2005-02-19 01:00,1,7,1
8257,2005-02-19 02:00,2,7,1
8258,2005-02-19 03:00,3,7,1
8259,2005-02-19 04:00,4,7,1
8260,2005-02-19 05:00,5,7,1
8261,2005-02-19 06:00,6,7,1
8262,2005-02-19 07:00,7,7,1
8263,2005-02-19 08:00,8,7,1
8264,2005-02-19 09:00,9,7,1
8265,2005-02-19 10:00,10,7,1
8266,2005-02-19 11:00,11,7,1
8267,2005-02-19 12:00,12,7,1
8268,2005-02-19 13:00,13,7,1
8269,2005-02-19 14:00,14,7,1
8270,2005-02-19 15:00,15,7,1
8271,2005-02-19 16:00,16,7,1
8272,2005-02-19 17:00,17,7,1
8273,2005-02-19 18:00,18,7,1
8274,2005-02-19 19:00,19,7,1
8275,2005-02-19 20:00,20,7,1
8276,2005-02-19 21:00,21,7,1
8277,2005-02-19 22:00,22,7,1
8278,2005-02-19 23:00,23,7,1
8279,2005-02-20 00:00,0,1,1
8280,2005-02-20 01:00,1,1,1
8281,2005-02-20 02:00,2,1,1
8282,2005-02-20 03:00,3,1,1
8283,2005-02-20 04:00,4,1,1
8284,2005-02-20 05:00,5,1,1
8285,2005-02-20 06:00,6,1,1
8286,2005-02-20 07:00,7,1,1
8287,2005-02-20 08:00,8,1,1
8288,2005-02-20 09:00,9,1,1
8289,2005-02-20 10:00,10,1,1
8290,2005-02-20 11:00,11,1,1
8291,2005-02-20 12:00,12,1,1
8292,2005-02-20 13:00,13,1,1
8293,2005-02-20 14:00,14,1,1
8294,2005-02-20 15:00,15,1,1
8295,2005-02-20 16:00,16,1,1
8296,2005-02-20 17:00,17,1,1
8297,2005-02-20 18:00,18,1,1
8298,2005-02-20 19:00,19,1,1
8299,2005-02-20 20:00,20,1,1
8300,2005-02-20 21:00,21,1,1
8301,2005-02-20 22:00,22,1,1
8302,2005-02-20 23:00,23,1,1
8303,2005-02-21 00:00,0,2,0
8304,2005-02-21 01:00,1,2,0
8305,2005-02-21 02:00,2,2,0
8306,2005-02-21 03:00,3,2,0
8307,2005-02-21 04:00,4,2,0
8308,2005-02-21 05:00,5,2,0
8309,2005-02-21 06:00,6,2,0
8310,2005-02-21 07:00,7,2,0
8311,2005-02-21 08:00,8,2,0
8312,2005-02-21 09:00,9,2,0
8313,2005-02-21 10:00,10,2,0
8314,2005-02-21 11:00,11,2,0
8315,2005-02-21 12:00,12,2,0
8316,2005-02-21 13:00,13,2,0
8317,2005-02-21 14:00,14,2,0
8318,2005-02-21 15:00,15,2,0
8319,2005-02-21 16:00,16,2,0
8320,2005-02-21 17:00,17,2,0
8321,2005-02-21 18:00,18,2,0
8322,2005-02-21 19:00,19,2,0
8323,2005-02-21 20:00,20,2,0
8324,2005-02-21 21:00,21,2,0
8325,2005-02-21 22:00,22,2,0
8326,2005-02-21 23:00,23,2,0
8327,2005-02-22 00:00,0,3,0
8328,2005-02-22 01:00,1,3,0
8329,2005-02-22 02:00,2,3,0
8330,2005-02-22 03:00,3,3,0
8331,2005-02-22 04:00,4,3,0
8332,2005-02-22 05:00,5,3,0
8333,2005-02-22 06:00,6,3,0
8334,2005-02-22 07:00,7,3,0
8335,2005-02-22 08:00,8,3,0
8336,2005-02-22 09:00,9,3,0
8337,2005-02-22 10:00,10,3,0
8338,2005-02-22 11:00,11,3,0
8339,2005-02-22 12:00,12,3,0
8340,2005-02-22 13:00,13,3,0
8341,2005-02-22 14:00,14,3,0
8342,2005-02-22 15:00,15,3,0
8343,2005-02-22 16:00,16,3,0
8344,2005-02-22 17:00,17,3,0
8345,2005-02-22 18:00,18,3,0
8346,2005-02-22 19:00,19,3,0
8347,2005-02-22 20:00,20,3,0
8348,2005-02-22 21:00,21,3,0
8349,2005-02-22 22:00,22,3,0
8350,2005-02-22 23:00,23,3,0
8351,2005-02-23 00:00,0,4,0
8352,2005-02-23 01:00,1,4,0
8353,2005-02-23 02:00,2,4,0
8354,2005-02-23 03:00,3,4,0
8355,2005-02-23 04:00,4,4,0
8356,2005-02-23 05:00,5,4,0
8357,2005-02-23 06:00,6,4,0
8358,2005-02-23 07:00,7,4,0
8359,2005-02-23 08:00,8,4,0
8360,2005-02-23 09:00,9,4,0
8361,2005-02-23 10:00,10,4,0
8362,2005-02-23 11:00,11,4,0
8363,2005-02-23 12:00,12,4,0
8364,2005-02-23 13:00,13,4,0
8365,2005-02-23 14:00,14,4,0
8366,2005-02-23 15:00,15,4,0
8367,2005-02-23 16:00,16,4,0
8368,2005-02-23 17:00,17,4,0
8369,2005-02-23 18:00,18,4,0
8370,2005-02-23 19:00,19,4,0
8371,2005-02-23 20:00,20,4,0
8372,2005-02-23 21:00,21,4,0
8373,2005-02-23 22:00,22,4,0
8374,2005-02-23 23:00,23,4,0
8375,2005-02-24 00:00,0,5,0
8376,2005-02-24 01:00,1,5,0
8377,2005-02-24 02:00,2,5,0
8378,2005-02-24 03:00,3,5,0
8379,2005-02-24 04:00,4,5,0
8380,2005-02-24 05:00,5,5,0
8381,2005-02-24 06:00,6,5,0
8382,2005-02-24 07:00,7,5,0
8383,2005-02-24 08:00,8,5,0
8384,2005-02-24 09:00,9,5,0
8385,2005-02-24 10:00,10,5,0
8386,2005-02-24 11:00,11,5,0
8387,2005-02-24 12:00,12,5,0
8388,2005-02-24 13:00,13,5,0
8389,2005-02-24 14:00,14,5,0
8390,2005-02-24 15:00,15,5,0
8391,2005-02-24 16:00,16,5,0
8392,2005-02-24 17:00,17,5,0
8393,2005-02-24 18:00,18,5,0
8394,2005-02-24 19:00,19,5,0
8395,2005-02-24 20:00,20,5,0
8396,2005-02-24 21:00,21,5,0
8397,2005-02-24 22:00,22,5,0
8398,2005-02-24 23:00,23,5,0
8399,2005-02-25 00:00,0,6,0
8400,2005-02-25 01:00,1,6,0
8401,2005-02-25 02:00,2,6,0
8402,2005-02-25 03:00,3,6,0
8403,2005-02-25 04:00,4,6,0
8404,2005-02-25 05:00,5,6,0
8405,2005-02-25 06:00,6,6,0
8406,2005-02-25 07:00,7,6,0
8407,2005-02-25 08:00,8,6,0
8408,2005-02-25 09:00,9,6,0
8409,2005-02-25 10:00,10,6,0
8410,2005-02-25 11:00,11,6,0
8411,2005-02-25 12:00,12,6,0
8412,2005-02-25 13:00,13,6,0
8413,2005-02-25 14:00,14,6,0
8414,2005-02-25 15:00,15,6,0
8415,2005-02-25 16:00,16,6,0
8416,2005-02-25 17:00,17,6,0
8417,2005-02-25 18:00,18,6,0
8418,2005-02-25 19:00,19,6,0
8419,2005-02-25 20:00,20,6,0
8420,2005-02-25 21:00,21,6,0
8421,2005-02-25 22:00,22,6,0
8422,2005-02-25 23:00,23,6,0
8423,2005-02-26 00:00,0,7,1
8424,2005-02-26 01:00,1,7,1
8425,2005-02-26 02:00,2,7,1
8426,2005-02-26 03:00,3,7,1
8427,2005-02-26 04:00,4,7,1
8428,2005-02-26 05:00,5,7,1
8429,2005-02-26 06:00,6,7,1
8430,2005-02-26 07:00,7,7,1
8431,2005-02-26 08:00,8,7,1
8432,2005-02-26 09:00,9,7,1
8433,2005-02-26 10:00,10,7,1
8434,2005-02-26 11:00,11,7,1
8435,2005-02-26 12:00,12,7,1
8436,2005-02-26 13:00,13,7,1
8437,2005-02-26 14:00,14,7,1
8438,2005-02-26 15:00,15,7,1
8439,2005-02-26 16:00,16,7,1
8440,2005-02-26 17:00,17,7,1
8441,2005-02-26 18:00,18,7,1
8442,2005-02-26 19:00,19,7,1
8443,2005-02-26 20:00,20,7,1
8444,2005-02-26 21:00,21,7,1
8445,2005-02-26 22:00,22,7,1
8446,2005-02-26 23:00,23,7,1
8447,2005-02-27 00:00,0,1,1
8448,2005-02-27 01:00,1,1,1
8449,2005-02-27 02:00,2,1,1
8450,2005-02-27 03:00,3,1,1
8451,2005-02-27 04:00,4,1,1
8452,2005-02-27 05:00,5,1,1
8453,2005-02-27 06:00,6,1,1
8454,2005-02-27 07:00,7,1,1
8455,2005-02-27 08:00,8,1,1
8456,2005-02-27 09:00,9,1,1
8457,2005-02-27 10:00,10,1,1
8458,2005-02-27 11:00,11,1,1
8459,2005-02-27 12:00,12,1,1
8460,2005-02-27 13:00,13,1,1
8461,2005-02-27 14:00,14,1,1
8462,2005-02-27 15:00,15,1,1
8463,2005-02-27 16:00,16,1,1
8464,2005-02-27 17:00,17,1,1
8465,2005-02-27 18:00,18,1,1
8466,2005-02-27 19:00,19,1,1
8467,2005-02-27 20:00,20,1,1
8468,2005-02-27 21:00,21,1,1
8469,2005-02-27 22:00,22,1,1
8470,2005-02-27 23:00,23,1,1
8471,2005-02-28 00:00,0,2,0
8472,2005-02-28 01:00,1,2,0
8473,2005-02-28 02:00,2,2,0
8474,2005-02-28 03:00,3,2,0
8475,2005-02-28 04:00,4,2,0
8476,2005-02-28 05:00,5,2,0
8477,2005-02-28 06:00,6,2,0
8478,2005-02-28 07:00,7,2,0
8479,2005-02-28 08:00,8,2,0
8480,2005-02-28 09:00,9,2,0
8481,2005-02-28 10:00,10,2,0
8482,2005-02-28 11:00,11,2,0
8483,2005-02-28 12:00,12,2,0
8484,2005-02-28 13:00,13,2,0
8485,2005-02-28 14:00,14,2,0
8486,2005-02-28 15:00,15,2,0
8487,2005-02-28 16:00,16,2,0
8488,2005-02-28 17:00,17,2,0
8489,2005-02-28 18:00,18,2,0
8490,2005-02-28 19:00,19,2,0
8491,2005-02-28 20:00,20,2,0
8492,2005-02-28 21:00,21,2,0
8493,2005-02-28 22:00,22,2,0
8494,2005-02-28 23:00,23,2,0
8495,2005-03-01 00:00,0,3,0
8496,2005-03-01 01:00,1,3,0
8497,2005-03-01 02:00,2,3,0
8498,2005-03-01 03:00,3,3,0
8499,2005-03-01 04:00,4,3,0
8500,2005-03-01 05:00,5,3,0
8501,2005-03-01 06:00,6,3,0
8502,2005-03-01 07:00,7,3,0
8503,2005-03-01 08:00,8,3,0
8504,2005-03-01 09:00,9,3,0
8505,2005-03-01 10:00,10,3,0
8506,2005-03-01 11:00,11,3,0
8507,2005-03-01 12:00,12,3,0
8508,2005-03-01 13:00,13,3,0
8509,2005-03-01 14:00,14,3,0
8510,2005-03-01 15:00,15,3,0
8511,2005-03-01 16:00,16,3,0
8512,2005-03-01 17:00,17,3,0
8513,2005-03-01 18:00,18,3,0
8514,2005-03-01 19:00,19,3,0
8515,2005-03-01 20:00,20,3,0
8516,2005-03-01 21:00,21,3,0
8517,2005-03-01 22:00,22,3,0
8518,2005-03-01 23:00,23,3,0
8519,2005-03-02 00:00,0,4,0
8520,2005-03-02 01:00,1,4,0
8521,2005-03-02 02:00,2,4,0
8522,2005-03-02 03:00,3,4,0
8523,2005-03-02 04:00,4,4,0
8524,2005-03-02 05:00,5,4,0
8525,2005-03-02 06:00,6,4,0
8526,2005-03-02 07:00,7,4,0
8527,2005-03-02 08:00,8,4,0
8528,2005-03-02 09:00,9,4,0
8529,2005-03-02 10:00,10,4,0
8530,2005-03-02 11:00,11,4,0
8531,2005-03-02 12:00,12,4,0
8532,2005-03-02 13:00,13,4,0
8533,2005-03-02 14:00,14,4,0
8534,2005-03-02 15:00,15,4,0
8535,2005-03-02 16:00,16,4,0
8536,2005-03-02 17:00,17,4,0
8537,2005-03-02 18:00,18,4,0
8538,2005-03-02 19:00,19,4,0
8539,2005-03-02 20:00,20,4,0
8540,2005-03-02 21:00,21,4,0
8541,2005-03-02 22:00,22,4,0
8542,2005-03-02 23:00,23,4,0
8543,2005-03-03 00:00,0,5,0
8544,2005-03-03 01:00,1,5,0
8545,2005-03-03 02:00,2,5,0
8546,2005-03-03 03:00,3,5,0
8547,2005-03-03 04:00,4,5,0
8548,2005-03-03 05:00,5,5,0
8549,2005-03-03 06:00,6,5,0
8550,2005-03-03 07:00,7,5,0
8551,2005-03-03 08:00,8,5,0
8552,2005-03-03 09:00,9,5,0
8553,2005-03-03 10:00,10,5,0
8554,2005-03-03 11:00,11,5,0
8555,2005-03-03 12:00,12,5,0
8556,2005-03-03 13:00,13,5,0
8557,2005-03-03 14:00,14,5,0
8558,2005-03-03 15:00,15,5,0
8559,2005-03-03 16:00,16,5,0
8560,2005-03-03 17:00,17,5,0
8561,2005-03-03 18:00,18,5,0
8562,2005-03-03 19:00,19,5,0
8563,2005-03-03 20:00,20,5,0
8564,2005-03-03 21:00,21,5,0
8565,2005-03-03 22:00,22,5,0
8566,2005-03-03 23:00,23,5,0
8567,2005-03-04 00:00,0,6,0
8568,2005-03-04 01:00,1,6,0
8569,2005-03-04 02:00,2,6,0
8570,2005-03-04 03:00,3,6,0
8571,2005-03-04 04:00,4,6,0
8572,2005-03-04 05:00,5,6,0
8573,2005-03-04 06:00,6,6,0
8574,2005-03-04 07:00,7,6,0
8575,2005-03-04 08:00,8,6,0
8576,2005-03-04 09:00,9,6,0
8577,2005-03-04 10:00,10,6,0
8578,2005-03-04 11:00,11,6,0
8579,2005-03-04 12:00,12,6,0
8580,2005-03-04 13:00,13,6,0
8581,2005-03-04 14:00,14,6,0
8582,2005-03-04 15:00,15,6,0
8583,2005-03-04 16:00,16,6,0
8584,2005-03-04 17:00,17,6,0
8585,2005-03-04 18:00,18,6,0
8586,2005-03-04 19:00,19,6,0
8587,2005-03-04 20:00,20,6,0
8588,2005-03-04 21:00,21,6,0
8589,2005-03-04 22:00,22,6,0
8590,2005-03-04 23:00,23,6,0
8591,2005-03-05 00:00,0,7,1
8592,2005-03-05 01:00,1,7,1
8593,2005-03-05 02:00,2,7,1
8594,2005-03-05 03:00,3,7,1
8595,2005-03-05 04:00,4,7,1
8596,2005-03-05 05:00,5,7,1
8597,2005-03-05 06:00,6,7,1
8598,2005-03-05 07:00,7,7,1
8599,2005-03-05 08:00,8,7,1
8600,2005-03-05 09:00,9,7,1
8601,2005-03-05 10:00,10,7,1
8602,2005-03-05 11:00,11,7,1
8603,2005-03-05 12:00,12,7,1
8604,2005-03-05 13:00,13,7,1
8605,2005-03-05 14:00,14,7,1
8606,2005-03-05 15:00,15,7,1
8607,2005-03-05 16:00,16,7,1
8608,2005-03-05 17:00,17,7,1
8609,2005-03-05 18:00,18,7,1
8610,2005-03-05 19:00,19,7,1
8611,2005-03-05 20:00,20,7,1
8612,2005-03-05 21:00,21,7,1
8613,2005-03-05 22:00,22,7,1
8614,2005-03-05 23:00,23,7,1
8615,2005-03-06 00:00,0,1,1
8616,2005-03-06 01:00,1,1,1
8617,2005-03-06 02:00,2,1,1
8618,2005-03-06 03:00,3,1,1
8619,2005-03-06 04:00,4,1,1
8620,2005-03-06 05:00,5,1,1
8621,2005-03-06 06:00,6,1,1
8622,2005-03-06 07:00,7,1,1
8623,2005-03-06 08:00,8,1,1
8624,2005-03-06 09:00,9,1,1
8625,2005-03-06 10:00,10,1,1
8626,2005-03-06 11:00,11,1,1
8627,2005-03-06 12:00,12,1,1
8628,2005-03-06 13:00,13,1,1
8629,2005-03-06 14:00,14,1,1
8630,2005-03-06 15:00,15,1,1
8631,2005-03-06 16:00,16,1,1
8632,2005-03-06 17:00,17,1,1
8633,2005-03-06 18:00,18,1,1
8634,2005-03-06 19:00,19,1,1
8635,2005-03-06 20:00,20,1,1
8636,2005-03-06 21:00,21,1,1
8637,2005-03-06 22:00,22,1,1
8638,2005-03-06 23:00,23,1,1
8639,2005-03-07 00:00,0,2,0
8640,2005-03-07 01:00,1,2,0
8641,2005-03-07 02:00,2,2,0
8642,2005-03-07 03:00,3,2,0
8643,2005-03-07 04:00,4,2,0
8644,2005-03-07 05:00,5,2,0
8645,2005-03-07 06:00,6,2,0
8646,2005-03-07 07:00,7,2,0
8647,2005-03-07 08:00,8,2,0
8648,2005-03-07 09:00,9,2,0
8649,2005-03-07 10:00,10,2,0
8650,2005-03-07 11:00,11,2,0
8651,2005-03-07 12:00,12,2,0
8652,2005-03-07 13:00,13,2,0
8653,2005-03-07 14:00,14,2,0
8654,2005-03-07 15:00,15,2,0
8655,2005-03-07 16:00,16,2,0
8656,2005-03-07 17:00,17,2,0
8657,2005-03-07 18:00,18,2,0
8658,2005-03-07 19:00,19,2,0
8659,2005-03-07 20:00,20,2,0
8660,2005-03-07 21:00,21,2,0
8661,2005-03-07 22:00,22,2,0
8662,2005-03-07 23:00,23,2,0
8663,2005-03-08 00:00,0,3,0
8664,2005-03-08 01:00,1,3,0
8665,2005-03-08 02:00,2,3,0
8666,2005-03-08 03:00,3,3,0
8667,2005-03-08 04:00,4,3,0
8668,2005-03-08 05:00,5,3,0
8669,2005-03-08 06:00,6,3,0
8670,2005-03-08 07:00,7,3,0
8671,2005-03-08 08:00,8,3,0
8672,2005-03-08 09:00,9,3,0
8673,2005-03-08 10:00,10,3,0
8674,2005-03-08 11:00,11,3,0
8675,2005-03-08 12:00,12,3,0
8676,2005-03-08 13:00,13,3,0
8677,2005-03-08 14:00,14,3,0
8678,2005-03-08 15:00,15,3,0
8679,2005-03-08 16:00,16,3,0
8680,2005-03-08 17:00,17,3,0
8681,2005-03-08 18:00,18,3,0
8682,2005-03-08 19:00,19,3,0
8683,2005-03-08 20:00,20,3,0
8684,2005-03-08 21:00,21,3,0
8685,2005-03-08 22:00,22,3,0
8686,2005-03-08 23:00,23,3,0
8687,2005-03-09 00:00,0,4,0
8688,2005-03-09 01:00,1,4,0
8689,2005-03-09 02:00,2,4,0
8690,2005-03-09 03:00,3,4,0
8691,2005-03-09 04:00,4,4,0
8692,2005-03-09 05:00,5,4,0
8693,2005-03-09 06:00,6,4,0
8694,2005-03-09 07:00,7,4,0
8695,2005-03-09 08:00,8,4,0
8696,2005-03-09 09:00,9,4,0
8697,2005-03-09 10:00,10,4,0
8698,2005-03-09 11:00,11,4,0
8699,2005-03-09 12:00,12,4,0
8700,2005-03-09 13:00,13,4,0
8701,2005-03-09 14:00,14,4,0
8702,2005-03-09 15:00,15,4,0
8703,2005-03-09 16:00,16,4,0
8704,2005-03-09 17:00,17,4,0
8705,2005-03-09 18:00,18,4,0
8706,2005-03-09 19:00,19,4,0
8707,2005-03-09 20:00,20,4,0
8708,2005-03-09 21:00,21,4,0
8709,2005-03-09 22:00,22,4,0
8710,2005-03-09 23:00,23,4,0
8711,2005-03-10 00:00,0,5,0
8712,2005-03-10 01:00,1,5,0
8713,2005-03-10 02:00,2,5,0
8714,2005-03-10 03:00,3,5,0
8715,2005-03-10 04:00,4,5,0
8716,2005-03-10 05:00,5,5,0
8717,2005-03-10 06:00,6,5,0
8718,2005-03-10 07:00,7,5,0
8719,2005-03-10 08:00,8,5,0
8720,2005-03-10 09:00,9,5,0
8721,2005-03-10 10:00,10,5,0
8722,2005-03-10 11:00,11,5,0
8723,2005-03-10 12:00,12,5,0
8724,2005-03-10 13:00,13,5,0
8725,2005-03-10 14:00,14,5,0
8726,2005-03-10 15:00,15,5,0
8727,2005-03-10 16:00,16,5,0
8728,2005-03-10 17:00,17,5,0
8729,2005-03-10 18:00,18,5,0
8730,2005-03-10 19:00,19,5,0
8731,2005-03-10 20:00,20,5,0
8732,2005-03-10 21:00,21,5,0
8733,2005-03-10 22:00,22,5,0
8734,2005-03-10 23:00,23,5,0
8735,2005-03-11 00:00,0,6,0
8736,2005-03-11 01:00,1,6,0
8737,2005-03-11 02:00,2,6,0
8738,2005-03-11 03:00,3,6,0
8739,2005-03-11 04:00,4,6,0
8740,2005-03-11 05:00,5,6,0
8741,2005-03-11 06:00,6,6,0
8742,2005-03-11 07:00,7,6,0
8743,2005-03-11 08:00,8,6,0
8744,2005-03-11 09:00,9,6,0
8745,2005-03-11 10:00,10,6,0
8746,2005-03-11 11:00,11,6,0
8747,2005-03-11 12:00,12,6,0
8748,2005-03-11 13:00,13,6,0
8749,2005-03-11 14:00,14,6,0
8750,2005-03-11 15:00,15,6,0
8751,2005-03-11 16:00,16,6,0
8752,2005-03-11 17:00,17,6,0
8753,2005-03-11 18:00,18,6,0
8754,2005-03-11 19:00,19,6,0
8755,2005-03-11 20:00,20,6,0
8756,2005-03-11 21:00,21,6,0
8757,2005-03-11 22:00,22,6,0
8758,2005-03-11 23:00,23,6,0
8759,2005-03-12 00:00,0,7,1
8760,2005-03-12 01:00,1,7,1
8761,2005-03-12 02:00,2,7,1
8762,2005-03-12 03:00,3,7,1
8763,2005-03-12 04:00,4,7,1
8764,2005-03-12 05:00,5,7,1
8765,2005-03-12 06:00,6,7,1
8766,2005-03-12 07:00,7,7,1
8767,2005-03-12 08:00,8,7,1
8768,2005-03-12 09:00,9,7,1
8769,2005-03-12 10:00,10,7,1
8770,2005-03-12 11:00,11,7,1
8771,2005-03-12 12:00,12,7,1
8772,2005-03-12 13:00,13,7,1
8773,2005-03-12 14:00,14,7,1
8774,2005-03-12 15:00,15,7,1
8775,2005-03-12 16:00,16,7,1
8776,2005-03-12 17:00,17,7,1
8777,2005-03-12 18:00,18,7,1
8778,2005-03-12 19:00,19,7,1
8779,2005-03-12 20:00,20,7,1
8780,2005-03-12 21:00,21,7,1
8781,2005-03-12 22:00,22,7,1
8782,2005-03-12 23:00,23,7,1
8783,2005-03-13 00:00,0,1,1
8784,2005-03-13 01:00,1,1,1
8785,2005-03-13 02:00,2,1,1
8786,2005-03-13 03:00,3,1,1
8787,2005-03-13 04:00,4,1,1
8788,2005-03-13 05:00,5,1,1
8789,2005-03-13 06:00,6,1,1
8790,2005-03-13 07:00,7,1,1
8791,2005-03-13 08:00,8,1,1
8792,2005-03-13 09:00,9,1,1
8793,2005-03-13 10:00,10,1,1
8794,2005-03-13 11:00,11,1,1
8795,2005-03-13 12:00,12,1,1
8796,2005-03-13 13:00,13,1,1
8797,2005-03-13 14:00,14,1,1
8798,2005-03-13 15:00,15,1,1
8799,2005-03-13 16:00,16,1,1
8800,2005-03-13 17:00,17,1,1
8801,2005-03-13 18:00,18,1,1
8802,2005-03-13 19:00,19,1,1
8803,2005-03-13 20:00,20,1,1
8804,2005-03-13 21:00,21,1,1
8805,2005-03-13 22:00,22,1,1
8806,2005-03-13 23:00,23,1,1
8807,2005-03-14 00:00,0,2,0
8808,2005-03-14 01:00,1,2,0
8809,2005-03-14 02:00,2,2,0
8810,2005-03-14 03:00,3,2,0
8811,2005-03-14 04:00,4,2,0
8812,2005-03-14 05:00,5,2,0
8813,2005-03-14 06:00,6,2,0
8814,2005-03-14 07:00,7,2,0
8815,2005-03-14 08:00,8,2,0
8816,2005-03-14 09:00,9,2,0
8817,2005-03-14 10:00,10,2,0
8818,2005-03-14 11:00,11,2,0
8819,2005-03-14 12:00,12,2,0
8820,2005-03-14 13:00,13,2,0
8821,2005-03-14 14:00,14,2,0
8822,2005-03-14 15:00,15,2,0
8823,2005-03-14 16:00,16,2,0
8824,2005-03-14 17:00,17,2,0
8825,2005-03-14 18:00,18,2,0
8826,2005-03-14 19:00,19,2,0
8827,2005-03-14 20:00,20,2,0
8828,2005-03-14 21:00,21,2,0
8829,2005-03-14 22:00,22,2,0
8830,2005-03-14 23:00,23,2,0
8831,2005-03-15 00:00,0,3,0
8832,2005-03-15 01:00,1,3,0
8833,2005-03-15 02:00,2,3,0
8834,2005-03-15 03:00,3,3,0
8835,2005-03-15 04:00,4,3,0
8836,2005-03-15 05:00,5,3,0
8837,2005-03-15 06:00,6,3,0
8838,2005-03-15 07:00,7,3,0
8839,2005-03-15 08:00,8,3,0
8840,2005-03-15 09:00,9,3,0
8841,2005-03-15 10:00,10,3,0
8842,2005-03-15 11:00,11,3,0
8843,2005-03-15 12:00,12,3,0
8844,2005-03-15 13:00,13,3,0
8845,2005-03-15 14:00,14,3,0
8846,2005-03-15 15:00,15,3,0
8847,2005-03-15 16:00,16,3,0
8848,2005-03-15 17:00,17,3,0
8849,2005-03-15 18:00,18,3,0
8850,2005-03-15 19:00,19,3,0
8851,2005-03-15 20:00,20,3,0
8852,2005-03-15 21:00,21,3,0
8853,2005-03-15 22:00,22,3,0
8854,2005-03-15 23:00,23,3,0
8855,2005-03-16 00:00,0,4,0
8856,2005-03-16 01:00,1,4,0
8857,2005-03-16 02:00,2,4,0
8858,2005-03-16 03:00,3,4,0
8859,2005-03-16 04:00,4,4,0
8860,2005-03-16 05:00,5,4,0
8861,2005-03-16 06:00,6,4,0
8862,2005-03-16 07:00,7,4,0
8863,2005-03-16 08:00,8,4,0
8864,2005-03-16 09:00,9,4,0
8865,2005-03-16 10:00,10,4,0
8866,2005-03-16 11:00,11,4,0
8867,2005-03-16 12:00,12,4,0
8868,2005-03-16 13:00,13,4,0
8869,2005-03-16 14:00,14,4,0
8870,2005-03-16 15:00,15,4,0
8871,2005-03-16 16:00,16,4,0
8872,2005-03-16 17:00,17,4,0
8873,2005-03-16 18:00,18,4,0
8874,2005-03-16 19:00,19,4,0
8875,2005-03-16 20:00,20,4,0
8876,2005-03-16 21:00,21,4,0
8877,2005-03-16 22:00,22,4,0
8878,2005-03-16 23:00,23,4,0
8879,2005-03-17 00:00,0,5,0
8880,2005-03-17 01:00,1,5,0
8881,2005-03-17 02:00,2,5,0
8882,2005-03-17 03:00,3,5,0
8883,2005-03-17 04:00,4,5,0
8884,2005-03-17 05:00,5,5,0
8885,2005-03-17 06:00,6,5,0
8886,2005-03-17 07:00,7,5,0
8887,2005-03-17 08:00,8,5,0
8888,2005-03-17 09:00,9,5,0
8889,2005-03-17 10:00,10,5,0
8890,2005-03-17 11:00,11,5,0
8891,2005-03-17 12:00,12,5,0
8892,2005-03-17 13:00,13,5,0
8893,2005-03-17 14:00,14,5,0
8894,2005-03-17 15:00,15,5,0
8895,2005-03-17 16:00,16,5,0
8896,2005-03-17 17:00,17,5,0
8897,2005-03-17 18:00,18,5,0
8898,2005-03-17 19:00,19,5,0
8899,2005-03-17 20:00,20,5,0
8900,2005-03-17 21:00,21,5,0
8901,2005-03-17 22:00,22,5,0
8902,2005-03-17 23:00,23,5,0
8903,2005-03-18 00:00,0,6,0
8904,2005-03-18 01:00,1,6,0
8905,2005-03-18 02:00,2,6,0
8906,2005-03-18 03:00,3,6,0
8907,2005-03-18 04:00,4,6,0
8908,2005-03-18 05:00,5,6,0
8909,2005-03-18 06:00,6,6,0
8910,2005-03-18 07:00,7,6,0
8911,2005-03-18 08:00,8,6,0
8912,2005-03-18 09:00,9,6,0
8913,2005-03-18 10:00,10,6,0
8914,2005-03-18 11:00,11,6,0
8915,2005-03-18 12:00,12,6,0
8916,2005-03-18 13:00,13,6,0
8917,2005-03-18 14:00,14,6,0
8918,2005-03-18 15:00,15,6,0
8919,2005-03-18 16:00,16,6,0
8920,2005-03-18 17:00,17,6,0
8921,2005-03-18 18:00,18,6,0
8922,2005-03-18 19:00,19,6,0
8923,2005-03-18 20:00,20,6,0
8924,2005-03-18 21:00,21,6,0
8925,2005-03-18 22:00,22,6,0
8926,2005-03-18 23:00,23,6,0
8927,2005-03-19 00:00,0,7,1
8928,2005-03-19 01:00,1,7,1
8929,2005-03-19 02:00,2,7,1
8930,2005-03-19 03:00,3,7,1
8931,2005-03-19 04:00,4,7,1
8932,2005-03-19 05:00,5,7,1
8933,2005-03-19 06:00,6,7,1
8934,2005-03-19 07:00,7,7,1
8935,2005-03-19 08:00,8,7,1
8936,2005-03-19 09:00,9,7,1
8937,2005-03-19 10:00,10,7,1
8938,2005-03-19 11:00,11,7,1
8939,2005-03-19 12:00,12,7,1
8940,2005-03-19 13:00,13,7,1
8941,2005-03-19 14:00,14,7,1
8942,2005-03-19 15:00,15,7,1
8943,2005-03-19 16:00,16,7,1
8944,2005-03-19 17:00,17,7,1
8945,2005-03-19 18:00,18,7,1
8946,2005-03-19 19:00,19,7,1
8947,2005-03-19 20:00,20,7,1
8948,2005-03-19 21:00,21,7,1
8949,2005-03-19 22:00,22,7,1
8950,2005-03-19 23:00,23,7,1
8951,2005-03-20 00:00,0,1,1
8952,2005-03-20 01:00,1,1,1
8953,2005-03-20 02:00,2,1,1
8954,2005-03-20 03:00,3,1,1
8955,2005-03-20 04:00,4,1,1
8956,2005-03-20 05:00,5,1,1
8957,2005-03-20 06:00,6,1,1
8958,2005-03-20 07:00,7,1,1
8959,2005-03-20 08:00,8,1,1
8960,2005-03-20 09:00,9,1,1
8961,2005-03-20 10:00,10,1,1
8962,2005-03-20 11:00,11,1,1
8963,2005-03-20 12:00,12,1,1
8964,2005-03-20 13:00,13,1,1
8965,2005-03-20 14:00,14,1,1
8966,2005-03-20 15:00,15,1,1
8967,2005-03-20 16:00,16,1,1
8968,2005-03-20 17:00,17,1,1
8969,2005-03-20 18:00,18,1,1
8970,2005-03-20 19:00,19,1,1
8971,2005-03-20 20:00,20,1,1
8972,2005-03-20 21:00,21,1,1
8973,2005-03-20 22:00,22,1,1
8974,2005-03-20 23:00,23,1,1
8975,2005-03-21 00:00,0,2,0
8976,2005-03-21 01:00,1,2,0
8977,2005-03-21 02:00,2,2,0
8978,2005-03-21 03:00,3,2,0
8979,2005-03-21 04:00,4,2,0
8980,2005-03-21 05:00,5,2,0
8981,2005-03-21 06:00,6,2,0
8982,2005-03-21 07:00,7,2,0
8983,2005-03-21 08:00,8,2,0
8984,2005-03-21 09:00,9,2,0
8985,2005-03-21 10:00,10,2,0
8986,2005-03-21 11:00,11,2,0
8987,2005-03-21 12:00,12,2,0
8988,2005-03-21 13:00,13,2,0
8989,2005-03-21 14:00,14,2,0
8990,2005-03-21 15:00,15,2,0
8991,2005-03-21 16:00,16,2,0
8992,2005-03-21 17:00,17,2,0
8993,2005-03-21 18:00,18,2,0
8994,2005-03-21 19:00,19,2,0
8995,2005-03-21 20:00,20,2,0
8996,2005-03-21 21:00,21,2,0
8997,2005-03-21 22:00,22,2,0
8998,2005-03-21 23:00,23,2,0
8999,2005-03-22 00:00,0,3,0
9000,2005-03-22 01:00,1,3,0
9001,2005-03-22 02:00,2,3,0
9002,2005-03-22 03:00,3,3,0
9003,2005-03-22 04:00,4,3,0
9004,2005-03-22 05:00,5,3,0
9005,2005-03-22 06:00,6,3,0
9006,2005-03-22 07:00,7,3,0
9007,2005-03-22 08:00,8,3,0
9008,2005-03-22 09:00,9,3,0
9009,2005-03-22 10:00,10,3,0
9010,2005-03-22 11:00,11,3,0
9011,2005-03-22 12:00,12,3,0
9012,2005-03-22 13:00,13,3,0
9013,2005-03-22 14:00,14,3,0
9014,2005-03-22 15:00,15,3,0
9015,2005-03-22 16:00,16,3,0
9016,2005-03-22 17:00,17,3,0
9017,2005-03-22 18:00,18,3,0
9018,2005-03-22 19:00,19,3,0
9019,2005-03-22 20:00,20,3,0
9020,2005-03-22 21:00,21,3,0
9021,2005-03-22 22:00,22,3,0
9022,2005-03-22 23:00,23,3,0
9023,2005-03-23 00:00,0,4,0
9024,2005-03-23 01:00,1,4,0
9025,2005-03-23 02:00,2,4,0
9026,2005-03-23 03:00,3,4,0
9027,2005-03-23 04:00,4,4,0
9028,2005-03-23 05:00,5,4,0
9029,2005-03-23 06:00,6,4,0
9030,2005-03-23 07:00,7,4,0
9031,2005-03-23 08:00,8,4,0
9032,2005-03-23 09:00,9,4,0
9033,2005-03-23 10:00,10,4,0
9034,2005-03-23 11:00,11,4,0
9035,2005-03-23 12:00,12,4,0
9036,2005-03-23 13:00,13,4,0
9037,2005-03-23 14:00,14,4,0
9038,2005-03-23 15:00,15,4,0
9039,2005-03-23 16:00,16,4,0
9040,2005-03-23 17:00,17,4,0
9041,2005-03-23 18:00,18,4,0
9042,2005-03-23 19:00,19,4,0
9043,2005-03-23 20:00,20,4,0
9044,2005-03-23 21:00,21,4,0
9045,2005-03-23 22:00,22,4,0
9046,2005-03-23 23:00,23,4,0
9047,2005-03-24 00:00,0,5,0
9048,2005-03-24 01:00,1,5,0
9049,2005-03-24 02:00,2,5,0
9050,2005-03-24 03:00,3,5,0
9051,2005-03-24 04:00,4,5,0
9052,2005-03-24 05:00,5,5,0
9053,2005-03-24 06:00,6,5,0
9054,2005-03-24 07:00,7,5,0
9055,2005-03-24 08:00,8,5,0
9056,2005-03-24 09:00,9,5,0
9057,2005-03-24 10:00,10,5,0
9058,2005-03-24 11:00,11,5,0
9059,2005-03-24 12:00,12,5,0
9060,2005-03-24 13:00,13,5,0
9061,2005-03-24 14:00,14,5,0
9062,2005-03-24 15:00,15,5,0
9063,2005-03-24 16:00,16,5,0
9064,2005-03-24 17:00,17,5,0
9065,2005-03-24 18:00,18,5,0
9066,2005-03-24 19:00,19,5,0
9067,2005-03-24 20:00,20,5,0
9068,2005-03-24 21:00,21,5,0
9069,2005-03-24 22:00,22,5,0
9070,2005-03-24 23:00,23,5,0
9071,2005-03-25 00:00,0,6,0
9072,2005-03-25 01:00,1,6,0
9073,2005-03-25 02:00,2,6,0
9074,2005-03-25 03:00,3,6,0
9075,2005-03-25 04:00,4,6,0
9076,2005-03-25 05:00,5,6,0
9077,2005-03-25 06:00,6,6,0
9078,2005-03-25 07:00,7,6,0
9079,2005-03-25 08:00,8,6,0
9080,2005-03-25 09:00,9,6,0
9081,2005-03-25 10:00,10,6,0
9082,2005-03-25 11:00,11,6,0
9083,2005-03-25 12:00,12,6,0
9084,2005-03-25 13:00,13,6,0
9085,2005-03-25 14:00,14,6,0
9086,2005-03-25 15:00,15,6,0
9087,2005-03-25 16:00,16,6,0
9088,2005-03-25 17:00,17,6,0
9089,2005-03-25 18:00,18,6,0
9090,2005-03-25 19:00,19,6,0
9091,2005-03-25 20:00,20,6,0
9092,2005-03-25 21:00,21,6,0
9093,2005-03-25 22:00,22,6,0
9094,2005-03-25 23:00,23,6,0
9095,2005-03-26 00:00,0,7,1
9096,2005-03-26 01:00,1,7,1
9097,2005-03-26 02:00,2,7,1
9098,2005-03-26 03:00,3,7,1
9099,2005-03-26 04:00,4,7,1
9100,2005-03-26 05:00,5,7,1
9101,2005-03-26 06:00,6,7,1
9102,2005-03-26 07:00,7,7,1
9103,2005-03-26 08:00,8,7,1
9104,2005-03-26 09:00,9,7,1
9105,2005-03-26 10:00,10,7,1
9106,2005-03-26 11:00,11,7,1
9107,2005-03-26 12:00,12,7,1
9108,2005-03-26 13:00,13,7,1
9109,2005-03-26 14:00,14,7,1
9110,2005-03-26 15:00,15,7,1
9111,2005-03-26 16:00,16,7,1
9112,2005-03-26 17:00,17,7,1
9113,2005-03-26 18:00,18,7,1
9114,2005-03-26 19:00,19,7,1
9115,2005-03-26 20:00,20,7,1
9116,2005-03-26 21:00,21,7,1
9117,2005-03-26 22:00,22,7,1
9118,2005-03-26 23:00,23,7,1
9119,2005-03-27 00:00,0,1,1
9120,2005-03-27 01:00,1,1,1
9121,2005-03-27 02:00,2,1,1
9122,2005-03-27 03:00,3,1,1
9123,2005-03-27 04:00,4,1,1
9124,2005-03-27 05:00,5,1,1
9125,2005-03-27 06:00,6,1,1
9126,2005-03-27 07:00,7,1,1
9127,2005-03-27 08:00,8,1,1
9128,2005-03-27 09:00,9,1,1
9129,2005-03-27 10:00,10,1,1
9130,2005-03-27 11:00,11,1,1
9131,2005-03-27 12:00,12,1,1
9132,2005-03-27 13:00,13,1,1
9133,2005-03-27 14:00,14,1,1
9134,2005-03-27 15:00,15,1,1
9135,2005-03-27 16:00,16,1,1
9136,2005-03-27 17:00,17,1,1
9137,2005-03-27 18:00,18,1,1
9138,2005-03-27 19:00,19,1,1
9139,2005-03-27 20:00,20,1,1
9140,2005-03-27 21:00,21,1,1
9141,2005-03-27 22:00,22,1,1
9142,2005-03-27 23:00,23,1,1
9143,2005-03-28 00:00,0,2,0
9144,2005-03-28 01:00,1,2,0
9145,2005-03-28 02:00,2,2,0
9146,2005-03-28 03:00,3,2,0
9147,2005-03-28 04:00,4,2,0
9148,2005-03-28 05:00,5,2,0
9149,2005-03-28 06:00,6,2,0
9150,2005-03-28 07:00,7,2,0
9151,2005-03-28 08:00,8,2,0
9152,2005-03-28 09:00,9,2,0
9153,2005-03-28 10:00,10,2,0
9154,2005-03-28 11:00,11,2,0
9155,2005-03-28 12:00,12,2,0
9156,2005-03-28 13:00,13,2,0
9157,2005-03-28 14:00,14,2,0
9158,2005-03-28 15:00,15,2,0
9159,2005-03-28 16:00,16,2,0
9160,2005-03-28 17:00,17,2,0
9161,2005-03-28 18:00,18,2,0
9162,2005-03-28 19:00,19,2,0
9163,2005-03-28 20:00,20,2,0
9164,2005-03-28 21:00,21,2,0
9165,2005-03-28 22:00,22,2,0
9166,2005-03-28 23:00,23,2,0
9167,2005-03-29 00:00,0,3,0
9168,2005-03-29 01:00,1,3,0
9169,2005-03-29 02:00,2,3,0
9170,2005-03-29 03:00,3,3,0
9171,2005-03-29 04:00,4,3,0
9172,2005-03-29 05:00,5,3,0
9173,2005-03-29 06:00,6,3,0
9174,2005-03-29 07:00,7,3,0
9175,2005-03-29 08:00,8,3,0
9176,2005-03-29 09:00,9,3,0
9177,2005-03-29 10:00,10,3,0
9178,2005-03-29 11:00,11,3,0
9179,2005-03-29 12:00,12,3,0
9180,2005-03-29 13:00,13,3,0
9181,2005-03-29 14:00,14,3,0
9182,2005-03-29 15:00,15,3,0
9183,2005-03-29 16:00,16,3,0
9184,2005-03-29 17:00,17,3,0
9185,2005-03-29 18:00,18,3,0
9186,2005-03-29 19:00,19,3,0
9187,2005-03-29 20:00,20,3,0
9188,2005-03-29 21:00,21,3,0
9189,2005-03-29 22:00,22,3,0
9190,2005-03-29 23:00,23,3,0
9191,2005-03-30 00:00,0,4,0
9192,2005-03-30 01:00,1,4,0
9193,2005-03-30 02:00,2,4,0
9194,2005-03-30 03:00,3,4,0
9195,2005-03-30 04:00,4,4,0
9196,2005-03-30 05:00,5,4,0
9197,2005-03-30 06:00,6,4,0
9198,2005-03-30 07:00,7,4,0
9199,2005-03-30 08:00,8,4,0
9200,2005-03-30 09:00,9,4,0
9201,2005-03-30 10:00,10,4,0
9202,2005-03-30 11:00,11,4,0
9203,2005-03-30 12:00,12,4,0
9204,2005-03-30 13:00,13,4,0
9205,2005-03-30 14:00,14,4,0
9206,2005-03-30 15:00,15,4,0
9207,2005-03-30 16:00,16,4,0
9208,2005-03-30 17:00,17,4,0
9209,2005-03-30 18:00,18,4,0
9210,2005-03-30 19:00,19,4,0
9211,2005-03-30 20:00,20,4,0
9212,2005-03-30 21:00,21,4,0
9213,2005-03-30 22:00,22,4,0
9214,2005-03-30 23:00,23,4,0
9215,2005-03-31 00:00,0,5,0
9216,2005-03-31 01:00,1,5,0
9217,2005-03-31 02:00,2,5,0
9218,2005-03-31 03:00,3,5,0
9219,2005-03-31 04:00,4,5,0
9220,2005-03-31 05:00,5,5,0
9221,2005-03-31 06:00,6,5,0
9222,2005-03-31 07:00,7,5,0
9223,2005-03-31 08:00,8,5,0
9224,2005-03-31 09:00,9,5,0
9225,2005-03-31 10:00,10,5,0
9226,2005-03-31 11:00,11,5,0
9227,2005-03-31 12:00,12,5,0
9228,2005-03-31 13:00,13,5,0
9229,2005-03-31 14:00,14,5,0
9230,2005-03-31 15:00,15,5,0
9231,2005-03-31 16:00,16,5,0
9232,2005-03-31 17:00,17,5,0
9233,2005-03-31 18:00,18,5,0
9234,2005-03-31 19:00,19,5,0
9235,2005-03-31 20:00,20,5,0
9236,2005-03-31 21:00,21,5,0
9237,2005-03-31 22:00,22,5,0
9238,2005-03-31 23:00,23,5,0
9239,2005-04-01 00:00,0,6,0
9240,2005-04-01 01:00,1,6,0
9241,2005-04-01 02:00,2,6,0
9242,2005-04-01 03:00,3,6,0
9243,2005-04-01 04:00,4,6,0
9244,2005-04-01 05:00,5,6,0
9245,2005-04-01 06:00,6,6,0
9246,2005-04-01 07:00,7,6,0
9247,2005-04-01 08:00,8,6,0
9248,2005-04-01 09:00,9,6,0
9249,2005-04-01 10:00,10,6,0
9250,2005-04-01 11:00,11,6,0
9251,2005-04-01 12:00,12,6,0
9252,2005-04-01 13:00,13,6,0
9253,2005-04-01 14:00,14,6,0
9254,2005-04-01 15:00,15,6,0
9255,2005-04-01 16:00,16,6,0
9256,2005-04-01 17:00,17,6,0
9257,2005-04-01 18:00,18,6,0
9258,2005-04-01 19:00,19,6,0
9259,2005-04-01 20:00,20,6,0
9260,2005-04-01 21:00,21,6,0
9261,2005-04-01 22:00,22,6,0
9262,2005-04-01 23:00,23,6,0
9263,2005-04-02 00:00,0,7,1
9264,2005-04-02 01:00,1,7,1
9265,2005-04-02 02:00,2,7,1
9266,2005-04-02 03:00,3,7,1
9267,2005-04-02 04:00,4,7,1
9268,2005-04-02 05:00,5,7,1
9269,2005-04-02 06:00,6,7,1
9270,2005-04-02 07:00,7,7,1
9271,2005-04-02 08:00,8,7,1
9272,2005-04-02 09:00,9,7,1
9273,2005-04-02 10:00,10,7,1
9274,2005-04-02 11:00,11,7,1
9275,2005-04-02 12:00,12,7,1
9276,2005-04-02 13:00,13,7,1
9277,2005-04-02 14:00,14,7,1
9278,2005-04-02 15:00,15,7,1
9279,2005-04-02 16:00,16,7,1
9280,2005-04-02 17:00,17,7,1
9281,2005-04-02 18:00,18,7,1
9282,2005-04-02 19:00,19,7,1
9283,2005-04-02 20:00,20,7,1
9284,2005-04-02 21:00,21,7,1
9285,2005-04-02 22:00,22,7,1
9286,2005-04-02 23:00,23,7,1
9287,2005-04-03 00:00,0,1,1
9288,2005-04-03 01:00,1,1,1
9289,2005-04-03 02:00,2,1,1
9290,2005-04-03 03:00,3,1,1
9291,2005-04-03 04:00,4,1,1
9292,2005-04-03 05:00,5,1,1
9293,2005-04-03 06:00,6,1,1
9294,2005-04-03 07:00,7,1,1
9295,2005-04-03 08:00,8,1,1
9296,2005-04-03 09:00,9,1,1
9297,2005-04-03 10:00,10,1,1
9298,2005-04-03 11:00,11,1,1
9299,2005-04-03 12:00,12,1,1
9300,2005-04-03 13:00,13,1,1
9301,2005-04-03 14:00,14,1,1
9302,2005-04-03 15:00,15,1,1
9303,2005-04-03 16:00,16,1,1
9304,2005-04-03 17:00,17,1,1
9305,2005-04-03 18:00,18,1,1
9306,2005-04-03 19:00,19,1,1
9307,2005-04-03 20:00,20,1,1
9308,2005-04-03 21:00,21,1,1
9309,2005-04-03 22:00,22,1,1
9310,2005-04-03 23:00,23,1,1
9311,2005-04-04 00:00,0,2,0
9312,2005-04-04 01:00,1,2,0
9313,2005-04-04 02:00,2,2,0
9314,2005-04-04 03:00,3,2,0
9315,2005-04-04 04:00,4,2,0
9316,2005-04-04 05:00,5,2,0
9317,2005-04-04 06:00,6,2,0
9318,2005-04-04 07:00,7,2,0
9319,2005-04-04 08:00,8,2,0
9320,2005-04-04 09:00,9,2,0
9321,2005-04-04 10:00,10,2,0
9322,2005-04-04 11:00,11,2,0
9323,2005-04-04 12:00,12,2,0
9324,2005-04-04 13:00,13,2,0
9325,2005-04-04 14:00,14,2,0
